{
    "seed": 48,
    "ports": 4,
    "scenarios": 28,
    "obj": 922.9222185880185,
    "time": 6537.795124053955,
    "gap": 0.0,
    "mean_load_per_port": [
        518.8128669261932,
        48.65671252753693,
        21.3806482375351
    ],
    "mean_teu_load_per_port": [
        713.2729036808014,
        2146.6106551503835,
        25397.771601727898
    ],
    "mean_load_per_location": [
        [
            [
                [
                    0.0,
                    43.17008024454117,
                    0.0,
                    0.0
                ],
                [
                    0.0,
                    33.792099952697754,
                    0.0,
                    0.0
                ]
            ],
            [
                [
                    0.0,
                    0.0,
                    24.395122528076172,
                    0.0
                ],
                [
                    0.0,
                    0.0,
                    28.345914006233215,
                    0.0
                ]
            ],
            [
                [
                    0.0,
                    0.0,
                    0.0,
                    37.933738708496094
                ],
                [
                    0.0,
                    0.0,
                    0.0,
                    3.455549478530884
                ]
            ],
            [
                [
                    0.0,
                    0.0,
                    0.0,
                    25.03500747680664
                ],
                [
                    0.0,
                    0.0,
                    0.0,
                    31.694081644994732
                ]
            ],
            [
                [
                    0.0,
                    0.0,
                    0.0,
                    5.587641716003418
                ],
                [
                    0.0,
                    0.0,
                    0.0,
                    25.0
                ]
            ],
            [
                [
                    0.0,
                    0.0,
                    0.0,
                    1.0
                ],
                [
                    0.0,
                    0.0,
                    0.0,
                    13.732220649719238
                ]
            ],
            [
                [
                    0.0,
                    0.0,
                    25.0,
                    0.0
                ],
                [
                    0.0,
                    0.0,
                    32.625436425209045,
                    0.0
                ]
            ],
            [
                [
                    0.0,
                    0.0,
                    0.0,
                    27.054047722833637
                ],
                [
                    0.0,
                    0.0,
                    0.0,
                    31.28870964050293
                ]
            ],
            [
                [
                    0.0,
                    34.09867477416992,
                    0.0,
                    0.0
                ],
                [
                    0.0,
                    18.110268771648407,
                    0.0,
                    0.0
                ]
            ],
            [
                [
                    0.0,
                    32.533278465270996,
                    0.0,
                    0.0
                ],
                [
                    0.0,
                    44.960994720458984,
                    0.0,
                    0.0
                ]
            ]
        ],
        [
            [
                [
                    0.0,
                    0.0,
                    0.0,
                    4.861147136770572
                ],
                [
                    0.0,
                    0.0,
                    0.0,
                    0.07765278279851481
                ]
            ],
            [
                [
                    0.0,
                    0.0,
                    5.0,
                    0.1424369982310704
                ],
                [
                    0.0,
                    0.0,
                    0.38082718731466775,
                    0.0
                ]
            ],
            [
                [
                    0.0,
                    0.0,
                    0.0,
                    1.0
                ],
                [
                    0.0,
                    0.0,
                    0.2978339195251465,
                    1.0
                ]
            ],
            [
                [
                    0.0,
                    0.0,
                    0.06099197268486023,
                    5.930669885026677
                ],
                [
                    0.0,
                    0.0,
                    0.0,
                    0.0
                ]
            ],
            [
                [
                    0.0,
                    0.0,
                    3.0,
                    0.03120426967661191
                ],
                [
                    0.0,
                    0.0,
                    0.5239029957618551,
                    0.49057579040527344
                ]
            ],
            [
                [
                    0.0,
                    0.0,
                    1.0,
                    0.0
                ],
                [
                    0.0,
                    0.0,
                    10.309560173775727,
                    7.736396967590629
                ]
            ],
            [
                [
                    0.0,
                    0.0,
                    1.0,
                    0.0
                ],
                [
                    0.0,
                    0.0,
                    0.7929793085370745,
                    0.6050372474637385
                ]
            ],
            [
                [
                    0.0,
                    0.0,
                    0.03571428571428571,
                    1.0
                ],
                [
                    0.0,
                    0.0,
                    0.1877357235169726,
                    0.05499071120090101
                ]
            ],
            [
                [
                    0.0,
                    0.0,
                    1.0,
                    0.0
                ],
                [
                    0.0,
                    0.0,
                    0.3423457879137688,
                    0.27313082971614194
                ]
            ],
            [
                [
                    0.0,
                    0.0,
                    1.0,
                    0.06966118947380474
                ],
                [
                    0.0,
                    0.0,
                    0.14683871609824045,
                    0.30507864834039194
                ]
            ]
        ],
        [
            [
                [
                    0.0,
                    0.0,
                    0.0,
                    1.0209190421955159
                ],
                [
                    0.0,
                    0.0,
                    0.0,
                    0.49625853463841385
                ]
            ],
            [
                [
                    0.0,
                    0.0,
                    0.0,
                    0.0036801313631747877
                ],
                [
                    0.0,
                    0.0,
                    0.0,
                    0.5641758526109208
                ]
            ],
            [
                [
                    0.0,
                    0.0,
                    0.0,
                    1.0
                ],
                [
                    0.0,
                    0.0,
                    0.0,
                    0.6562666267964589
