{
    "seed": 57,
    "ports": 4,
    "scenarios": 28,
    "obj": 1110.0815176000483,
    "time": 6553.073678016663,
    "gap": 0.0,
    "mean_load_per_port": [
        585.3065657615662,
        50.976408493911606,
        21.91131685059402
    ],
    "mean_teu_load_per_port": [
        746.9781217575073,
        2284.233187330291,
        26156.011240405925
    ],
    "mean_load_per_location": [
        [
            [
                [
                    0.0,
                    0.0,
                    41.484832763671875,
                    0.0
                ],
                [
                    0.0,
                    0.0,
                    15.799959182739258,
                    0.0
                ]
            ],
            [
                [
                    0.0,
                    0.0,
                    0.0,
                    50.0
                ],
                [
                    0.0,
                    0.0,
                    0.0,
                    25.0
                ]
            ],
            [
                [
                    0.0,
                    0.0,
                    0.0,
                    19.01522648334503
                ],
                [
                    0.0,
                    0.0,
                    0.0,
                    37.33275556564331
                ]
            ],
            [
                [
                    0.0,
                    0.0,
                    0.0,
                    40.919620513916016
                ],
                [
                    0.0,
                    0.0,
                    0.0,
                    29.652737021446228
                ]
            ],
            [
                [
                    0.0,
                    45.470112800598145,
                    0.0,
                    0.0
                ],
                [
                    0.0,
                    30.284171104431152,
                    0.0,
                    0.0
                ]
            ],
            [
                [
                    0.0,
                    0.0,
                    0.0,
                    1.8922374248504639
                ],
                [
                    0.0,
                    0.0,
                    0.0,
                    27.19598650932312
                ]
            ],
            [
                [
                    0.0,
                    32.077741622924805,
                    0.0,
                    0.0
                ],
                [
                    0.0,
                    43.11748218536377,
                    0.0,
                    0.0
                ]
            ],
            [
                [
                    0.0,
                    3.321486473083496,
                    0.0,
                    0.0
                ],
                [
                    0.0,
                    1.3965625762939453,
                    0.0,
                    0.0
                ]
            ],
            [
                [
                    0.0,
                    0.0,
                    5.713947296142578,
                    0.0
                ],
                [
                    0.0,
                    0.0,
                    45.80647277832031,
                    0.0
                ]
            ],
            [
                [
                    0.0,
                    0.0,
                    48.71010780334473,
                    0.0
                ],
                [
                    0.0,
                    0.0,
                    41.11512565612793,
                    0.0
                ]
            ]
        ],
        [
            [
                [
                    0.0,
                    0.0,
                    5.352136007053389,
                    0.0
                ],
                [
                    0.0,
                    0.0,
                    0.03571428571428571,
                    0.13363501098670816
                ]
            ],
            [
                [
                    0.0,
                    0.0,
                    0.0,
                    10.165368556976318
                ],
                [
                    0.0,
                    0.0,
                    0.003175032345247658,
                    0.0
                ]
            ],
            [
                [
                    0.0,
                    0.0,
                    0.021571207929540363,
                    0.0
                ],
                [
                    0.0,
                    0.0,
                    0.18328562985250993,
                    0.17730605602264404
                ]
            ],
            [
                [
                    0.0,
                    0.0,
                    0.11168874193953011,
                    0.0
                ],
                [
                    0.0,
                    0.0,
                    0.03426713869263286,
                    0.40987318792900573
                ]
            ],
            [
                [
                    0.0,
                    0.0,
                    1.1828125885554723,
                    0.0
                ],
                [
                    0.0,
                    0.0,
                    1.8837241107251226,
                    1.3880011503830618
                ]
            ],
            [
                [
                    0.0,
                    0.0,
                    0.0,
                    4.046532392501831
                ],
                [
                    0.0,
                    0.0,
                    7.614078386263414,
                    9.496059057774483
                ]
            ],
            [
                [
                    0.0,
                    0.0,
                    0.0,
                    0.0
                ],
                [
                    0.0,
                    0.0,
                    0.13654218556044975,
                    0.42058280536106657
                ]
            ],
            [
                [
                    0.0,
                    0.0,
                    3.1230838298797607,
                    0.0
                ],
                [
                    0.0,
                    0.0,
                    0.07880885260445732,
                    0.024243295966804947
                ]
            ],
            [
                [
                    0.0,
                    0.0,
                    2.0894531863076344,
                    0.0
                ],
                [
                    0.0,
                    0.0,
                    0.5374315466199603,
                    0.1832035759310703
                ]
            ],
            [
                [
                    0.0,
                    0.0,
                    0.0,
                    0.0
                ],
                [
                    0.0,
                    0.0,
                    2.0357142857142856,
                    0.10811638832092285
                ]
            ]
        ],
        [
            [
                [
                    0.0,
                    0.0,
                    0.0,
                    2.123907826003668
                ],
                [
                    0.0,
                    0.0,
                    0.0,
                    0.40800406228825964
                ]
            ],
            [
                [
                    0.0,
                    0.0,
                    0.0,
                    0.0
                ],
                [
                    0.0,
                    0.0,
                    0.0,
                    0.5811758146260613
                ]
            ],
            [
                [
                    0.0,
                    0.0,
                    0.0,
                    0.017349422149743114
                ],
                [
                    0.0,
