{
    "seed": 52,
    "ports": 4,
    "scenarios": 24,
    "obj": 1280.0229208038184,
    "time": 1969.7332239151,
    "gap": 0.0,
    "mean_load_per_port": [
        733.7058610916138,
        89.00578101045248,
        21.740297172390726
    ],
    "mean_teu_load_per_port": [
        950.6275105476379,
        2878.36859371641,
        18922.850654661248
    ],
    "mean_load_per_location": [
        [
            [
                [
                    0.0,
                    13.551557302474976,
                    0.0,
                    0.0
                ],
                [
                    0.0,
                    50.0,
                    0.0,
                    0.0
                ]
            ],
            [
                [
                    0.0,
                    49.541725158691406,
                    0.0,
                    0.0
                ],
                [
                    0.0,
                    26.322359085083008,
                    0.0,
                    0.0
                ]
            ],
            [
                [
                    0.0,
                    0.0,
                    0.0,
                    50.0
                ],
                [
                    0.0,
                    0.0,
                    0.0,
                    25.0
                ]
            ],
            [
                [
                    0.0,
                    0.0,
                    39.65896129608154,
                    0.0
                ],
                [
                    0.0,
                    0.0,
                    38.82918728481641,
                    0.0
                ]
            ],
            [
                [
                    0.0,
                    0.0,
                    43.37623649293725,
                    0.0
                ],
                [
                    0.0,
                    0.0,
                    50.0,
                    0.0
                ]
            ],
            [
                [
                    0.0,
                    0.0,
                    25.624794960021973,
                    0.0
                ],
                [
                    0.0,
                    0.0,
                    42.07872719114478,
                    0.0
                ]
            ],
            [
                [
                    0.0,
                    0.0,
                    37.35002242435107,
                    0.0
                ],
                [
                    0.0,
                    0.0,
                    25.0,
                    0.0
                ]
            ],
            [
                [
                    0.0,
                    0.0,
                    0.0,
                    25.0
                ],
                [
                    0.0,
                    0.0,
                    0.0,
                    27.57604694366455
                ]
            ],
            [
                [
                    0.0,
                    29.94000005722046,
                    0.0,
                    0.0
                ],
                [
                    0.0,
                    40.54630970954895,
                    0.0,
                    0.0
                ]
            ],
            [
                [
                    0.0,
                    0.0,
                    0.0,
                    44.30993318557739
                ],
                [
                    0.0,
                    0.0,
                    0.0,
                    50.0
                ]
            ]
        ],
        [
            [
                [
                    0.0,
                    0.0,
                    0.0,
                    7.0
                ],
                [
                    0.0,
                    0.0,
                    0.08557179949841427,
                    0.0015867581554580002
                ]
            ],
            [
                [
                    0.0,
                    0.0,
                    7.952073574066162,
                    0.0
                ],
                [
                    0.0,
                    0.0,
                    5.13754058320715,
                    0.6461692635336362
                ]
            ],
            [
                [
                    0.0,
                    0.0,
                    7.433059215545654,
                    0.0
                ],
                [
                    0.0,
                    0.0,
                    0.9062904758297542,
                    0.10552520553270976
                ]
            ],
            [
                [
                    0.0,
                    0.0,
                    1.0,
                    0.0
                ],
                [
                    0.0,
                    0.0,
                    1.0734679992026679,
                    0.19784499659682733
                ]
            ],
            [
                [
                    0.0,
                    0.0,
                    0.0,
                    3.0254591027895543
                ],
                [
                    0.0,
                    0.0,
                    1.1480781733989716,
                    6.99657757343422
                ]
            ],
            [
                [
                    0.0,
                    0.0,
                    6.544044333568963,
                    6.669508161844884
                ],
                [
                    0.0,
                    0.0,
                    5.165923138459523,
                    8.597727482879145
                ]
            ],
            [
                [
                    0.0,
                    0.0,
                    0.09067067503929138,
                    0.8151500225067139
                ],
                [
                    0.0,
                    0.0,
                    4.371588796512306,
                    0.6095291376113892
                ]
            ],
            [
                [
                    0.0,
                    0.0,
                    3.180531678660925,
                    2.20503177245458
                ],
                [
                    0.0,
                    0.0,
                    0.5880814790725708,
                    0.23161723713080087
                ]
            ],
            [
                [
                    0.0,
                    0.0,
                    1.3821323315302532,
                    0.041666666666666664
                ],
                [
                    0.0,
                    0.0,
                    0.3089497364670281,
                    0.2740933298762373
                ]
            ],
            [
                [
                    0.0,
                    0.0,
                    0.9350270006528324,
                    0.0
                ],
                [
                    0.0,
                    0.0,
                    1.0463476531280569,
                    3.2389156555991367
                ]
            ]
        ],
        [
            [
                [
                    0.0,
                    0.0,
                    0.0,
                    2.0488590760075183
                ],
                [
                    0.0,
                    0.0,
                    0.0,
                    0.7512744426979309
                ]
            ],
            [
                [
                    0.0,
                    0.0,
                    0.0,
                    2.0229380847936294
                ],
                [
                    0.0,
                    0.0,
                    0.0,
                    0.7630645550943346
                ]
            ],
            [
                [
                    0.0,
                    0.0,
                    0.0,
                    0.6765726675821552
                ],
                [
                    0.0,
