{
    "Objective": {
        "n": 30,
        "mean": 21307.540314456077,
        "std": 2407.064073090824,
        "95% CI": [
            20446.18349819723,
            22168.897130714922
        ],
        "min": 16513.45547763653,
        "max": 26390.012050021905
    },
    "Time": {
        "n": 30,
        "mean": 49.51734762191772,
        "std": 1.2603189400473,
        "95% CI": [
            49.06634828134931,
            49.96834696248613
        ],
        "min": 47.50942516326904,
        "max": 52.24274396896362
    },
    "Load": {
        "n": 30,
        "mean": 13421.516860976668,
        "std": 1629.4403642959342,
        "95% CI": [
            12838.42911513558,
            14004.604606817757
        ],
        "min": 10528.673730450731,
        "max": 16881.215119303677
    },
    "Demand": {
        "n": 30,
        "mean": 23760.979667583022,
        "std": 1465.8846578116168,
        "95% CI": [
            23236.419579644036,
            24285.539755522008
        ],
        "min": 20783.058821691615,
        "max": 27116.78762615451
    },
    "Revenue": {
        "n": 30,
        "mean": 22077.892373075763,
        "std": 2551.962447225476,
        "95% CI": [
            21164.684339551462,
            22991.100406600064
        ],
        "min": 17073.024782296456,
        "max": 26806.40191329266
    },
    "Cost": {
        "n": 30,
        "mean": 0.0,
        "std": 0.0,
        "95% CI": [
            0.0,
            0.0
        ],
        "min": 0.0,
        "max": 0.0
    }
}