{
    "Objective": {
        "n": 30,
        "mean": 20945.451371236202,
        "std": 2354.085112843182,
        "95% CI": [
            20103.052832423215,
            21787.84991004919
        ],
        "min": 16295.798461977101,
        "max": 25942.793054001726
    },
    "Time": {
        "n": 30,
        "mean": 309.4086922804515,
        "std": 2.3392695915254924,
        "95% CI": [
            308.5715954078534,
            310.24578915304954
        ],
        "min": 305.3798761367798,
        "max": 315.1554729938507
    },
    "Load": {
        "n": 30,
        "mean": 12984.47142805491,
        "std": 1561.8413632300076,
        "95% CI": [
            12425.573674076257,
            13543.369182033564
        ],
        "min": 10108.06517002704,
        "max": 16823.627422014048
    },
    "Demand": {
        "n": 30,
        "mean": 23797.392740395135,
        "std": 1440.4744079213829,
        "95% CI": [
            23281.925593599874,
            24312.859887190396
        ],
        "min": 20964.664002498263,
        "max": 27251.56373112707
    },
    "Revenue": {
        "n": 30,
        "mean": 21521.31912882695,
        "std": 2456.785347467176,
        "95% CI": [
            20642.16978303974,
            22400.468474614165
        ],
        "min": 16993.933323822792,
        "max": 26550.69753034138
    },
    "Cost": {
        "n": 30,
        "mean": 0.0,
        "std": 0.0,
        "95% CI": [
            0.0,
            0.0
        ],
        "min": 0.0,
        "max": 0.0
    }
}