{
    "Objective": {
        "n": 30,
        "mean": 22112.039786250447,
        "std": 2356.635906290843,
        "95% CI": [
            21268.728457725058,
            22955.351114775836
        ],
        "min": 17824.033752724652,
        "max": 27016.93483770647
    },
    "Time": {
        "n": 30,
        "mean": 7.998133373260498,
        "std": 0.30943083518131387,
        "95% CI": [
            7.887404970961739,
            8.108861775559259
        ],
        "min": 7.564033031463623,
        "max": 8.611583948135376
    },
    "Load": {
        "n": 30,
        "mean": 14077.038230412523,
        "std": 1648.6321391685308,
        "95% CI": [
            13487.082796134131,
            14666.993664690915
        ],
        "min": 11189.927679837429,
        "max": 17385.589802152805
    },
    "Demand": {
        "n": 30,
        "mean": 23804.060544867185,
        "std": 1517.143739322402,
        "95% CI": [
            23261.157630184167,
            24346.963459550203
        ],
        "min": 20546.400913004298,
        "max": 27126.241363903508
    },
    "Revenue": {
        "n": 30,
        "mean": 22910.194727611695,
        "std": 2537.426196161734,
        "95% CI": [
            22002.188424725387,
            23818.201030498003
        ],
        "min": 18099.350796439696,
        "max": 28249.497804029128
    },
    "Cost": {
        "n": 30,
        "mean": 0.0,
        "std": 0.0,
        "95% CI": [
            0.0,
            0.0
        ],
        "min": 0.0,
        "max": 0.0
    }
}