{
    "Objective": {
        "n": 30,
        "mean": 0.0,
        "std": 0.0,
        "95% CI": [
            0.0,
            0.0
        ],
        "min": 0.0,
        "max": 0.0
    },
    "Time": {
        "n": 30,
        "mean": 3654.3811539649964,
        "std": 0.6108360393116702,
        "95% CI": [
            3654.1625690955866,
            3654.5997388344063
        ],
        "min": 3653.407556772232,
        "max": 3656.4134669303894
    },
    "Load": {
        "n": 30,
        "mean": 0.0,
        "std": 0.0,
        "95% CI": [
            0.0,
            0.0
        ],
        "min": 0.0,
        "max": 0.0
    },
    "Demand": {
        "n": 30,
        "mean": 23733.023478754865,
        "std": 1427.5418669141259,
        "95% CI": [
            23222.184182324156,
            24243.862775185575
        ],
        "min": 20847.692188401474,
        "max": 27075.587798568624
    },
    "Revenue": {
        "n": 30,
        "mean": 0.0,
        "std": 0.0,
        "95% CI": [
            0.0,
            0.0
        ],
        "min": 0.0,
        "max": 0.0
    },
    "Cost": {
        "n": 30,
        "mean": 0.0,
        "std": 0.0,
        "95% CI": [
            0.0,
            0.0
        ],
        "min": 0.0,
        "max": 0.0
    }
}