{
    "Objective": {
        "n": 30,
        "mean": 20647.217722252462,
        "std": 2341.1659482160194,
        "95% CI": [
            19809.442247127885,
            21484.99319737704
        ],
        "min": 15727.89695468652,
        "max": 25687.801120779302
    },
    "Time": {
        "n": 30,
        "mean": 1576.7653847614924,
        "std": 3.8899420781152956,
        "95% CI": [
            1575.373386866092,
            1578.1573826568929
        ],
        "min": 1571.314080953598,
        "max": 1585.0893728733063
    },
    "Load": {
        "n": 30,
        "mean": 12601.005609872813,
        "std": 1464.4679678370353,
        "95% CI": [
            12076.952477930457,
            13125.058741815168
        ],
        "min": 9787.085501808464,
        "max": 15883.420149483783
    },
    "Demand": {
        "n": 30,
        "mean": 23740.273588121327,
        "std": 1399.3154714059676,
        "95% CI": [
            23239.53497760138,
            24241.012198641274
        ],
        "min": 20753.469044490306,
        "max": 26920.058775803223
    },
    "Revenue": {
        "n": 30,
        "mean": 21020.51638913604,
        "std": 2370.0347848249953,
        "95% CI": [
            20172.41033350528,
            21868.6224447668
        ],
        "min": 16110.528232807932,
        "max": 26311.18507716409
    },
    "Cost": {
        "n": 30,
        "mean": 0.0,
        "std": 0.0,
        "95% CI": [
            0.0,
            0.0
        ],
        "min": 0.0,
        "max": 0.0
    }
}