{
    "Objective": {
        "n": 30,
        "mean": 24276.163074766348,
        "std": 2413.3913468143287,
        "95% CI": [
            23412.5420726842,
            25139.784076848497
        ],
        "min": 20914.660581883025,
        "max": 29732.524221834654
    },
    "Time": {
        "n": 30,
        "mean": 1.4819317897160849,
        "std": 0.0750186803117462,
        "95% CI": [
            1.4550866997346237,
            1.508776879697546
        ],
        "min": 1.3778660297393799,
        "max": 1.6674001216888428
    },
    "Load": {
        "n": 30,
        "mean": 15912.693982491273,
        "std": 1557.6551928029292,
        "95% CI": [
            15355.294230361302,
            16470.093734621245
        ],
        "min": 13368.517670763085,
        "max": 19385.701933486103
    },
    "Demand": {
        "n": 30,
        "mean": 23869.976956385406,
        "std": 1666.1708187113256,
        "95% CI": [
            23273.745386236245,
            24466.208526534567
        ],
        "min": 20206.87272632122,
        "max": 27392.23608380556
    },
    "Revenue": {
        "n": 30,
        "mean": 25065.689528268562,
        "std": 2355.732649034098,
        "95% CI": [
            24222.701426201344,
            25908.67763033578
        ],
        "min": 21333.56515140459,
        "max": 30048.014404800644
    },
    "Cost": {
        "n": 30,
        "mean": 0.0,
        "std": 0.0,
        "95% CI": [
            0.0,
            0.0
        ],
        "min": 0.0,
        "max": 0.0
    }
}