{
    "seed": 43,
    "ports": 4,
    "scenarios": 28,
    "obj": 1227.032346335432,
    "time": 6565.791769981384,
    "gap": 0.0,
    "mean_load_per_port": [
        634.4846377372742,
        62.2610220102171,
        21.41617100223484
    ],
    "mean_teu_load_per_port": [
        824.3422861099243,
        2710.492733815148,
        25271.06954246744
    ],
    "mean_load_per_location": [
        [
            [
                [
                    0.0,
                    0.0,
                    29.1385458111763,
                    0.0
                ],
                [
                    0.0,
                    0.0,
                    23.177248001098633,
                    0.0
                ]
            ],
            [
                [
                    0.0,
                    0.0,
                    0.0,
                    33.62115943431854
                ],
                [
                    0.0,
                    0.0,
                    0.0,
                    50.0
                ]
            ],
            [
                [
                    0.0,
                    0.0,
                    0.0,
                    25.0
                ],
                [
                    0.0,
                    0.0,
                    0.0,
                    50.0
                ]
            ],
            [
                [
                    0.0,
                    0.0,
                    0.0,
                    29.862735271453857
                ],
                [
                    0.0,
                    0.0,
                    0.0,
                    32.06303358078003
                ]
            ],
            [
                [
                    0.0,
                    0.0,
                    25.0,
                    0.0
                ],
                [
                    0.0,
                    0.0,
                    50.0,
                    0.0
                ]
            ],
            [
                [
                    0.0,
                    0.0,
                    30.631042301654816,
                    0.0
                ],
                [
                    0.0,
                    0.0,
                    0.0,
                    0.0
                ]
            ],
            [
                [
                    0.0,
                    27.218345522880554,
                    0.0,
                    0.0
                ],
                [
                    0.0,
                    9.96368145942688,
                    0.0,
                    0.0
                ]
            ],
            [
                [
                    0.0,
                    0.0,
                    33.462127685546875,
                    0.0
                ],
                [
                    0.0,
                    0.0,
                    26.72555923461914,
                    0.0
                ]
            ],
            [
                [
                    0.0,
                    0.0,
                    0.0,
                    34.32750278711319
                ],
                [
                    0.0,
                    0.0,
                    0.0,
                    38.80925041437149
                ]
            ],
            [
                [
                    0.0,
                    35.48440623283386,
                    0.0,
                    0.0
                ],
                [
                    0.0,
                    50.0,
                    0.0,
                    0.0
                ]
            ]
        ],
        [
            [
                [
                    0.0,
                    0.0,
                    4.012681691331506,
                    0.0
                ],
                [
                    0.0,
                    0.0,
                    0.010491746917048985,
                    0.038752153616508966
                ]
            ],
            [
                [
                    0.0,
                    0.0,
                    0.0,
                    5.416177495966525
                ],
                [
                    0.0,
                    0.0,
                    0.0,
                    2.0
                ]
            ],
            [
                [
                    0.0,
                    0.0,
                    0.2177126043126701,
                    0.0
                ],
                [
                    0.0,
                    0.0,
                    0.5817486132894244,
                    2.913165739604405
                ]
            ],
            [
                [
                    0.0,
                    0.0,
                    8.590444803237915,
                    0.1261493989399501
                ],
                [
                    0.0,
                    0.0,
                    0.0,
                    0.06715402155207369
                ]
            ],
            [
                [
                    0.0,
                    0.0,
                    0.0,
                    2.6931104812521043
                ],
                [
                    0.0,
                    0.0,
                    0.44353712231266285,
                    4.331397686685834
                ]
            ],
            [
                [
                    0.0,
                    0.0,
                    1.2011433681624943,
                    0.340448733485267
                ],
                [
                    0.0,
                    0.0,
                    12.053493529074478,
                    10.458216048422313
                ]
            ],
            [
                [
                    0.0,
                    0.0,
                    0.0,
                    0.0
                ],
                [
                    0.0,
                    0.0,
                    1.989629132407052,
                    0.19342267118455642
                ]
            ],
            [
                [
                    0.0,
                    0.0,
                    1.6248327204405137,
                    0.43857725249366475
                ],
                [
                    0.0,
                    0.0,
                    0.35232791309491496,
                    0.07142857142857142
                ]
            ],
            [
                [
                    0.0,
                    0.0,
                    0.0,
                    0.0
                ],
                [
                    0.0,
                    0.0,
                    0.0,
                    0.0
                ]
            ],
            [
                [
                    0.0,
                    0.0,
                    0.36115896954920945,
                    1.1762281686490559
                ],
                [
                    0.0,
                    0.0,
                    0.25187841263467137,
                    0.3057129601717095
                ]
            ]
        ],
        [
            [
                [
                    0.0,
                    0.0,
                    0.0,
                    2.7696777439004436
                ],
                [
                    0.0,
                    0.0,
                    0.0,
                    0.5362460126406632
                ]
            ],
            [
                [
                    0.0,
                    0.0,
                    0.0,
                    1.0346771278193305
                ],
                [
                    0.0,
                    0.0,
                    0.0,
                    0.5611608198140261
                ]
            ],
            [
                [
                    0.0,
                    0.0,
                    0.0,
                    1.0015941390207546
                ],
                [
                    0.0,
                    0.0,
                    0.0,
