{
    "seed": 78,
    "ports": 4,
    "scenarios": 16,
    "obj": 1176.720164126281,
    "time": 175.87298703193665,
    "gap": 0.0,
    "mean_load_per_port": [
        680.9835522174835,
        53.554193290155354,
        21.05093777705543
    ],
    "mean_teu_load_per_port": [
        964.4218325614929,
        1364.7965541563333,
        8166.678033830149
    ],
    "mean_load_per_location": [
        [
            [
                [
                    0.0,
                    29.608202934265137,
                    0.0,
                    0.0
                ],
                [
                    0.0,
                    26.50364065170288,
                    0.0,
                    0.0
                ]
            ],
            [
                [
                    0.0,
                    0.0,
                    0.0,
                    35.23616027832031
                ],
                [
                    0.0,
                    0.0,
                    0.0,
                    25.5
                ]
            ],
            [
                [
                    0.0,
                    0.0,
                    50.0,
                    0.0
                ],
                [
                    0.0,
                    0.0,
                    44.129497529076176,
                    0.0
                ]
            ],
            [
                [
                    0.0,
                    0.0,
                    33.013463735580444,
                    0.0
                ],
                [
                    0.0,
                    0.0,
                    24.7880916595459,
                    0.0
                ]
            ],
            [
                [
                    0.0,
                    0.0,
                    0.0,
                    25.5
                ],
                [
                    0.0,
                    0.0,
                    0.0,
                    39.281294107437134
                ]
            ],
            [
                [
                    0.0,
                    25.0,
                    0.0,
                    0.0
                ],
                [
                    0.0,
                    26.5639328956604,
                    0.0,
                    0.0
                ]
            ],
            [
                [
                    0.0,
                    0.0,
                    50.0,
                    0.0
                ],
                [
                    0.0,
                    0.0,
                    28.744506358100338,
                    0.0
                ]
            ],
            [
                [
                    0.0,
                    49.18690490722656,
                    0.0,
                    0.0
                ],
                [
                    0.0,
                    40.0259222984314,
                    0.0,
                    0.0
                ]
            ],
            [
                [
                    0.0,
                    0.0,
                    33.30501365661621,
                    0.0
                ],
                [
                    0.0,
                    0.0,
                    37.08228659629822,
                    0.0
                ]
            ],
            [
                [
                    0.0,
                    0.0,
                    0.0,
                    25.0
                ],
                [
                    0.0,
                    0.0,
                    0.0,
                    32.51463460922241
                ]
            ]
        ],
        [
            [
                [
                    0.0,
                    0.0,
                    0.5839595794677734,
                    4.240851044654846
                ],
                [
                    0.0,
                    0.0,
                    0.0,
                    0.38131711694781945
                ]
            ],
            [
                [
                    0.0,
                    0.0,
                    2.0,
                    0.0
                ],
                [
                    0.0,
                    0.0,
                    0.0,
                    0.0
                ]
            ],
            [
                [
                    0.0,
                    0.0,
                    0.0,
                    0.0
                ],
                [
                    0.0,
                    0.0,
                    1.0,
                    0.0625
                ]
            ],
            [
                [
                    0.0,
                    0.0,
                    10.13758659362793,
                    0.0
                ],
                [
                    0.0,
                    0.0,
                    0.0,
                    0.0
                ]
            ],
            [
                [
                    0.0,
                    0.0,
                    0.0,
                    4.788283109664917
                ],
                [
                    0.0,
                    0.0,
                    0.6010608236945537,
                    2.6157337905782647
                ]
            ],
            [
                [
                    0.0,
                    0.0,
                    0.5694215297698975,
                    2.0
                ],
                [
                    0.0,
                    0.0,
                    8.147752225399017,
                    8.041087251946783
                ]
            ],
            [
                [
                    0.0,
                    0.0,
                    0.17667214572429657,
                    2.0625
                ],
                [
                    0.0,
                    0.0,
                    1.5233914626367169,
                    1.053479013117877
                ]
            ],
            [
                [
                    0.0,
                    0.0,
                    0.0,
                    0.09073253103644165
                ],
                [
                    0.0,
                    0.0,
                    0.9214491726774159,
                    0.5581386238336563
                ]
            ],
            [
                [
                    0.0,
                    0.0,
                    1.0,
                    0.013525271640335512
                ],
                [
                    0.0,
                    0.0,
                    0.2514331553018458,
                    0.0
                ]
            ],
            [
                [
                    0.0,
                    0.0,
                    0.0,
                    0.0
                ],
                [
                    0.0,
                    0.0,
                    0.5131304133615403,
                    0.22018843507342595
                ]
            ]
        ],
        [
            [
                [
                    0.0,
                    0.0,
                    0.0,
                    3.008789064617986
                ],
                [
                    0.0,
                    0.0,
                    0.0,
                    0.3539868737530158
                ]
            ],
            [
                [
                    0.0,
                    0.0,
                    0.0,
                    1.020089291131162
                ],
                [
                    0.0,
                    0.0,
                    0.0,
                    0.47150814984701755
                ]
            ],
            [
                [
                    0.0,
                    0.0,
                    0.0,
                    1.3961034561533348
                ],
                [
                    0.0,
                    0.0,
                    0.0,
                    0.6488510675122224
                ]
            ],
            [
                [
