{
    "seed": 57,
    "ports": 4,
    "scenarios": 8,
    "obj": 1760.0484198021206,
    "time": 2.4345672130584717,
    "gap": 0.0,
    "mean_load_per_port": [
        585.3065657615662,
        496.1533606081435,
        222.85625356846367
    ],
    "mean_teu_load_per_port": [
        746.9781217575073,
        5200.252038039351,
        19239.02879967279
    ],
    "mean_load_per_location": [
        [
            [
                [
                    0.0,
                    0.0,
                    0.0,
                    25.0
                ],
                [
                    0.0,
                    0.0,
                    0.0,
                    50.0
                ]
            ],
            [
                [
                    0.0,
                    41.90489673614502,
                    0.0,
                    0.0
                ],
                [
                    0.0,
                    10.314373970031738,
                    0.0,
                    0.0
                ]
            ],
            [
                [
                    0.0,
                    0.0,
                    0.0,
                    4.10939884185791
                ],
                [
                    0.0,
                    0.0,
                    0.0,
                    9.195839881896973
                ]
            ],
            [
                [
                    0.0,
                    0.0,
                    21.25605881214142,
                    0.0
                ],
                [
                    0.0,
                    0.0,
                    45.28605270385742,
                    0.0
                ]
            ],
            [
                [
                    0.0,
                    0.0,
                    29.7845299243927,
                    0.0
                ],
                [
                    0.0,
                    0.0,
                    50.0,
                    0.0
                ]
            ],
            [
                [
                    0.0,
                    0.0,
                    2.303804039955139,
                    0.0
                ],
                [
                    0.0,
                    0.0,
                    50.0,
                    0.0
                ]
            ],
            [
                [
                    0.0,
                    0.0,
                    0.0,
                    50.0
                ],
                [
                    0.0,
                    0.0,
                    0.0,
                    25.0
                ]
            ],
            [
                [
                    0.0,
                    0.0,
                    0.0,
                    46.17160487174988
                ],
                [
                    0.0,
                    0.0,
                    0.0,
                    21.53171992301941
                ]
            ],
            [
                [
                    0.0,
                    19.111127853393555,
                    0.0,
                    0.0
                ],
                [
                    0.0,
                    43.09792900085449,
                    0.0,
                    0.0
                ]
            ],
            [
                [
                    0.0,
                    6.994476318359375,
                    0.0,
                    0.0
                ],
                [
                    0.0,
                    34.24475288391113,
                    0.0,
                    0.0
                ]
            ]
        ],
        [
            [
                [
                    0.0,
                    0.0,
                    9.22516143321991,
                    18.469615940671947
                ],
                [
                    0.0,
                    0.0,
                    6.853972762823105,
                    22.8592059602184
                ]
            ],
            [
                [
                    0.0,
                    0.0,
                    15.377717184027032,
                    6.190165638923645
                ],
                [
                    0.0,
                    0.0,
                    9.01943726837635,
                    9.779169470071793
                ]
            ],
            [
                [
                    0.0,
                    0.0,
                    14.908781863749027,
                    14.685233500424879
                ],
                [
                    0.0,
                    0.0,
                    11.995446234941483,
                    12.71321065723896
                ]
            ],
            [
                [
                    0.0,
                    0.0,
                    13.092469446361065,
                    13.606411805190142
                ],
                [
                    0.0,
                    0.0,
                    8.91726033585751,
                    11.262043058872223
                ]
            ],
            [
                [
                    0.0,
                    0.0,
                    11.293335855007172,
                    14.638262686135556
                ],
                [
                    0.0,
                    0.0,
                    10.003055952489376,
                    19.114608542147252
                ]
            ],
            [
                [
                    0.0,
                    0.0,
                    16.315308839082718,
                    9.375791311264038
                ],
                [
                    0.0,
                    0.0,
                    20.496181424707174,
                    9.581330601125956
                ]
            ],
            [
                [
                    0.0,
                    0.0,
                    11.539944885199429,
                    3.9150394275784492
                ],
                [
                    0.0,
                    0.0,
                    21.05113796889782,
                    14.809068765491247
                ]
            ],
            [
                [
                    0.0,
                    0.0,
                    16.76383936405182,
                    6.818139181111113
                ],
                [
                    0.0,
                    0.0,
                    18.549767513968263,
                    4.75550033095096
                ]
            ],
            [
                [
                    0.0,
                    0.0,
                    5.381700120866299,
                    11.654090404510498
                ],
                [
                    0.0,
                    0.0,
                    8.016503540674849,
                    13.436481386423111
                ]
            ],
            [
                [
                    0.0,
                    0.0,
                    14.49194586277008,
                    16.847995078149015
                ],
                [
                    0.0,
                    0.0,
                    13.187050312757492,
                    5.16197869181633
                ]
            ]
        ],
        [
            [
                [
                    0.0,
                    0.0,
                    0.0,
                    22.543422377505642
                ],
                [
                    0.0,
                    0.0,
                    0.0,
                    13.758827892133265
                ]
            ],
            [
                [
                    0.0,
                    0.0,
                    0.0,
                    8.532868158024744
                ],
                [
                    0.0,
                    0.0,
                    0.0,
                    9.78165990515553
                ]
            ],
            [
                [
                    0.0,
                    0.0,
                    0.0,
