{
    "seed": 43,
    "ports": 5,
    "scenarios": 4,
    "obj": 2327.5171730881184,
    "time": 4.85066294670105,
    "gap": 0.0,
    "mean_load_per_port": [
        572.0709079504013,
        437.20356572667765,
        339.5478622069196,
        174.9929442248743
    ],
    "mean_teu_load_per_port": [
        735.3780850172043,
        2251.4938679608435,
        7246.2721732861955,
        14961.368505051147
    ],
    "mean_load_per_location": [
        [
            [
                [
                    0.0,
                    0.0,
                    31.163564413785934,
                    0.0,
                    0.0
                ],
                [
                    0.0,
                    0.0,
                    35.49218785762787,
                    0.0,
                    0.0
                ]
            ],
            [
                [
                    0.0,
                    0.0,
                    0.0,
                    0.0,
                    49.10923385620117
                ],
                [
                    0.0,
                    0.0,
                    0.0,
                    0.0,
                    27.25274085998535
                ]
            ],
            [
                [
                    0.0,
                    15.145695209503174,
                    0.0,
                    0.0,
                    0.0
                ],
                [
                    0.0,
                    12.863163248697953,
                    0.0,
                    0.0,
                    0.0
                ]
            ],
            [
                [
                    0.0,
                    0.0,
                    0.0,
                    40.44013714790344,
                    0.0
                ],
                [
                    0.0,
                    0.0,
                    0.0,
                    50.0,
                    0.0
                ]
            ],
            [
                [
                    0.0,
                    0.0,
                    12.788186073303223,
                    0.0,
                    0.0
                ],
                [
                    0.0,
                    0.0,
                    39.57898712158203,
                    0.0,
                    0.0
                ]
            ],
            [
                [
                    0.0,
                    0.0,
                    36.70603942871094,
                    0.0,
                    0.0
                ],
                [
                    0.0,
                    0.0,
                    10.085128456354141,
                    0.0,
                    0.0
                ]
            ],
            [
                [
                    0.0,
                    35.30239222844438,
                    0.0,
                    0.0,
                    0.0
                ],
                [
                    0.0,
                    43.99524164199829,
                    0.0,
                    0.0,
                    0.0
                ]
            ],
            [
                [
                    0.0,
                    0.0,
                    0.0,
                    0.0,
                    25.0
                ],
                [
                    0.0,
                    0.0,
                    0.0,
                    0.0,
                    0.0
                ]
            ],
            [
                [
                    0.0,
                    0.0,
                    0.0,
                    31.558364987373352,
                    0.0
                ],
                [
                    0.0,
                    0.0,
                    0.0,
                    21.569313049316406,
                    0.0
                ]
            ],
            [
                [
                    0.0,
                    0.0,
                    0.0,
                    0.0,
                    16.252288341522217
                ],
                [
                    0.0,
                    0.0,
                    0.0,
                    0.0,
                    37.76824402809143
                ]
            ]
        ],
        [
            [
                [
                    0.0,
                    0.0,
                    19.73198778562103,
                    14.490591645240784,
                    3.009438246488571
                ],
                [
                    0.0,
                    0.0,
                    2.092970371246338,
                    0.0,
                    0.25
                ]
            ],
            [
                [
                    0.0,
                    0.0,
                    13.284326709806919,
                    0.0,
                    12.94559894502163
                ],
                [
                    0.0,
                    0.0,
                    5.683221971446834,
                    1.6297929286956787,
                    6.446840226650238
                ]
            ],
            [
                [
                    0.0,
                    0.0,
                    0.0,
                    12.935004323720932,
                    9.09585577249527
                ],
                [
                    0.0,
                    0.0,
                    3.488699793815613,
                    18.826187133789062,
                    13.214533686637878
                ]
            ],
            [
                [
                    0.0,
                    0.0,
                    4.084832161664963,
                    0.0,
                    14.650599122047424
                ],
                [
                    0.0,
                    0.0,
                    0.0,
                    0.0,
                    7.678395785391331
                ]
            ],
            [
                [
                    0.0,
                    0.0,
                    0.0,
                    5.011713370680809,
                    26.946034401655197
                ],
                [
                    0.0,
                    0.0,
                    6.783907026052475,
                    20.86058735847473,
                    10.409990352211587
                ]
            ],
            [
                [
                    0.0,
                    0.0,
                    4.953003250062466,
                    7.791637420654297,
                    7.71291820704937
                ],
                [
                    0.0,
                    0.0,
                    12.13737996690202,
                    0.6329047083854675,
                    1.8679504841566086
                ]
            ],
            [
                [
                    0.0,
                    0.0,
                    2.142374038696289,
                    1.1844385862350464,
                    2.995759129524231
                ],
                [
                    0.0,
                    0.0,
                    1.342970371246338,
                    23.63250842690468,
                    7.506113409996033
                ]
            ],
            [
                [
                    0.0,
                    0.0,
                    6.331699311733246,
                    16.354517102241516,
                    7.523418262600899
                ],
                [
                    0.0,
                    0.0,
                    7.178451061248779,
                    16.739079117774963,
                    3.214769124984741
                ]
            ],
            [
                [
                    0.0,
                    0.0,
                    10.476739525794983,
                    7.893989562988281,
                    0.0
                ],
                [
                    0.0,
                    0.0,
                    2.8547540419534294,
                    0.0,
                    0.0
                ]
            ],
