{
    "seed": 87,
    "ports": 4,
    "scenarios": 16,
    "obj": 1522.8825033221387,
    "time": 10.093827962875366,
    "gap": 0.0,
    "mean_load_per_port": [
        514.6716085672379,
        478.62822345087073,
        222.1073050735889
    ],
    "mean_teu_load_per_port": [
        704.2331984043121,
        10474.573143035985,
        75977.92371479784
    ],
    "mean_load_per_location": [
        [
            [
                [
                    0.0,
                    0.0,
                    24.132020622491837,
                    0.0
                ],
                [
                    0.0,
                    0.0,
                    45.44828796386719,
                    0.0
                ]
            ],
            [
                [
                    0.0,
                    0.0,
                    12.29331350326538,
                    0.0
                ],
                [
                    0.0,
                    0.0,
                    46.79428005218506,
                    0.0
                ]
            ],
            [
                [
                    0.0,
                    0.0,
                    0.0,
                    34.202559381723404
                ],
                [
                    0.0,
                    0.0,
                    0.0,
                    35.37774920463562
                ]
            ],
            [
                [
                    0.0,
                    0.0,
                    0.0,
                    10.642472505569458
                ],
                [
                    0.0,
                    0.0,
                    0.0,
                    17.984388560056686
                ]
            ],
            [
                [
                    0.0,
                    0.0,
                    4.714151710271835,
                    0.0
                ],
                [
                    0.0,
                    0.0,
                    26.63673734664917,
                    0.0
                ]
            ],
            [
                [
                    0.0,
                    0.0,
                    0.0,
                    0.0
                ],
                [
                    0.0,
                    20.106590270996094,
                    0.0,
                    0.0
                ]
            ],
            [
                [
                    0.0,
                    0.0,
                    0.0,
                    26.027111291885376
                ],
                [
                    0.0,
                    0.0,
                    0.0,
                    37.693835496902466
                ]
            ],
            [
                [
                    0.0,
                    50.0,
                    0.0,
                    0.0
                ],
                [
                    0.0,
                    14.946955353021622,
                    0.0,
                    0.0
                ]
            ],
            [
                [
                    0.0,
                    27.3787202835083,
                    0.0,
                    0.0
                ],
                [
                    0.0,
                    27.015125676989555,
                    0.0,
                    0.0
                ]
            ],
            [
                [
                    0.0,
                    10.474960327148438,
                    0.0,
                    0.0
                ],
                [
                    0.0,
                    42.802349016070366,
                    0.0,
                    0.0
                ]
            ]
        ],
        [
            [
                [
                    0.0,
                    0.0,
                    12.7834930466488,
                    18.61918338631487
                ],
                [
                    0.0,
                    0.0,
                    13.9529832931305,
                    10.732654369871327
                ]
            ],
            [
                [
                    0.0,
                    0.0,
                    7.792669267047126,
                    17.131165882745425
                ],
                [
                    0.0,
                    0.0,
                    4.404325836011296,
                    22.86679377561858
                ]
            ],
            [
                [
                    0.0,
                    0.0,
                    14.494745734508873,
                    11.667981987881575
                ],
                [
                    0.0,
                    0.0,
                    15.289838880331772,
                    18.43350840633073
                ]
            ],
            [
                [
                    0.0,
                    0.0,
                    15.390055444271404,
                    8.066866900771856
                ],
                [
                    0.0,
                    0.0,
                    6.507006001618018,
                    17.209314488859178
                ]
            ],
            [
                [
                    0.0,
                    0.0,
                    20.876110997051,
                    5.6843248307704926
                ],
                [
                    0.0,
                    0.0,
                    14.202882502196772,
                    8.434691056609154
                ]
            ],
            [
                [
                    0.0,
                    0.0,
                    10.005103986452031,
                    9.716298900544643
                ],
                [
                    0.0,
                    0.0,
                    15.55882729319059,
                    8.965300565937799
                ]
            ],
            [
                [
                    0.0,
                    0.0,
                    7.198184389925513,
                    10.992837561294436
                ],
                [
                    0.0,
                    0.0,
                    12.05557943880558,
                    8.630255486816168
                ]
            ],
            [
                [
                    0.0,
                    0.0,
                    10.028917437419295,
                    8.785251934081316
                ],
                [
                    0.0,
                    0.0,
                    13.502472751564692,
                    15.084858974675361
                ]
            ],
            [
                [
                    0.0,
                    0.0,
                    14.744276503046144,
                    6.115632049474637
                ],
                [
                    0.0,
                    0.0,
                    15.70847374197696,
                    5.340922883059744
                ]
            ],
            [
                [
                    0.0,
                    0.0,
                    14.876968920230865,
                    11.505437385290861
                ],
                [
                    0.0,
                    0.0,
                    6.726870377811756,
                    8.545156780683556
                ]
            ]
        ],
        [
            [
                [
                    0.0,
                    0.0,
                    0.0,
                    20.045468835873024
                ],
                [
                    0.0,
                    0.0,
                    0.0,
                    14.256812826944866
                ]
            ],
            [
                [
                    0.0,
                    0.0,
                    0.0,
                    10.910120915226729
                ],
                [
                    0.0,
                    0.0,
                    0.0,
                    7.304637234131148
                ]
            ],
            [
                [
