{
    "seed": 448,
    "ports": 4,
    "scenarios": 8,
    "obj": 1599.8754557158104,
    "time": 2.601933002471924,
    "gap": 0.0,
    "mean_load_per_port": [
        504.65403270721436,
        398.74232079149635,
        239.8033571448251
    ],
    "mean_teu_load_per_port": [
        680.9056749343872,
        4394.00906975361,
        20637.993061786183
    ],
    "mean_load_per_location": [
        [
            [
                [
                    0.0,
                    10.879945755004883,
                    0.0,
                    0.0
                ],
                [
                    0.0,
                    1.0,
                    0.0,
                    0.0
                ]
            ],
            [
                [
                    0.0,
                    0.0,
                    33.38620376586914,
                    0.0
                ],
                [
                    0.0,
                    0.0,
                    37.804405212402344,
                    0.0
                ]
            ],
            [
                [
                    0.0,
                    0.0,
                    0.0,
                    25.0
                ],
                [
                    0.0,
                    0.0,
                    0.0,
                    23.749455451965332
                ]
            ],
            [
                [
                    0.0,
                    39.86297392845154,
                    0.0,
                    0.0
                ],
                [
                    0.0,
                    37.55107879638672,
                    0.0,
                    0.0
                ]
            ],
            [
                [
                    0.0,
                    1.4067543745040894,
                    0.0,
                    0.0
                ],
                [
                    0.0,
                    14.246708631515503,
                    0.0,
                    0.0
                ]
            ],
            [
                [
                    0.0,
                    0.0,
                    0.0,
                    49.89205980300903
                ],
                [
                    0.0,
                    0.0,
                    0.0,
                    42.855164527893066
                ]
            ],
            [
                [
                    0.0,
                    0.0,
                    28.076440572738647,
                    0.0
                ],
                [
                    0.0,
                    0.0,
                    5.339843273162842,
                    0.0
                ]
            ],
            [
                [
                    0.0,
                    7.731439113616943,
                    0.0,
                    0.0
                ],
                [
                    0.0,
                    25.0,
                    0.0,
                    0.0
                ]
            ],
            [
                [
                    0.0,
                    0.0,
                    0.0,
                    38.22815942764282
                ],
                [
                    0.0,
                    0.0,
                    0.0,
                    31.615575790405273
                ]
            ],
            [
                [
                    0.0,
                    0.0,
                    31.94310486316681,
                    0.0
                ],
                [
                    0.0,
                    0.0,
                    19.08471941947937,
                    0.0
                ]
            ]
        ],
        [
            [
                [
                    0.0,
                    0.0,
                    22.598671101033688,
                    14.420178920030594
                ],
                [
                    0.0,
                    0.0,
                    15.367344675513843,
                    4.71105420589447
                ]
            ],
            [
                [
                    0.0,
                    0.0,
                    7.779339991509914,
                    9.783903166776726
                ],
                [
                    0.0,
                    0.0,
                    5.95282031029735,
                    11.245563060045242
                ]
            ],
            [
                [
                    0.0,
                    0.0,
                    6.078548390418291,
                    15.722303926882233
                ],
                [
                    0.0,
                    0.0,
                    12.396334886550903,
                    15.84134404354998
                ]
            ],
            [
                [
                    0.0,
                    0.0,
                    3.9288697242736816,
                    9.920179359614849
                ],
                [
                    0.0,
                    0.0,
                    5.91104881465435,
                    14.055211834609509
                ]
            ],
            [
                [
                    0.0,
                    0.0,
                    5.031751990318298,
                    16.0027736723423
                ],
                [
                    0.0,
                    0.0,
                    9.994963557961997,
                    14.678553633391857
                ]
            ],
            [
                [
                    0.0,
                    0.0,
                    4.204089492559433,
                    10.571629501879215
                ],
                [
                    0.0,
                    0.0,
                    9.958029508590698,
                    11.72714463621378
                ]
            ],
            [
                [
                    0.0,
                    0.0,
                    17.54406315267086,
                    1.9539207518100739
                ],
                [
                    0.0,
                    0.0,
                    16.922323636835642,
                    6.469336032867432
                ]
            ],
            [
                [
                    0.0,
                    0.0,
                    9.511488854885101,
                    4.768039703369141
                ],
                [
                    0.0,
                    0.0,
                    11.177735805511475,
                    7.893709031939508
                ]
            ],
            [
                [
                    0.0,
                    0.0,
                    11.417544201016426,
                    4.158487247228621
                ],
                [
                    0.0,
                    0.0,
                    4.742782101035118,
                    6.940933808684349
                ]
            ],
            [
                [
                    0.0,
                    0.0,
                    4.834861591458321,
                    13.5529181137681
                ],
                [
                    0.0,
                    0.0,
                    6.4847990256547945,
                    12.487725327848192
                ]
            ]
        ],
        [
            [
                [
                    0.0,
                    0.0,
                    0.0,
                    24.4143310050035
                ],
                [
                    0.0,
                    0.0,
                    0.0,
                    13.438667983475803
                ]
            ],
            [
                [
                    0.0,
                    0.0,
                    0.0,
                    10.105665180130249
                ],
                [
                    0.0,
                    0.0,
                    0.0,
                    8.689438004257358
                ]
            ],
            [
                [
                    0.0,
