{
    "seed": 448,
    "ports": 4,
    "scenarios": 12,
    "obj": 1634.1918350193073,
    "time": 5.56968092918396,
    "gap": 0.0001384056529061219,
    "mean_load_per_port": [
        504.65403270721436,
        449.54809925490594,
        235.6436290233222
    ],
    "mean_teu_load_per_port": [
        680.9056749343872,
        7438.797932161175,
        45703.49162589034
    ],
    "mean_load_per_location": [
        [
            [
                [
                    0.0,
                    0.0,
                    36.85516350567337,
                    0.0
                ],
                [
                    0.0,
                    0.0,
                    43.71930761039261,
                    0.0
                ]
            ],
            [
                [
                    0.0,
                    30.819799065589905,
                    0.0,
                    0.0
                ],
                [
                    0.0,
                    14.769237995147705,
                    0.0,
                    0.0
                ]
            ],
            [
                [
                    0.0,
                    0.0,
                    0.0,
                    0.0
                ],
                [
                    0.0,
                    5.458608627319336,
                    0.0,
                    0.0
                ]
            ],
            [
                [
                    0.0,
                    0.0,
                    34.07364463806152,
                    0.0
                ],
                [
                    0.0,
                    0.0,
                    0.0,
                    0.0
                ]
            ],
            [
                [
                    0.0,
                    0.0,
                    0.0,
                    36.79880142211914
                ],
                [
                    0.0,
                    0.0,
                    0.0,
                    48.3781054019928
                ]
            ],
            [
                [
                    0.0,
                    0.0,
                    0.0,
                    20.115005493164062
                ],
                [
                    0.0,
                    0.0,
                    0.0,
                    20.871595859527588
                ]
            ],
            [
                [
                    0.0,
                    0.0,
                    0.0,
                    36.55104637145996
                ],
                [
                    0.0,
                    0.0,
                    0.0,
                    48.62586045265198
                ]
            ],
            [
                [
                    0.0,
                    0.0,
                    17.838234424591064,
                    0.0
                ],
                [
                    0.0,
                    0.0,
                    23.148366928100586,
                    0.0
                ]
            ],
            [
                [
                    0.0,
                    6.508387088775635,
                    0.0,
                    0.0
                ],
                [
                    0.0,
                    25.0,
                    0.0,
                    0.0
                ]
            ],
            [
                [
                    0.0,
                    48.6838161945343,
                    0.0,
                    0.0
                ],
                [
                    0.0,
                    6.439051628112793,
                    0.0,
                    0.0
                ]
            ]
        ],
        [
            [
                [
                    0.0,
                    0.0,
                    11.903798128167788,
                    20.851864685614903
                ],
                [
                    0.0,
                    0.0,
                    9.299273431301117,
                    14.734732047468427
                ]
            ],
            [
                [
                    0.0,
                    0.0,
                    9.139536579449972,
                    8.555795679489771
                ],
                [
                    0.0,
                    0.0,
                    6.332421441872914,
                    16.290189914531894
                ]
            ],
            [
                [
                    0.0,
                    0.0,
                    4.297212153673172,
                    20.190772980451584
                ],
                [
                    0.0,
                    0.0,
                    4.600129574537277,
                    24.619124817224954
                ]
            ],
            [
                [
                    0.0,
                    0.0,
                    17.42127093328475,
                    5.292486297461007
                ],
                [
                    0.0,
                    0.0,
                    6.390426718657822,
                    10.30192359057965
                ]
            ],
            [
                [
                    0.0,
                    0.0,
                    15.840451538562775,
                    13.722144895042206
                ],
                [
                    0.0,
                    0.0,
                    8.261336301763853,
                    9.59967083496589
                ]
            ],
            [
                [
                    0.0,
                    0.0,
                    11.295596369000284,
                    11.580601046482721
                ],
                [
                    0.0,
                    0.0,
                    11.66702651977539,
                    12.588483550399545
                ]
            ],
            [
                [
                    0.0,
                    0.0,
                    13.247472435235977,
                    4.152295668919881
                ],
                [
                    0.0,
                    0.0,
                    10.067140001521121,
                    9.639087076750592
                ]
            ],
            [
                [
                    0.0,
                    0.0,
                    17.651620675788983,
                    9.017910830676556
                ],
                [
                    0.0,
                    0.0,
                    14.244810593606616,
                    4.93337082862854
                ]
            ],
            [
                [
                    0.0,
                    0.0,
                    12.407290212420614,
                    12.773623118797937
                ],
                [
                    0.0,
                    0.0,
                    18.77630086739858,
                    2.945515046517054
                ]
            ],
            [
                [
                    0.0,
                    0.0,
                    7.927141672903686,
                    7.117084284623464
                ],
                [
                    0.0,
                    0.0,
                    15.24751869837443,
                    4.623647212982178
                ]
            ]
        ],
        [
            [
                [
                    0.0,
                    0.0,
                    0.0,
                    21.825778488719884
                ],
                [
                    0.0,
                    0.0,
                    0.0,
                    13.83965170608662
                ]
            ],
            [
                [
                    0.0,
                    0.0,
                    0.0,
                    12.346581722539575
                ],
                [
                    0.0,
                    0.0,
                    0.0,
                    9.022555261211899
                ]
            ],
            [
                [
