{
    "seed": 43,
    "ports": 4,
    "scenarios": 12,
    "obj": 1245.1268685927882,
    "time": 15.851813077926636,
    "gap": 0.0,
    "mean_load_per_port": [
        634.4846377372742,
        107.2540110948712,
        21.868863941766854
    ],
    "mean_teu_load_per_port": [
        824.3422861099243,
        1848.1854639138621,
        4988.257928753879
    ],
    "mean_load_per_location": [
        [
            [
                [
                    0.0,
                    35.943161964416504,
                    0.0,
                    0.0
                ],
                [
                    0.0,
                    28.714324951171875,
                    0.0,
                    0.0
                ]
            ],
            [
                [
                    0.0,
                    0.0,
                    25.0,
                    0.0
                ],
                [
                    0.0,
                    0.0,
                    37.279186964035034,
                    0.0
                ]
            ],
            [
                [
                    0.0,
                    0.0,
                    0.0,
                    19.099985122680664
                ],
                [
                    0.0,
                    0.0,
                    0.0,
                    39.64974403381348
                ]
            ],
            [
                [
                    0.0,
                    0.0,
                    0.0,
                    11.337857246398926
                ],
                [
                    0.0,
                    0.0,
                    0.0,
                    35.39347743988037
                ]
            ],
            [
                [
                    0.0,
                    0.0,
                    0.0,
                    33.98025989532471
                ],
                [
                    0.0,
                    0.0,
                    0.0,
                    9.725470542907715
                ]
            ],
            [
                [
                    0.0,
                    0.0,
                    0.0,
                    50.0
                ],
                [
                    0.0,
                    0.0,
                    0.0,
                    25.0
                ]
            ],
            [
                [
                    0.0,
                    28.5574049949646,
                    0.0,
                    0.0
                ],
                [
                    0.0,
                    29.451541304588318,
                    0.0,
                    0.0
                ]
            ],
            [
                [
                    0.0,
                    0.0,
                    41.73106384277344,
                    0.0
                ],
                [
                    0.0,
                    0.0,
                    25.0,
                    0.0
                ]
            ],
            [
                [
                    0.0,
                    0.0,
                    0.0,
                    19.49688720703125
                ],
                [
                    0.0,
                    0.0,
                    0.0,
                    50.0
                ]
            ],
            [
                [
                    0.0,
                    0.0,
                    39.67909061908722,
                    0.0
                ],
                [
                    0.0,
                    0.0,
                    49.44518160820007,
                    0.0
                ]
            ]
        ],
        [
            [
                [
                    0.0,
                    0.0,
                    0.0,
                    3.1984574794769287
                ],
                [
                    0.0,
                    0.0,
                    0.308343943923412,
                    0.3565479439799985
                ]
            ],
            [
                [
                    0.0,
                    0.0,
                    0.0,
                    9.636624455451965
                ],
                [
                    0.0,
                    0.0,
                    3.219810752254546,
                    0.6596487228471405
                ]
            ],
            [
                [
                    0.0,
                    0.0,
                    2.8772476304795425,
                    0.0
                ],
                [
                    0.0,
                    0.0,
                    4.5298144817352295,
                    0.0
                ]
            ],
            [
                [
                    0.0,
                    0.0,
                    14.248664498329163,
                    7.210961262385051
                ],
                [
                    0.0,
                    0.0,
                    0.08333333333333333,
                    0.0
                ]
            ],
            [
                [
                    0.0,
                    0.0,
                    3.827662467956543,
                    0.0
                ],
                [
                    0.0,
                    0.0,
                    7.009343047936757,
                    6.393439908822377
                ]
            ],
            [
                [
                    0.0,
                    0.0,
                    7.083333333333333,
                    3.510334571202596
                ],
                [
                    0.0,
                    0.0,
                    2.973779638608297,
                    12.589069128036499
                ]
            ],
            [
                [
                    0.0,
                    0.0,
                    0.08333333333333333,
                    0.0
                ],
                [
                    0.0,
                    0.0,
                    3.042810507687461,
                    4.378090036336826
                ]
            ],
            [
                [
                    0.0,
                    0.0,
                    0.0,
                    0.0
                ],
                [
                    0.0,
                    0.0,
                    1.7543738798746091,
                    0.0
                ]
            ],
            [
                [
                    0.0,
                    0.0,
                    0.12275236952045732,
                    0.08333333333333333
                ],
                [
                    0.0,
                    0.0,
                    0.3564832767452861,
                    0.5193019790241508
                ]
            ],
            [
                [
                    0.0,
                    0.0,
                    0.0,
                    5.931458473205566
                ],
                [
                    0.0,
                    0.0,
                    0.0,
                    1.2656573057174683
                ]
            ]
        ],
        [
            [
                [
                    0.0,
                    0.0,
                    0.0,
                    2.0
                ],
                [
                    0.0,
                    0.0,
                    0.0,
                    0.3897945027003565
                ]
            ],
            [
                [
                    0.0,
                    0.0,
                    0.0,
                    0.6363623316654006
                ],
                [
                    0.0,
                    0.0,
                    0.0,
                    0.5856084106570113
                ]
            ],
            [
                [
                    0.0,
                    0.0,
                    0.0,
                    2.0
                ],
                [
                    0.0,
                    0.0,
                    0.0,
