{
    "seed": 133,
    "ports": 5,
    "scenarios": 1,
    "obj": 2282.6082621596124,
    "time": 0.45693206787109375,
    "gap": 0.0,
    "mean_load_per_port": [
        569.4063810110092,
        671.8935664311961,
        557.1063314080238,
        441.071964263916
    ],
    "mean_teu_load_per_port": [
        762.6429829597473,
        938.0881322042063,
        731.0281482338905,
        624.9369697570801
    ],
    "mean_load_per_location": [
        [
            [
                [
                    0.0,
                    1.1042184829711914,
                    0.0,
                    0.0,
                    0.0
                ],
                [
                    0.0,
                    42.98346018791199,
                    0.0,
                    0.0,
                    0.0
                ]
            ],
            [
                [
                    0.0,
                    0.0,
                    0.0,
                    25.0,
                    0.0
                ],
                [
                    0.0,
                    0.0,
                    0.0,
                    8.926581382751465,
                    0.0
                ]
            ],
            [
                [
                    0.0,
                    0.0,
                    0.0,
                    50.0,
                    0.0
                ],
                [
                    0.0,
                    0.0,
                    0.0,
                    23.867274282237048,
                    0.0
                ]
            ],
            [
                [
                    0.0,
                    0.0,
                    39.32343420598889,
                    0.0,
                    0.0
                ],
                [
                    0.0,
                    0.0,
                    29.160886764526367,
                    0.0,
                    0.0
                ]
            ],
            [
                [
                    0.0,
                    0.0,
                    0.0,
                    0.0,
                    30.161826848983765
                ],
                [
                    0.0,
                    0.0,
                    0.0,
                    0.0,
                    39.61126899719238
                ]
            ],
            [
                [
                    0.0,
                    39.66947364807129,
                    0.0,
                    0.0,
                    0.0
                ],
                [
                    0.0,
                    31.844882011413574,
                    0.0,
                    0.0,
                    0.0
                ]
            ],
            [
                [
                    0.0,
                    0.0,
                    21.36694633960724,
                    0.0,
                    0.0
                ],
                [
                    0.0,
                    0.0,
                    46.454643396397586,
                    0.0,
                    0.0
                ]
            ],
            [
                [
                    0.0,
                    30.950090885162354,
                    0.0,
                    0.0,
                    0.0
                ],
                [
                    0.0,
                    0.0,
                    0.0,
                    0.0,
                    0.0
                ]
            ],
            [
                [
                    0.0,
                    0.0,
                    23.87433433532715,
                    0.0,
                    0.0
                ],
                [
                    0.0,
                    0.0,
                    6.908496379852295,
                    0.0,
                    0.0
                ]
            ],
            [
                [
                    0.0,
                    0.0,
                    0.0,
                    42.061235427856445,
                    0.0
                ],
                [
                    0.0,
                    0.0,
                    0.0,
                    36.13732743475819,
                    0.0
                ]
            ]
        ],
        [
            [
                [
                    0.0,
                    0.0,
                    38.62738984823227,
                    0.0,
                    0.0
                ],
                [
                    0.0,
                    0.0,
                    17.936314463615417,
                    0.36394858281239983,
                    16.523573459775744
                ]
            ],
            [
                [
                    0.0,
                    0.0,
                    0.0,
                    26.734061181545258,
                    0.0
                ],
                [
                    0.0,
                    0.0,
                    7.513642311096191,
                    31.813406944274902,
                    0.0
                ]
            ],
            [
                [
                    0.0,
                    0.0,
                    0.0,
                    0.0,
                    25.0
                ],
                [
                    0.0,
                    0.0,
                    0.0,
                    7.3106467723846436,
                    28.11412215232849
                ]
            ],
            [
                [
                    0.0,
                    0.0,
                    1.349599838256836,
                    0.0,
                    23.650400161743164
                ],
                [
                    0.0,
                    0.0,
                    14.776957987158003,
                    17.611521006421,
                    0.0
                ]
            ],
            [
                [
                    0.0,
                    0.0,
                    0.0,
                    25.0,
                    0.0
                ],
                [
                    0.0,
                    0.0,
                    5.705708920955658,
                    32.52315580844879,
                    0.0
                ]
            ],
            [
                [
                    0.0,
                    0.0,
                    20.05459499359131,
                    0.0,
                    0.0
                ],
                [
                    0.0,
                    0.0,
                    45.515083791406454,
                    2.242458104296775,
                    0.0
                ]
            ],
            [
                [
                    0.0,
                    0.0,
                    0.0,
                    16.534340858459473,
                    16.931318283081055
                ],
                [
                    0.0,
                    0.0,
                    43.16724443435669,
                    0.0,
                    0.0
                ]
            ],
            [
                [
                    0.0,
                    0.0,
                    50.0,
                    0.0,
                    0.0
                ],
                [
                    0.0,
                    0.0,
                    26.06421285867691,
                    1.8557221301354456,
                    0.0
                ]
            ],
            [
                [
                    0.0,
                    0.0,
                    14.31724089384079,
                    0.0,
                    0.0
                ],
                [
                    0.0,
                    0.0,
                    19.537166595458984,
                    2.7967560291290283,
                    3.4922709465026855
                ]
            ],
            [
                [
                    0.0,
                    0.0,
                    0.0,
                    0.0,
                    38.83070707321167
                ],
                [
