{
    "seed": 87,
    "ports": 4,
    "scenarios": 12,
    "obj": 1535.9429355131897,
    "time": 4.651096820831299,
    "gap": 0.0003489260276256413,
    "mean_load_per_port": [
        514.6716085672379,
        506.5277102979563,
        219.70355591433815
    ],
    "mean_teu_load_per_port": [
        704.2331984043121,
        8253.932579613727,
        42175.36494618314
    ],
    "mean_load_per_location": [
        [
            [
                [
                    0.0,
                    31.857743322849274,
                    0.0,
                    0.0
                ],
                [
                    0.0,
                    30.557961761951447,
                    0.0,
                    0.0
                ]
            ],
            [
                [
                    0.0,
                    0.0,
                    27.1934612095356,
                    0.0
                ],
                [
                    0.0,
                    0.0,
                    39.058735847473145,
                    0.0
                ]
            ],
            [
                [
                    0.0,
                    0.0,
                    0.0,
                    34.045133113861084
                ],
                [
                    0.0,
                    0.0,
                    0.0,
                    28.370571970939636
                ]
            ],
            [
                [
                    0.0,
                    0.0,
                    0.0,
                    35.629576444625854
                ],
                [
                    0.0,
                    0.0,
                    0.0,
                    25.872090578079224
                ]
            ],
            [
                [
                    0.0,
                    25.85453200340271,
                    0.0,
                    0.0
                ],
                [
                    0.0,
                    0.0,
                    0.0,
                    0.0
                ]
            ],
            [
                [
                    0.0,
                    0.0,
                    16.263480401039097,
                    0.0
                ],
                [
                    0.0,
                    0.0,
                    28.69024991393092,
                    0.0
                ]
            ],
            [
                [
                    0.0,
                    0.0,
                    0.0,
                    13.010744333267212
                ],
                [
                    0.0,
                    0.0,
                    0.0,
                    25.0
                ]
            ],
            [
                [
                    0.0,
                    0.0,
                    45.27821350097656,
                    0.0
                ],
                [
                    0.0,
                    0.0,
                    3.5346503257751465,
                    0.0
                ]
            ],
            [
                [
                    0.0,
                    7.464712083339691,
                    0.0,
                    0.0
                ],
                [
                    0.0,
                    0.0,
                    0.0,
                    0.0
                ]
            ],
            [
                [
                    0.0,
                    46.989751756191254,
                    0.0,
                    0.0
                ],
                [
                    0.0,
                    50.0,
                    0.0,
                    0.0
                ]
            ]
        ],
        [
            [
                [
                    0.0,
                    0.0,
                    17.244377613067627,
                    17.89905419945717
                ],
                [
                    0.0,
                    0.0,
                    16.106267280604715,
                    15.671156423273587
                ]
            ],
            [
                [
                    0.0,
                    0.0,
                    11.033037490750639,
                    15.657082058986026
                ],
                [
                    0.0,
                    0.0,
                    11.28022232155005,
                    9.907342450817428
                ]
            ],
            [
                [
                    0.0,
                    0.0,
                    9.899625100195408,
                    15.753291870156923
                ],
                [
                    0.0,
                    0.0,
                    11.065096288919449,
                    18.21130316456159
                ]
            ],
            [
                [
                    0.0,
                    0.0,
                    15.929579945902029,
                    8.665083487828573
                ],
                [
                    0.0,
                    0.0,
                    18.867691092193127,
                    10.29276984433333
                ]
            ],
            [
                [
                    0.0,
                    0.0,
                    30.295003543959723,
                    3.6537192662556968
                ],
                [
                    0.0,
                    0.0,
                    14.875784556070963,
                    9.336536079193614
                ]
            ],
            [
                [
                    0.0,
                    0.0,
                    6.704724272092183,
                    7.585193318625291
                ],
                [
                    0.0,
                    0.0,
                    14.064490674483183,
                    9.575404730901871
                ]
            ],
            [
                [
                    0.0,
                    0.0,
                    20.421770848333836,
                    11.401239037513733
                ],
                [
                    0.0,
                    0.0,
                    11.189427812894186,
                    12.180833051602045
                ]
            ],
            [
                [
                    0.0,
                    0.0,
                    7.5833128459646515,
                    14.788309651599777
                ],
                [
                    0.0,
                    0.0,
                    13.49046885504041,
                    11.295256511621645
                ]
            ],
            [
                [
                    0.0,
                    0.0,
                    9.140550700326761,
                    10.267489284276962
                ],
                [
                    0.0,
                    0.0,
                    7.8554588581124944,
                    12.30383903781573
                ]
            ],
            [
                [
                    0.0,
                    0.0,
                    9.380437826516523,
                    15.716538675129414
                ],
                [
                    0.0,
                    0.0,
                    6.617503563555496,
                    13.321436663472445
                ]
            ]
        ],
        [
            [
                [
                    0.0,
                    0.0,
                    0.0,
                    19.169207374452316
                ],
                [
                    0.0,
                    0.0,
                    0.0,
                    13.898243355157499
                ]
            ],
            [
                [
                    0.0,
                    0.0,
                    0.0,
                    11.611746068886434
                ],
                [
                    0.0,
                    0.0,
                    0.0,
                    8.165621632890831
                ]
            ],
            [
                [
