{
    "seed": 162,
    "ports": 4,
    "scenarios": 20,
    "obj": 1692.2892614522025,
    "time": 16.34302592277527,
    "gap": 0.00020802990900156362,
    "mean_load_per_port": [
        583.1272780895233,
        491.91686952982366,
        227.56729506907567
    ],
    "mean_teu_load_per_port": [
        813.9535233974457,
        12838.297422032227,
        121996.71127259788
    ],
    "mean_load_per_location": [
        [
            [
                [
                    0.0,
                    0.0,
                    32.364583015441895,
                    0.0
                ],
                [
                    0.0,
                    0.0,
                    41.3949613571167,
                    0.0
                ]
            ],
            [
                [
                    0.0,
                    44.85338020324707,
                    0.0,
                    0.0
                ],
                [
                    0.0,
                    25.0,
                    0.0,
                    0.0
                ]
            ],
            [
                [
                    0.0,
                    0.0,
                    0.0,
                    33.454811096191406
                ],
                [
                    0.0,
                    0.0,
                    0.0,
                    38.31551682949066
                ]
            ],
            [
                [
                    0.0,
                    0.0,
                    0.0,
                    0.0
                ],
                [
                    0.0,
                    0.0,
                    29.186508178710938,
                    0.0
                ]
            ],
            [
                [
                    0.0,
                    0.0,
                    30.730785846710205,
                    0.0
                ],
                [
                    0.0,
                    0.0,
                    37.08812141418457,
                    0.0
                ]
            ],
            [
                [
                    0.0,
                    25.0,
                    0.0,
                    0.0
                ],
                [
                    0.0,
                    25.0,
                    0.0,
                    0.0
                ]
            ],
            [
                [
                    0.0,
                    33.63519096374512,
                    0.0,
                    0.0
                ],
                [
                    0.0,
                    50.0,
                    0.0,
                    0.0
                ]
            ],
            [
                [
                    0.0,
                    0.0,
                    0.0,
                    50.0
                ],
                [
                    0.0,
                    0.0,
                    0.0,
                    12.256643176078796
                ]
            ],
            [
                [
                    0.0,
                    0.0,
                    0.0,
                    0.0
                ],
                [
                    0.0,
                    0.0,
                    31.172621726989746,
                    0.0
                ]
            ],
            [
                [
                    0.0,
                    0.0,
                    0.0,
                    31.25637435913086
                ],
                [
                    0.0,
                    0.0,
                    0.0,
                    12.417779922485352
                ]
            ]
        ],
        [
            [
                [
                    0.0,
                    0.0,
                    17.97185869961977,
                    18.935444436967373
                ],
                [
                    0.0,
                    0.0,
                    13.272064190879913,
                    14.28712452997764
                ]
            ],
            [
                [
                    0.0,
                    0.0,
                    10.481173977255821,
                    15.120165665001005
                ],
                [
                    0.0,
                    0.0,
                    9.062133937534027,
                    11.733092448115348
                ]
            ],
            [
                [
                    0.0,
                    0.0,
                    13.84364441389385,
                    13.62327897304661
                ],
                [
                    0.0,
                    0.0,
                    11.870060632665673,
                    11.918492613411061
                ]
            ],
            [
                [
                    0.0,
                    0.0,
                    6.916811810857482,
                    11.552290347861517
                ],
                [
                    0.0,
                    0.0,
                    13.050090510888305,
                    15.745879793881647
                ]
            ],
            [
                [
                    0.0,
                    0.0,
                    11.415282399455707,
                    11.057171392440797
                ],
                [
                    0.0,
                    0.0,
                    9.225247355302175,
                    15.216119895891477
                ]
            ],
            [
                [
                    0.0,
                    0.0,
                    8.4966232221025,
                    16.28753956157353
                ],
                [
                    0.0,
                    0.0,
                    7.36623566256938,
                    15.912390965223313
                ]
            ],
            [
                [
                    0.0,
                    0.0,
                    8.067233657836914,
                    13.252961750328542
                ],
                [
                    0.0,
                    0.0,
                    12.376715405782063,
                    13.339680927991868
                ]
            ],
            [
                [
                    0.0,
                    0.0,
                    10.90326434025675,
                    9.013163988335597
                ],
                [
                    0.0,
                    0.0,
                    12.9480475257876,
                    14.821030277963809
                ]
            ],
            [
                [
                    0.0,
                    0.0,
                    16.30558875501156,
                    10.39727221485482
                ],
                [
                    0.0,
                    0.0,
                    13.95701747640635,
                    7.597398704419291
                ]
            ],
            [
                [
                    0.0,
                    0.0,
                    18.425615392675,
                    5.291774116888069
                ],
                [
                    0.0,
                    0.0,
                    12.6950283428254,
                    8.164859216044103
                ]
            ]
        ],
        [
            [
                [
                    0.0,
                    0.0,
                    0.0,
                    21.81329353809393
                ],
                [
                    0.0,
                    0.0,
                    0.0,
                    13.24299491218619
                ]
            ],
            [
                [
                    0.0,
                    0.0,
                    0.0,
                    12.038518860057007
                ],
                [
                    0.0,
                    0.0,
                    0.0,
                    8.031252410829074
                ]
            ],
            [
                [
                    0.0,
                    0.0,
