{
    "seed": 97,
    "ports": 4,
    "scenarios": 16,
    "obj": 1885.185981769555,
    "time": 148.72699999809265,
    "gap": 0.0,
    "mean_load_per_port": [
        667.6267631053925,
        511.43745416928704,
        223.4431793670792
    ],
    "mean_teu_load_per_port": [
        904.4050815105438,
        10841.130427994842,
        76936.62969688397
    ],
    "mean_load_per_location": [
        [
            [
                [
                    0.0,
                    0.0,
                    0.0,
                    17.064029752164853
                ],
                [
                    0.0,
                    0.0,
                    0.0,
                    25.0
                ]
            ],
            [
                [
                    0.0,
                    25.0,
                    0.0,
                    0.0
                ],
                [
                    0.0,
                    43.72962522506714,
                    0.0,
                    0.0
                ]
            ],
            [
                [
                    0.0,
                    0.0,
                    0.0,
                    25.0
                ],
                [
                    0.0,
                    0.0,
                    0.0,
                    42.12356185913086
                ]
            ],
            [
                [
                    0.0,
                    32.90530146499503,
                    0.0,
                    0.0
                ],
                [
                    0.0,
                    28.312204837799072,
                    0.0,
                    0.0
                ]
            ],
            [
                [
                    0.0,
                    0.0,
                    50.0,
                    0.0
                ],
                [
                    0.0,
                    0.0,
                    38.29147911071777,
                    0.0
                ]
            ],
            [
                [
                    0.0,
                    0.0,
                    39.002235412597656,
                    0.0
                ],
                [
                    0.0,
                    0.0,
                    31.477805137634277,
                    0.0
                ]
            ],
            [
                [
                    0.0,
                    11.34100604057312,
                    0.0,
                    0.0
                ],
                [
                    0.0,
                    33.03590379814279,
                    0.0,
                    0.0
                ]
            ],
            [
                [
                    0.0,
                    0.0,
                    0.0,
                    25.969678639322293
                ],
                [
                    0.0,
                    0.0,
                    0.0,
                    31.147670271099066
                ]
            ],
            [
                [
                    0.0,
                    0.0,
                    50.0,
                    0.0
                ],
                [
                    0.0,
                    0.0,
                    50.0,
                    0.0
                ]
            ],
            [
                [
                    0.0,
                    0.0,
                    0.0,
                    50.0
                ],
                [
                    0.0,
                    0.0,
                    0.0,
                    18.22626155614853
                ]
            ]
        ],
        [
            [
                [
                    0.0,
                    0.0,
                    8.980468251548347,
                    15.03336972321073
                ],
                [
                    0.0,
                    0.0,
                    12.691893941636794,
                    15.474958148001752
                ]
            ],
            [
                [
                    0.0,
                    0.0,
                    7.739908024436587,
                    24.012732952829406
                ],
                [
                    0.0,
                    0.0,
                    11.045737616614788,
                    12.080421482022533
                ]
            ],
            [
                [
                    0.0,
                    0.0,
                    10.421065560736123,
                    15.96982396304783
                ],
                [
                    0.0,
                    0.0,
                    11.17755365067599,
                    19.35471425205469
                ]
            ],
            [
                [
                    0.0,
                    0.0,
                    12.942220262745963,
                    14.607489211396725
                ],
                [
                    0.0,
                    0.0,
                    13.452362481447864,
                    15.932816551806766
                ]
            ],
            [
                [
                    0.0,
                    0.0,
                    16.212573212035775,
                    9.792150549621837
                ],
                [
                    0.0,
                    0.0,
                    14.699862361016784,
                    10.313746303288681
                ]
            ],
            [
                [
                    0.0,
                    0.0,
                    9.242054501610909,
                    12.828416991963259
                ],
                [
                    0.0,
                    0.0,
                    16.039998094853168,
                    12.664281187579036
                ]
            ],
            [
                [
                    0.0,
                    0.0,
                    10.64608310163021,
                    15.502413753620385
                ],
                [
                    0.0,
                    0.0,
                    11.18968296108165,
                    13.503260913140242
                ]
            ],
            [
                [
                    0.0,
                    0.0,
                    10.996698865573237,
                    12.067029915549757
                ],
                [
                    0.0,
                    0.0,
                    3.5793830547481775,
                    12.651943233857551
                ]
            ],
            [
                [
                    0.0,
                    0.0,
                    16.56605151668191,
                    11.370295317843556
                ],
                [
                    0.0,
                    0.0,
                    10.465556047856808,
                    10.158784271122276
                ]
            ],
            [
                [
                    0.0,
                    0.0,
                    19.515917482468737,
                    7.331634793280886
                ],
                [
                    0.0,
                    0.0,
                    16.711235637791816,
                    6.4708640268574635
                ]
            ]
        ],
        [
            [
                [
                    0.0,
                    0.0,
                    0.0,
                    19.869939356775866
                ],
                [
                    0.0,
                    0.0,
                    0.0,
                    15.127291433236236
                ]
            ],
            [
                [
                    0.0,
                    0.0,
                    0.0,
                    10.483921567907963
                ],
                [
                    0.0,
                    0.0,
                    0.0,
                    8.495478815798077
                ]
            ],
            [
                [
                    0.0,
                    0.0,
                    0.0,
