{
    "seed": 420,
    "ports": 4,
    "scenarios": 8,
    "obj": 1824.12381388194,
    "time": 2.4754199981689453,
    "gap": 0.0,
    "mean_load_per_port": [
        659.1816339492798,
        478.4466807121229,
        243.00930275004924
    ],
    "mean_teu_load_per_port": [
        784.0290760993958,
        4959.450039157151,
        20835.82771707724
    ],
    "mean_load_per_location": [
        [
            [
                [
                    0.0,
                    0.0,
                    0.0,
                    24.570626436339502
                ],
                [
                    0.0,
                    0.0,
                    0.0,
                    38.95388126373291
                ]
            ],
            [
                [
                    0.0,
                    0.0,
                    0.0,
                    37.11798572540283
                ],
                [
                    0.0,
                    0.0,
                    0.0,
                    34.116037130355835
                ]
            ],
            [
                [
                    0.0,
                    46.42105436325073,
                    0.0,
                    0.0
                ],
                [
                    0.0,
                    47.14033126831055,
                    0.0,
                    0.0
                ]
            ],
            [
                [
                    0.0,
                    0.0,
                    50.0,
                    0.0
                ],
                [
                    0.0,
                    0.0,
                    21.234022855758667,
                    0.0
                ]
            ],
            [
                [
                    0.0,
                    0.0,
                    38.19911104573142,
                    0.0
                ],
                [
                    0.0,
                    0.0,
                    33.338772773742676,
                    0.0
                ]
            ],
            [
                [
                    0.0,
                    50.0,
                    0.0,
                    0.0
                ],
                [
                    0.0,
                    43.25752466784585,
                    0.0,
                    0.0
                ]
            ],
            [
                [
                    0.0,
                    0.0,
                    0.0,
                    36.43916153907776
                ],
                [
                    0.0,
                    0.0,
                    0.0,
                    35.09872228039634
                ]
            ],
            [
                [
                    0.0,
                    9.056749493545947,
                    0.0,
                    0.0
                ],
                [
                    0.0,
                    28.40253678030437,
                    0.0,
                    0.0
                ]
            ],
            [
                [
                    0.0,
                    0.0,
                    0.0,
                    27.04663586616516
                ],
                [
                    0.0,
                    0.0,
                    0.0,
                    0.0
                ]
            ],
            [
                [
                    0.0,
                    0.0,
                    17.9093905104531,
                    0.0
                ],
                [
                    0.0,
                    0.0,
                    40.87908994886614,
                    0.0
                ]
            ]
        ],
        [
            [
                [
                    0.0,
                    0.0,
                    19.3143804743886,
                    16.820203855633736
                ],
                [
                    0.0,
                    0.0,
                    14.864307560026646,
                    14.035589456558228
                ]
            ],
            [
                [
                    0.0,
                    0.0,
                    6.375,
                    14.59756327047944
                ],
                [
                    0.0,
                    0.0,
                    5.681375305814925,
                    13.36440808326006
                ]
            ],
            [
                [
                    0.0,
                    0.0,
                    16.861182369291782,
                    13.294817447662354
                ],
                [
                    0.0,
                    0.0,
                    7.746165692806244,
                    11.244225680828094
                ]
            ],
            [
                [
                    0.0,
                    0.0,
                    21.854268062859774,
                    5.328704819083214
                ],
                [
                    0.0,
                    0.0,
                    8.695706129074097,
                    5.33486807346344
                ]
            ],
            [
                [
                    0.0,
                    0.0,
                    0.7801119983196259,
                    10.381982278078794
                ],
                [
                    0.0,
                    0.0,
                    11.599654018878937,
                    13.598629862070084
                ]
            ],
            [
                [
                    0.0,
                    0.0,
                    10.826380301266909,
                    12.543351486325262
                ],
                [
                    0.0,
                    0.0,
                    10.000589847564697,
                    19.04061371833086
                ]
            ],
            [
                [
                    0.0,
                    0.0,
                    10.662878811359406,
                    10.00178150460124
                ],
                [
                    0.0,
                    0.0,
                    12.589733105152845,
                    15.803349077701569
                ]
            ],
            [
                [
                    0.0,
                    0.0,
                    17.686167925596237,
                    9.53011366724968
                ],
                [
                    0.0,
                    0.0,
                    6.967635575681925,
                    15.392577886581421
                ]
            ],
            [
                [
                    0.0,
                    0.0,
                    9.540970861911774,
                    8.399917133152485
                ],
                [
                    0.0,
                    0.0,
                    10.192757520803296,
                    9.985039549795072
                ]
            ],
            [
                [
                    0.0,
                    0.0,
                    17.021083638072014,
                    14.610027257353067
                ],
                [
                    0.0,
                    0.0,
                    6.216217078268528,
                    19.662350326776505
                ]
            ]
        ],
        [
            [
                [
                    0.0,
                    0.0,
                    0.0,
                    24.17100043410107
                ],
                [
                    0.0,
                    0.0,
                    0.0,
                    14.460355249738143
                ]
            ],
            [
                [
                    0.0,
                    0.0,
                    0.0,
                    13.831339966157437
                ],
                [
                    0.0,
                    0.0,
                    0.0,
                    6.285003405010035
                ]
            ],
            [
                [
                    0.0,
                    0.0,
