{
    "seed": 367,
    "ports": 4,
    "scenarios": 20,
    "obj": 1603.9415133045432,
    "time": 14.374282836914062,
    "gap": 0.0009403221737403263,
    "mean_load_per_port": [
        514.0662633180618,
        486.0583129822934,
        225.74824344933882
    ],
    "mean_teu_load_per_port": [
        745.9799268245697,
        12969.330244906514,
        120842.83220152387
    ],
    "mean_load_per_location": [
        [
            [
                [
                    0.0,
                    0.0,
                    1.0,
                    0.0
                ],
                [
                    0.0,
                    0.0,
                    0.0,
                    0.0
                ]
            ],
            [
                [
                    0.0,
                    0.0,
                    0.0,
                    47.36587736159561
                ],
                [
                    0.0,
                    0.0,
                    0.0,
                    23.562993107736137
                ]
            ],
            [
                [
                    0.0,
                    0.0,
                    0.0,
                    27.424240827560425
                ],
                [
                    0.0,
                    0.0,
                    0.0,
                    30.16345453262329
                ]
            ],
            [
                [
                    0.0,
                    0.0,
                    43.94730785489082,
                    0.0
                ],
                [
                    0.0,
                    0.0,
                    26.981562614440918,
                    0.0
                ]
            ],
            [
                [
                    0.0,
                    25.0,
                    0.0,
                    0.0
                ],
                [
                    0.0,
                    8.85461139678955,
                    0.0,
                    0.0
                ]
            ],
            [
                [
                    0.0,
                    40.109988033771515,
                    0.0,
                    0.0
                ],
                [
                    0.0,
                    25.0,
                    0.0,
                    0.0
                ]
            ],
            [
                [
                    0.0,
                    0.0,
                    19.291337370872498,
                    0.0
                ],
                [
                    0.0,
                    0.0,
                    44.115240424871445,
                    0.0
                ]
            ],
            [
                [
                    0.0,
                    39.894788444042206,
                    0.0,
                    0.0
                ],
                [
                    0.0,
                    25.21519958972931,
                    0.0,
                    0.0
                ]
            ],
            [
                [
                    0.0,
                    0.0,
                    0.0,
                    22.62921530157325
                ],
                [
                    0.0,
                    0.0,
                    0.0,
                    37.527413964271545
                ]
            ],
            [
                [
                    0.0,
                    0.0,
                    0.0,
                    0.0
                ],
                [
                    0.0,
                    0.0,
                    0.0,
                    25.98303249329331
                ]
            ]
        ],
        [
            [
                [
                    0.0,
                    0.0,
                    10.550939029039338,
                    19.116216494831768
                ],
                [
                    0.0,
                    0.0,
                    11.059150804719216,
                    15.119981718268662
                ]
            ],
            [
                [
                    0.0,
                    0.0,
                    15.337825151064417,
                    13.682370175272226
                ],
                [
                    0.0,
                    0.0,
                    10.793856543886424,
                    12.707457690030717
                ]
            ],
            [
                [
                    0.0,
                    0.0,
                    11.93718087375164,
                    15.819547823530073
                ],
                [
                    0.0,
                    0.0,
                    12.742507836192004,
                    14.84988200366497
                ]
            ],
            [
                [
                    0.0,
                    0.0,
                    11.185429657696213,
                    9.805552250146865
                ],
                [
                    0.0,
                    0.0,
                    12.190415672512326,
                    12.316798733845037
                ]
            ],
            [
                [
                    0.0,
                    0.0,
                    22.29944489363121,
                    7.382083531469107
                ],
                [
                    0.0,
                    0.0,
                    17.970396432388842,
                    9.471164877054305
                ]
            ],
            [
                [
                    0.0,
                    0.0,
                    16.779987236112355,
                    8.433174002170563
                ],
                [
                    0.0,
                    0.0,
                    12.28458499610424,
                    7.972875994443894
                ]
            ],
            [
                [
                    0.0,
                    0.0,
                    8.457184145686242,
                    10.127808180451392
                ],
                [
                    0.0,
                    0.0,
                    8.310634204745293,
                    11.298193476423936
                ]
            ],
            [
                [
                    0.0,
                    0.0,
                    13.706521585583687,
                    5.483327562032745
                ],
                [
                    0.0,
                    0.0,
                    15.592354612160836,
                    9.828378101884457
                ]
            ],
            [
                [
                    0.0,
                    0.0,
                    10.82373278036567,
                    7.658499437570572
                ],
                [
                    0.0,
                    0.0,
                    9.163173978003806,
                    7.408090510730157
                ]
            ],
            [
                [
                    0.0,
                    0.0,
                    11.880095198750496,
                    15.068092489242554
                ],
                [
                    0.0,
                    0.0,
                    12.411576760804286,
                    17.03182553603089
                ]
            ]
        ],
        [
            [
                [
                    0.0,
                    0.0,
                    0.0,
                    21.8086489417554
                ],
                [
                    0.0,
                    0.0,
                    0.0,
                    14.27530219401913
                ]
            ],
            [
                [
                    0.0,
                    0.0,
                    0.0,
                    10.540563031127428
                ],
                [
                    0.0,
                    0.0,
                    0.0,
                    7.188784293443413
                ]
            ],
            [
                [
                    0.0,
