{
    "seed": 252,
    "ports": 4,
    "scenarios": 24,
    "obj": 1455.1021405852614,
    "time": 27.71675181388855,
    "gap": 0.0007395273951761798,
    "mean_load_per_port": [
        452.5682454109192,
        498.480967634114,
        219.43527689240526
    ],
    "mean_teu_load_per_port": [
        567.9933943748474,
        16057.876399967974,
        169765.16541869004
    ],
    "mean_load_per_location": [
        [
            [
                [
                    0.0,
                    50.0,
                    0.0,
                    0.0
                ],
                [
                    0.0,
                    4.298961162567139,
                    0.0,
                    0.0
                ]
            ],
            [
                [
                    0.0,
                    19.521834376123195,
                    0.0,
                    0.0
                ],
                [
                    0.0,
                    21.011258602142334,
                    0.0,
                    0.0
                ]
            ],
            [
                [
                    0.0,
                    0.0,
                    37.0583697160085,
                    0.0
                ],
                [
                    0.0,
                    0.0,
                    6.346071243286133,
                    0.0
                ]
            ],
            [
                [
                    0.0,
                    0.0,
                    0.0,
                    31.854661464691162
                ],
                [
                    0.0,
                    0.0,
                    0.0,
                    37.882958928744
                ]
            ],
            [
                [
                    0.0,
                    0.0,
                    36.9410727818807,
                    0.0
                ],
                [
                    0.0,
                    0.0,
                    6.46336817741394,
                    0.0
                ]
            ],
            [
                [
                    0.0,
                    3.4226319789886475,
                    0.0,
                    0.0
                ],
                [
                    0.0,
                    42.47613239023423,
                    0.0,
                    0.0
                ]
            ],
            [
                [
                    0.0,
                    0.0,
                    0.0,
                    22.7537268426683
                ],
                [
                    0.0,
                    0.0,
                    0.0,
                    44.48957014083862
                ]
            ],
            [
                [
                    0.0,
                    0.0,
                    0.46278985341389944,
                    0.0
                ],
                [
                    0.0,
                    0.0,
                    0.0,
                    0.0
                ]
            ],
            [
                [
                    0.0,
                    15.597652912139893,
                    0.0,
                    0.0
                ],
                [
                    0.0,
                    47.86016392707825,
                    0.0,
                    0.0
                ]
            ],
            [
                [
                    0.0,
                    0.0,
                    0.0,
                    20.038711071014404
                ],
                [
                    0.0,
                    0.0,
                    0.0,
                    4.088309841685849
                ]
            ]
        ],
        [
            [
                [
                    0.0,
                    0.0,
                    19.697087175029946,
                    9.895639191071192
                ],
                [
                    0.0,
                    0.0,
                    11.226651648228822,
                    11.17037758231163
                ]
            ],
            [
                [
                    0.0,
                    0.0,
                    16.64692252329431,
                    14.53631766140461
                ],
                [
                    0.0,
                    0.0,
                    10.71513925989469,
                    9.826638408831187
                ]
            ],
            [
                [
                    0.0,
                    0.0,
                    10.7802892451485,
                    16.85383740248102
                ],
                [
                    0.0,
                    0.0,
                    14.961606215685606,
                    15.147079652796188
                ]
            ],
            [
                [
                    0.0,
                    0.0,
                    8.87194721908613,
                    11.292127991716066
                ],
                [
                    0.0,
                    0.0,
                    13.298533280580633,
                    12.99623984308956
                ]
            ],
            [
                [
                    0.0,
                    0.0,
                    22.14125939334191,
                    7.013670315345128
                ],
                [
                    0.0,
                    0.0,
                    15.525965717126676,
                    14.094018579263128
                ]
            ],
            [
                [
                    0.0,
                    0.0,
                    12.170639354735613,
                    8.775296946366629
                ],
                [
                    0.0,
                    0.0,
                    12.073323330139017,
                    14.436786483662823
                ]
            ],
            [
                [
                    0.0,
                    0.0,
                    15.515710611839367,
                    5.551950095277845
                ],
                [
                    0.0,
                    0.0,
                    16.400406586627167,
                    9.62596153219541
                ]
            ],
            [
                [
                    0.0,
                    0.0,
                    13.665409183752962,
                    6.855123603125701
                ],
                [
                    0.0,
                    0.0,
                    8.040367873247042,
                    15.911544136531719
                ]
            ],
            [
                [
                    0.0,
                    0.0,
                    8.58837959462237,
                    13.062539415619455
                ],
                [
                    0.0,
                    0.0,
                    11.924885650165379,
                    12.775864249537468
                ]
            ],
            [
                [
                    0.0,
                    0.0,
                    10.648340571189348,
                    10.656661902864775
                ],
                [
                    0.0,
                    0.0,
                    10.080299929646442,
                    15.030128277240491
                ]
            ]
        ],
        [
            [
                [
                    0.0,
                    0.0,
                    0.0,
                    21.927516863816514
                ],
                [
                    0.0,
                    0.0,
                    0.0,
                    13.081526338584471
                ]
            ],
            [
                [
                    0.0,
                    0.0,
                    0.0,
                    10.093657110738718
                ],
                [
                    0.0,
                    0.0,
                    0.0,
                    7.3946672182214
                ]
            ],
            [
                [
