{
    "seed": 108,
    "ports": 4,
    "scenarios": 4,
    "obj": 967.2235226875011,
    "time": 0.6507301330566406,
    "gap": 0.0008772081766515063,
    "mean_load_per_port": [
        481.035338640213,
        367.7377810918442,
        120.01988758126404
    ],
    "mean_teu_load_per_port": [
        664.3772413730621,
        2081.6055419390614,
        2338.7756046399877
    ],
    "mean_load_per_location": [
        [
            [
                [
                    0.0,
                    0.0,
                    0.0,
                    50.0
                ],
                [
                    0.0,
                    0.0,
                    0.0,
                    50.0
                ]
            ],
            [
                [
                    0.0,
                    15.266003251075748,
                    0.0,
                    0.0
                ],
                [
                    0.0,
                    0.0,
                    0.0,
                    0.0
                ]
            ],
            [
                [
                    0.0,
                    25.699790239334106,
                    0.0,
                    0.0
                ],
                [
                    0.0,
                    42.86350870132446,
                    0.0,
                    0.0
                ]
            ],
            [
                [
                    0.0,
                    0.0,
                    0.0,
                    0.0
                ],
                [
                    0.0,
                    5.378383159637451,
                    0.0,
                    0.0
                ]
            ],
            [
                [
                    0.0,
                    0.0,
                    25.0,
                    0.0
                ],
                [
                    0.0,
                    0.0,
                    25.0,
                    0.0
                ]
            ],
            [
                [
                    0.0,
                    0.0,
                    39.01390552520752,
                    0.0
                ],
                [
                    0.0,
                    0.0,
                    31.386338531970978,
                    0.0
                ]
            ],
            [
                [
                    0.0,
                    14.416784882545471,
                    0.0,
                    0.0
                ],
                [
                    0.0,
                    7.150734901428223,
                    0.0,
                    0.0
                ]
            ],
            [
                [
                    0.0,
                    0.0,
                    50.0,
                    0.0
                ],
                [
                    0.0,
                    0.0,
                    48.8327242732048,
                    0.0
                ]
            ],
            [
                [
                    0.0,
                    0.0,
                    0.0,
                    0.0
                ],
                [
                    0.0,
                    0.0,
                    0.0,
                    0.0
                ]
            ],
            [
                [
                    0.0,
                    0.0,
                    0.0,
                    19.251462697982788
                ],
                [
                    0.0,
                    0.0,
                    0.0,
                    31.775702476501465
                ]
            ]
        ],
        [
            [
                [
                    0.0,
                    0.0,
                    7.599356852514415,
                    9.349426627159119
                ],
                [
                    0.0,
                    0.0,
                    20.647578835487366,
                    10.34202265739441
                ]
            ],
            [
                [
                    0.0,
                    0.0,
                    19.694706383606416,
                    0.0
                ],
                [
                    0.0,
                    0.0,
                    1.4735888455386894,
                    12.5
                ]
            ],
            [
                [
                    0.0,
                    0.0,
                    4.192797899246216,
                    0.0
                ],
                [
                    0.0,
                    0.0,
                    2.6437201499938965,
                    6.350088855624198
                ]
            ],
            [
                [
                    0.0,
                    0.0,
                    9.456090927124023,
                    0.0
                ],
                [
                    0.0,
                    0.0,
                    19.992599964141846,
                    11.43348503112793
                ]
            ],
            [
                [
                    0.0,
                    0.0,
                    0.0,
                    2.9415793418884277
                ],
                [
                    0.0,
                    0.0,
                    1.3620369521064328,
                    9.639931678771973
                ]
            ],
            [
                [
                    0.0,
                    0.0,
                    11.426856875419617,
                    0.0
                ],
                [
                    0.0,
                    0.0,
                    7.814009338471448,
                    0.25
                ]
            ],
            [
                [
                    0.0,
                    0.0,
                    0.0,
                    29.494942665100098
                ],
                [
                    0.0,
                    0.0,
                    24.3374285697937,
                    12.5
                ]
            ],
            [
                [
                    0.0,
                    0.0,
                    19.281996607780457,
                    19.561017632484436
                ],
                [
                    0.0,
                    0.0,
                    0.25,
                    17.09816265106201
                ]
            ],
            [
                [
                    0.0,
                    0.0,
                    3.735175667930498,
                    18.568719903266008
                ],
                [
                    0.0,
                    0.0,
                    8.3557990647205,
                    9.368749723518718
                ]
            ],
            [
                [
                    0.0,
                    0.0,
                    17.56254086306589,
                    4.598465933084089
                ],
                [
                    0.0,
                    0.0,
                    10.052364766597748,
                    3.862539827823639
                ]
            ]
        ],
        [
            [
                [
                    0.0,
                    0.0,
                    0.0,
                    11.831497012604352
                ],
                [
                    0.0,
                    0.0,
                    0.0,
                    4.335000938847942
                ]
            ],
            [
                [
                    0.0,
                    0.0,
                    0.0,
                    2.708375930786133
                ],
                [
                    0.0,
                    0.0,
                    0.0,
                    17.418643936514854
                ]
            ],
            [
                [
                    0.0,
                    0.0,
                    0.0,
                    0.37353459000587463
                ],
                [
                    0.0,
                    0.0,
                    0.0,
