{
    "seed": 48,
    "ports": 4,
    "scenarios": 20,
    "obj": 1591.7410658089036,
    "time": 16.324999809265137,
    "gap": 0.0009187376229736831,
    "mean_load_per_port": [
        518.8128669261932,
        508.45744418852485,
        224.16177169840373
    ],
    "mean_teu_load_per_port": [
        713.2729036808014,
        13816.06989584696,
        120259.36871944422
    ],
    "mean_load_per_location": [
        [
            [
                [
                    0.0,
                    25.0,
                    0.0,
                    0.0
                ],
                [
                    0.0,
                    32.533278465270996,
                    0.0,
                    0.0
                ]
            ],
            [
                [
                    0.0,
                    31.35059952735901,
                    0.0,
                    0.0
                ],
                [
                    0.0,
                    29.58572083711624,
                    0.0,
                    0.0
                ]
            ],
            [
                [
                    0.0,
                    0.0,
                    0.0,
                    25.0
                ],
                [
                    0.0,
                    0.0,
                    0.0,
                    43.76689636707306
                ]
            ],
            [
                [
                    0.0,
                    0.0,
                    12.978700637817383,
                    0.0
                ],
                [
                    0.0,
                    0.0,
                    28.693777799606323,
                    0.0
                ]
            ],
            [
                [
                    0.0,
                    0.0,
                    0.0,
                    38.15481996536255
                ],
                [
                    0.0,
                    0.0,
                    0.0,
                    33.4121208190918
                ]
            ],
            [
                [
                    0.0,
                    0.0,
                    10.145822525024414,
                    0.0
                ],
                [
                    0.0,
                    0.0,
                    25.279247283935547,
                    0.0
                ]
            ],
            [
                [
                    0.0,
                    0.0,
                    10.787912368774414,
                    0.0
                ],
                [
                    0.0,
                    0.0,
                    22.48101234436035,
                    0.0
                ]
            ],
            [
                [
                    0.0,
                    47.07855898141861,
                    0.0,
                    0.0
                ],
                [
                    0.0,
                    21.17749786376953,
                    0.0,
                    0.0
                ]
            ],
            [
                [
                    0.0,
                    0.0,
                    0.0,
                    45.15083694458008
                ],
                [
                    0.0,
                    0.0,
                    0.0,
                    16.29632294178009
                ]
            ],
            [
                [
                    0.0,
                    0.0,
                    0.0,
                    0.0
                ],
                [
                    0.0,
                    19.939741253852844,
                    0.0,
                    0.0
                ]
            ]
        ],
        [
            [
                [
                    0.0,
                    0.0,
                    22.271692762691124,
                    11.167508916556836
                ],
                [
                    0.0,
                    0.0,
                    17.12893333526288,
                    11.130881352326648
                ]
            ],
            [
                [
                    0.0,
                    0.0,
                    12.931902867643577,
                    19.11373028506835
                ],
                [
                    0.0,
                    0.0,
                    5.719704359769821,
                    14.802020724117757
                ]
            ],
            [
                [
                    0.0,
                    0.0,
                    19.697512936183355,
                    11.060435247421264
                ],
                [
                    0.0,
                    0.0,
                    11.62544524470965,
                    13.354866460020423
                ]
            ],
            [
                [
                    0.0,
                    0.0,
                    8.867615397274495,
                    17.366833217442036
                ],
                [
                    0.0,
                    0.0,
                    12.411503428636337,
                    13.38365057359139
                ]
            ],
            [
                [
                    0.0,
                    0.0,
                    19.5028390274263,
                    9.998587080260116
                ],
                [
                    0.0,
                    0.0,
                    16.07406196188078,
                    13.613222125599785
                ]
            ],
            [
                [
                    0.0,
                    0.0,
                    12.036792794951342,
                    11.289646260440353
                ],
                [
                    0.0,
                    0.0,
                    13.160635900497436,
                    7.76997661292553
                ]
            ],
            [
                [
                    0.0,
                    0.0,
                    15.15370016685273,
                    9.65857446193695
                ],
                [
                    0.0,
                    0.0,
                    15.494949397444724,
                    14.082764127173212
                ]
            ],
            [
                [
                    0.0,
                    0.0,
                    5.896197628378865,
                    12.88146168490251
                ],
                [
                    0.0,
                    0.0,
                    12.50314661106612,
                    9.179257910989815
                ]
            ],
            [
                [
                    0.0,
                    0.0,
                    10.686618754267693,
                    13.917091289162636
                ],
                [
                    0.0,
                    0.0,
                    13.79171895619595,
                    11.209471380710601
                ]
            ],
            [
                [
                    0.0,
                    0.0,
                    11.974586835415618,
                    9.81056985221306
                ],
                [
                    0.0,
                    0.0,
                    8.36983264843623,
                    8.367503610680503
                ]
            ]
        ],
        [
            [
                [
                    0.0,
                    0.0,
                    0.0,
                    21.42626556679885
                ],
                [
                    0.0,
                    0.0,
                    0.0,
                    14.325713675206703
                ]
            ],
            [
                [
                    0.0,
                    0.0,
                    0.0,
                    10.186141908255413
                ],
                [
                    0.0,
                    0.0,
                    0.0,
                    7.26465645192655
                ]
            ],
            [
                [
