{
    "seed": 273,
    "ports": 4,
    "scenarios": 24,
    "obj": 1700.651257933731,
    "time": 28.868745803833008,
    "gap": 2.9473461273605088e-05,
    "mean_load_per_port": [
        636.268129825592,
        485.65297899868,
        224.73072701198484
    ],
    "mean_teu_load_per_port": [
        853.3685216903687,
        15794.56488716569,
        173642.01679125254
    ],
    "mean_load_per_location": [
        [
            [
                [
                    0.0,
                    0.0,
                    0.0,
                    50.0
                ],
                [
                    0.0,
                    0.0,
                    0.0,
                    16.64915418624878
                ]
            ],
            [
                [
                    0.0,
                    40.334285736083984,
                    0.0,
                    0.0
                ],
                [
                    0.0,
                    47.05294609069824,
                    0.0,
                    0.0
                ]
            ],
            [
                [
                    0.0,
                    23.752123832702637,
                    0.0,
                    0.0
                ],
                [
                    0.0,
                    25.0,
                    0.0,
                    0.0
                ]
            ],
            [
                [
                    0.0,
                    17.992063522338867,
                    0.0,
                    0.0
                ],
                [
                    0.0,
                    20.32965660095215,
                    0.0,
                    0.0
                ]
            ],
            [
                [
                    0.0,
                    0.0,
                    0.0,
                    35.81668281555176
                ],
                [
                    0.0,
                    0.0,
                    0.0,
                    12.53477168083191
                ]
            ],
            [
                [
                    0.0,
                    0.0,
                    44.101725578308105,
                    0.0
                ],
                [
                    0.0,
                    0.0,
                    44.98785758018494,
                    0.0
                ]
            ],
            [
                [
                    0.0,
                    25.0,
                    0.0,
                    0.0
                ],
                [
                    0.0,
                    40.33741760253906,
                    0.0,
                    0.0
                ]
            ],
            [
                [
                    0.0,
                    0.0,
                    0.0,
                    32.88812828063965
                ],
                [
                    0.0,
                    0.0,
                    0.0,
                    47.73406720161438
                ]
            ],
            [
                [
                    0.0,
                    0.0,
                    25.0,
                    0.0
                ],
                [
                    0.0,
                    0.0,
                    9.910688638687134,
                    0.0
                ]
            ],
            [
                [
                    0.0,
                    0.0,
                    50.0,
                    0.0
                ],
                [
                    0.0,
                    0.0,
                    26.84656047821045,
                    0.0
                ]
            ]
        ],
        [
            [
                [
                    0.0,
                    0.0,
                    21.884155829537068,
                    7.984080317119758
                ],
                [
                    0.0,
                    0.0,
                    13.912939255612352,
                    11.862096780616683
                ]
            ],
            [
                [
                    0.0,
                    0.0,
                    12.339691221288696,
                    12.888452610893246
                ],
                [
                    0.0,
                    0.0,
                    13.05605372261507,
                    11.160727908307317
                ]
            ],
            [
                [
                    0.0,
                    0.0,
                    11.597729607382368,
                    13.064372464636753
                ],
                [
                    0.0,
                    0.0,
                    15.07503749430211,
                    11.294251536217063
                ]
            ],
            [
                [
                    0.0,
                    0.0,
                    12.30265693407167,
                    14.21562976823642
                ],
                [
                    0.0,
                    0.0,
                    7.793114775667088,
                    12.974604144326179
                ]
            ],
            [
                [
                    0.0,
                    0.0,
                    17.60279485757207,
                    6.591047441921202
                ],
                [
                    0.0,
                    0.0,
                    22.361017180360964,
                    9.76367854064541
                ]
            ],
            [
                [
                    0.0,
                    0.0,
                    10.491307664622882,
                    9.154658569279869
                ],
                [
                    0.0,
                    0.0,
                    11.625283938224456,
                    12.780519907515652
                ]
            ],
            [
                [
                    0.0,
                    0.0,
                    10.686354915065627,
                    10.195586556803521
                ],
                [
                    0.0,
                    0.0,
                    9.428768387693705,
                    14.238555242659592
                ]
            ],
            [
                [
                    0.0,
                    0.0,
                    8.893314317893322,
                    11.753540154911363
                ],
                [
                    0.0,
                    0.0,
                    10.297608738883227,
                    11.60813600104904
                ]
            ],
            [
                [
                    0.0,
                    0.0,
                    6.430139874943401,
                    15.641238497897456
                ],
                [
                    0.0,
                    0.0,
                    8.26368245483087,
                    11.962708127564012
                ]
            ],
            [
                [
                    0.0,
                    0.0,
                    14.584685405137085,
                    14.908610748317377
                ],
                [
                    0.0,
                    0.0,
                    12.53666054193883,
                    10.447486562119163
                ]
            ]
        ],
        [
            [
                [
                    0.0,
                    0.0,
                    0.0,
                    22.216713291429297
                ],
                [
                    0.0,
                    0.0,
                    0.0,
                    14.082438192487109
                ]
            ],
            [
                [
                    0.0,
                    0.0,
                    0.0,
                    10.473054156829567
                ],
                [
                    0.0,
                    0.0,
                    0.0,
                    6.783980918808581
                ]
            ],
            [
                [
                    0.0,
