{
    "seed": 393,
    "ports": 4,
    "scenarios": 4,
    "obj": 1786.3972139412967,
    "time": 39.90258598327637,
    "gap": 0.00038602302412310145,
    "mean_load_per_port": [
        637.673675596714,
        484.75948916802554,
        254.69973757404705
    ],
    "mean_teu_load_per_port": [
        910.8820352554321,
        2590.8809401453323,
        5410.824849989363
    ],
    "mean_load_per_location": [
        [
            [
                [
                    0.0,
                    47.90427596569057,
                    0.0,
                    0.0
                ],
                [
                    0.0,
                    25.631794929504395,
                    0.0,
                    0.0
                ]
            ],
            [
                [
                    0.0,
                    25.0,
                    0.0,
                    0.0
                ],
                [
                    0.0,
                    49.404185700416605,
                    0.0,
                    0.0
                ]
            ],
            [
                [
                    0.0,
                    0.0,
                    48.411787033081055,
                    0.0
                ],
                [
                    0.0,
                    0.0,
                    25.0,
                    0.0
                ]
            ],
            [
                [
                    0.0,
                    0.0,
                    50.0,
                    0.0
                ],
                [
                    0.0,
                    0.0,
                    25.0,
                    0.0
                ]
            ],
            [
                [
                    0.0,
                    0.0,
                    0.0,
                    22.82038688659668
                ],
                [
                    0.0,
                    0.0,
                    0.0,
                    39.4543776512146
                ]
            ],
            [
                [
                    0.0,
                    0.0,
                    0.0,
                    14.708093643188477
                ],
                [
                    0.0,
                    0.0,
                    0.0,
                    0.0
                ]
            ],
            [
                [
                    0.0,
                    0.0,
                    0.0,
                    25.0
                ],
                [
                    0.0,
                    0.0,
                    0.0,
                    25.0
                ]
            ],
            [
                [
                    0.0,
                    0.0,
                    41.98669320344925,
                    0.0
                ],
                [
                    0.0,
                    0.0,
                    50.0,
                    0.0
                ]
            ],
            [
                [
                    0.0,
                    25.0,
                    0.0,
                    0.0
                ],
                [
                    0.0,
                    20.777748823165894,
                    0.0,
                    0.0
                ]
            ],
            [
                [
                    0.0,
                    0.0,
                    0.0,
                    35.40712356567383
                ],
                [
                    0.0,
                    0.0,
                    0.0,
                    41.167208194732666
                ]
            ]
        ],
        [
            [
                [
                    0.0,
                    0.0,
                    4.319151900286732,
                    34.34821256299813
                ],
                [
                    0.0,
                    0.0,
                    12.5,
                    18.963142216205597
                ]
            ],
            [
                [
                    0.0,
                    0.0,
                    12.5,
                    14.210233449935913
                ],
                [
                    0.0,
                    0.0,
                    12.5,
                    6.984639465808868
                ]
            ],
            [
                [
                    0.0,
                    0.0,
                    22.364847119686633,
                    10.793652132153511
                ],
                [
                    0.0,
                    0.0,
                    8.350301657083005,
                    0.0
                ]
            ],
            [
                [
                    0.0,
                    0.0,
                    15.080893639686078,
                    0.0
                ],
                [
                    0.0,
                    0.0,
                    16.18967342376709,
                    4.261107444763184
                ]
            ],
            [
                [
                    0.0,
                    0.0,
                    31.520880322692424,
                    0.34051017463207245
                ],
                [
                    0.0,
                    0.0,
                    11.40139353275299,
                    2.040532112121582
                ]
            ],
            [
                [
                    0.0,
                    0.0,
                    7.295853495597839,
                    9.771105490624905
                ],
                [
                    0.0,
                    0.0,
                    1.8611514568328857,
                    32.37616482377052
                ]
            ],
            [
                [
                    0.0,
                    0.0,
                    6.8911974849524205,
                    9.961337089538574
                ],
                [
                    0.0,
                    0.0,
                    2.585549712181091,
                    17.04242253303528
                ]
            ],
            [
                [
                    0.0,
                    0.0,
                    16.083949148654938,
                    10.558066174387932
                ],
                [
                    0.0,
                    0.0,
                    12.071927964687347,
                    11.245278134445355
                ]
            ],
            [
                [
                    0.0,
                    0.0,
                    14.963486671447754,
                    0.0
                ],
                [
                    0.0,
                    0.0,
                    20.069829121232033,
                    1.6399228125810623
                ]
            ],
            [
                [
                    0.0,
                    0.0,
                    27.957318484783173,
                    10.643024325370789
                ],
                [
                    0.0,
                    0.0,
                    27.066278785467148,
                    6.006454303860664
                ]
            ]
        ],
        [
            [
                [
                    0.0,
                    0.0,
                    0.0,
                    31.92868319481966
                ],
                [
                    0.0,
                    0.0,
                    0.0,
                    16.025883273146047
                ]
            ],
            [
                [
                    0.0,
                    0.0,
                    0.0,
                    4.016063505783677
                ],
                [
                    0.0,
                    0.0,
                    0.0,
                    11.81525135047053
                ]
            ],
            [
                [
                    0.0,
                    0.0,
                    0.0,
                    14.647400053514723
                ],
                [
