{
    "seed": 162,
    "ports": 4,
    "scenarios": 4,
    "obj": 1721.1495573999116,
    "time": 0.7946169376373291,
    "gap": 0.0,
    "mean_load_per_port": [
        583.5673365592957,
        523.0337553204514,
        227.67050450798666
    ],
    "mean_teu_load_per_port": [
        814.8336403369904,
        2801.413367522326,
        5041.127419886888
    ],
    "mean_load_per_location": [
        [
            [
                [
                    0.0,
                    25.0,
                    0.0,
                    0.0
                ],
                [
                    0.0,
                    19.877765778885642,
                    0.0,
                    0.0
                ]
            ],
            [
                [
                    0.0,
                    0.0,
                    0.0,
                    12.512748718261719
                ],
                [
                    0.0,
                    0.0,
                    0.0,
                    19.296542525291436
                ]
            ],
            [
                [
                    0.0,
                    0.0,
                    0.0,
                    29.71033990799026
                ],
                [
                    0.0,
                    0.0,
                    0.0,
                    33.454811096191406
                ]
            ],
            [
                [
                    0.0,
                    0.0,
                    50.0,
                    0.0
                ],
                [
                    0.0,
                    0.0,
                    32.72668313564225,
                    0.0
                ]
            ],
            [
                [
                    0.0,
                    35.66096497399898,
                    0.0,
                    0.0
                ],
                [
                    0.0,
                    27.504186030182684,
                    0.0,
                    0.0
                ]
            ],
            [
                [
                    0.0,
                    0.0,
                    0.0,
                    32.72668313564225
                ],
                [
                    0.0,
                    0.0,
                    0.0,
                    50.0
                ]
            ],
            [
                [
                    0.0,
                    0.0,
                    48.06244886337356,
                    0.0
                ],
                [
                    0.0,
                    0.0,
                    15.102702140808105,
                    0.0
                ]
            ],
            [
                [
                    0.0,
                    47.96136474609375,
                    0.0,
                    0.0
                ],
                [
                    0.0,
                    0.0,
                    0.0,
                    0.0
                ]
            ],
            [
                [
                    0.0,
                    34.72411083343355,
                    0.0,
                    0.0
                ],
                [
                    0.0,
                    13.200237274169922,
                    0.0,
                    0.0
                ]
            ],
            [
                [
                    0.0,
                    0.0,
                    25.0,
                    0.0
                ],
                [
                    0.0,
                    0.0,
                    31.04574739933014,
                    0.0
                ]
            ]
        ],
        [
            [
                [
                    0.0,
                    0.0,
                    12.5,
                    24.040433883666992
                ],
                [
                    0.0,
                    0.0,
                    16.286266803741455,
                    12.776885688304901
                ]
            ],
            [
                [
                    0.0,
                    0.0,
                    0.0,
                    24.44858618080616
                ],
                [
                    0.0,
                    0.0,
                    0.0,
                    25.957230548189965
                ]
            ],
            [
                [
                    0.0,
                    0.0,
                    10.967207849025726,
                    1.8944009691476822
                ],
                [
                    0.0,
                    0.0,
                    20.86114774644375,
                    1.841289460659027
                ]
            ],
            [
                [
                    0.0,
                    0.0,
                    4.473623275756836,
                    12.914972364902496
                ],
                [
                    0.0,
                    0.0,
                    14.10008990764618,
                    13.284505605697632
                ]
            ],
            [
                [
                    0.0,
                    0.0,
                    12.521497394876441,
                    16.613635659217834
                ],
                [
                    0.0,
                    0.0,
                    4.96406102180481,
                    12.864106178283691
                ]
            ],
            [
                [
                    0.0,
                    0.0,
                    31.038988173007965,
                    0.0
                ],
                [
                    0.0,
                    0.0,
                    33.50836048599407,
                    0.0
                ]
            ],
            [
                [
                    0.0,
                    0.0,
                    10.09524095853169,
                    10.70506289227482
                ],
                [
                    0.0,
                    0.0,
                    2.79652738571167,
                    14.641527235507965
                ]
            ],
            [
                [
                    0.0,
                    0.0,
                    25.89411896467209,
                    6.25
                ],
                [
                    0.0,
                    0.0,
                    11.665334463119507,
                    11.725936233997345
                ]
            ],
            [
                [
                    0.0,
                    0.0,
                    14.344044208526611,
                    20.038954257965088
                ],
                [
                    0.0,
                    0.0,
                    15.439562022686005,
                    13.897360548377037
                ]
            ],
            [
                [
                    0.0,
                    0.0,
                    12.251897096633911,
                    12.560031980276108
                ],
                [
                    0.0,
                    0.0,
                    6.663539409637451,
                    26.20732846536048
                ]
            ]
        ],
        [
            [
                [
                    0.0,
                    0.0,
                    0.0,
                    28.839776415137067
                ],
                [
                    0.0,
                    0.0,
                    0.0,
                    17.57500308485163
                ]
            ],
            [
                [
                    0.0,
                    0.0,
                    0.0,
                    1.0856680870056152
                ],
                [
                    0.0,
                    0.0,
                    0.0,
                    7.856934202523429
                ]
            ],
            [
                [
                    0.0,
                    0.0,
                    0.0,
                    9.62434320127727
                ],
