{
    "seed": 108,
    "ports": 4,
    "scenarios": 24,
    "obj": 1548.1014581292557,
    "time": 26.718639850616455,
    "gap": 0.0007552666959673728,
    "mean_load_per_port": [
        481.035338640213,
        502.2242851953318,
        224.86887244278958
    ],
    "mean_teu_load_per_port": [
        664.3772413730621,
        16324.664144819253,
        174990.71717820823
    ],
    "mean_load_per_location": [
        [
            [
                [
                    0.0,
                    0.0,
                    50.0,
                    0.0
                ],
                [
                    0.0,
                    0.0,
                    48.8327242732048,
                    0.0
                ]
            ],
            [
                [
                    0.0,
                    0.0,
                    0.0,
                    11.156922578811646
                ],
                [
                    0.0,
                    0.0,
                    0.0,
                    10.410597205162048
                ]
            ],
            [
                [
                    0.0,
                    0.0,
                    0.0,
                    0.0
                ],
                [
                    0.0,
                    0.0,
                    0.0,
                    0.0
                ]
            ],
            [
                [
                    0.0,
                    35.01223015785217,
                    0.0,
                    0.0
                ],
                [
                    0.0,
                    33.85680627822876,
                    0.0,
                    0.0
                ]
            ],
            [
                [
                    0.0,
                    25.0,
                    0.0,
                    0.0
                ],
                [
                    0.0,
                    16.906168699264526,
                    0.0,
                    0.0
                ]
            ],
            [
                [
                    0.0,
                    0.0,
                    0.0,
                    27.959362030029297
                ],
                [
                    0.0,
                    0.0,
                    0.0,
                    44.45217514038086
                ]
            ],
            [
                [
                    0.0,
                    0.0,
                    0.0,
                    0.0
                ],
                [
                    0.0,
                    0.0,
                    0.0,
                    21.540257573127747
                ]
            ],
            [
                [
                    0.0,
                    0.0,
                    25.0,
                    0.0
                ],
                [
                    0.0,
                    0.0,
                    25.0,
                    0.0
                ]
            ],
            [
                [
                    0.0,
                    0.0,
                    45.1141414642334,
                    0.0
                ],
                [
                    0.0,
                    0.0,
                    25.2861025929451,
                    0.0
                ]
            ],
            [
                [
                    0.0,
                    0.0,
                    0.0,
                    24.306368017196622
                ],
                [
                    0.0,
                    0.0,
                    0.0,
                    11.201482629776034
                ]
            ]
        ],
        [
            [
                [
                    0.0,
                    0.0,
                    24.737905745170078,
                    7.04173626115814
                ],
                [
                    0.0,
                    0.0,
                    13.387466786984788,
                    10.134167247762283
                ]
            ],
            [
                [
                    0.0,
                    0.0,
                    17.164667452279573,
                    13.735123863887145
                ],
                [
                    0.0,
                    0.0,
                    7.954762731646819,
                    16.054459512308245
                ]
            ],
            [
                [
                    0.0,
                    0.0,
                    18.987436197258745,
                    9.203456173340479
                ],
                [
                    0.0,
                    0.0,
                    14.48079701632925,
                    13.119542311314843
                ]
            ],
            [
                [
                    0.0,
                    0.0,
                    10.189820164934575,
                    10.194067386289438
                ],
                [
                    0.0,
                    0.0,
                    9.240643472689687,
                    14.22438125604618
                ]
            ],
            [
                [
                    0.0,
                    0.0,
                    19.74552483121172,
                    12.175350022191802
                ],
                [
                    0.0,
                    0.0,
                    10.849173861245314,
                    18.953458805568516
                ]
            ],
            [
                [
                    0.0,
                    0.0,
                    4.590007557223239,
                    14.661660138041606
                ],
                [
                    0.0,
                    0.0,
                    7.948976879828,
                    14.879334890138773
                ]
            ],
            [
                [
                    0.0,
                    0.0,
                    5.910698226342599,
                    18.018822829859946
                ],
                [
                    0.0,
                    0.0,
                    12.407445516411949,
                    12.649308225644758
                ]
            ],
            [
                [
                    0.0,
                    0.0,
                    10.703327801334632,
                    10.588562973116053
                ],
                [
                    0.0,
                    0.0,
                    15.117995996971551,
                    9.274622759466288
                ]
            ],
            [
                [
                    0.0,
                    0.0,
                    8.721843895812826,
                    15.872696787205099
                ],
                [
                    0.0,
                    0.0,
                    13.755839189889704,
                    4.053603098738951
                ]
            ],
            [
                [
                    0.0,
                    0.0,
                    13.684738842585027,
                    12.678952464523414
                ],
                [
                    0.0,
                    0.0,
                    17.287274927215496,
                    7.844631095364265
                ]
            ]
        ],
        [
            [
                [
                    0.0,
                    0.0,
                    0.0,
                    21.136863893187105
                ],
                [
                    0.0,
                    0.0,
                    0.0,
                    13.747828746326785
                ]
            ],
            [
                [
                    0.0,
                    0.0,
                    0.0,
                    10.694252731809144
                ],
                [
                    0.0,
                    0.0,
                    0.0,
                    8.37282549570326
                ]
            ],
            [
                [
                    0.0,
                    0.0,
