{
    "seed": 45,
    "ports": 4,
    "scenarios": 28,
    "obj": 928.955329360736,
    "time": 6528.380223035812,
    "gap": 0.0,
    "mean_load_per_port": [
        557.2878956794739,
        41.975403789324396,
        21.642561912272928
    ],
    "mean_teu_load_per_port": [
        735.8355054855347,
        1914.4319890180268,
        25633.45804500336
    ],
    "mean_load_per_location": [
        [
            [
                [
                    0.0,
                    0.0,
                    42.807602882385254,
                    0.0
                ],
                [
                    0.0,
                    0.0,
                    25.0,
                    0.0
                ]
            ],
            [
                [
                    0.0,
                    0.0,
                    7.709987640380859,
                    0.0
                ],
                [
                    0.0,
                    0.0,
                    19.236515045166016,
                    0.0
                ]
            ],
            [
                [
                    0.0,
                    50.0,
                    0.0,
                    0.0
                ],
                [
                    0.0,
                    25.0,
                    0.0,
                    0.0
                ]
            ],
            [
                [
                    0.0,
                    24.629356503486633,
                    0.0,
                    0.0
                ],
                [
                    0.0,
                    39.692617416381836,
                    0.0,
                    0.0
                ]
            ],
            [
                [
                    0.0,
                    0.0,
                    0.0,
                    25.0
                ],
                [
                    0.0,
                    0.0,
                    0.0,
                    25.0
                ]
            ],
            [
                [
                    0.0,
                    0.0,
                    0.0,
                    50.0
                ],
                [
                    0.0,
                    0.0,
                    0.0,
                    22.33748197555542
                ]
            ],
            [
                [
                    0.0,
                    0.0,
                    0.0,
                    44.168429374694824
                ],
                [
                    0.0,
                    0.0,
                    0.0,
                    5.819830894470215
                ]
            ],
            [
                [
                    0.0,
                    0.0,
                    12.995248794555664,
                    0.0
                ],
                [
                    0.0,
                    0.0,
                    34.0184326171875,
                    0.0
                ]
            ],
            [
                [
                    0.0,
                    0.0,
                    0.0,
                    0.0
                ],
                [
                    0.0,
                    0.0,
                    0.0,
                    14.556848526000977
                ]
            ],
            [
                [
                    0.0,
                    39.31554400920868,
                    0.0,
                    0.0
                ],
                [
                    0.0,
                    50.0,
                    0.0,
                    0.0
                ]
            ]
        ],
        [
            [
                [
                    0.0,
                    0.0,
                    1.0596489350077,
                    0.0
                ],
                [
                    0.0,
                    0.0,
                    0.0,
                    0.0
                ]
            ],
            [
                [
                    0.0,
                    0.0,
                    1.0,
                    0.14375434603009904
                ],
                [
                    0.0,
                    0.0,
                    0.0,
                    0.0
                ]
            ],
            [
                [
                    0.0,
                    0.0,
                    0.0,
                    6.489882440201853
                ],
                [
                    0.0,
                    0.0,
                    0.0,
                    6.167621879942799
                ]
            ],
            [
                [
                    0.0,
                    0.0,
                    6.728367778343661,
                    0.0
                ],
                [
                    0.0,
                    0.0,
                    0.0,
                    0.0
                ]
            ],
            [
                [
                    0.0,
                    0.0,
                    0.07672946948534545,
                    0.0
                ],
                [
                    0.0,
                    0.0,
                    0.10714285714285714,
                    0.09165264027459281
                ]
            ],
            [
                [
                    0.0,
                    0.0,
                    1.0714285714285714,
                    0.1749281159121892
                ],
                [
                    0.0,
                    0.0,
                    8.6023327931778,
                    5.464280555607194
                ]
            ],
            [
                [
                    0.0,
                    0.0,
                    0.0,
                    0.10419094181348357
                ],
                [
                    0.0,
                    0.0,
                    0.5057661788003546,
                    0.8649208698440992
                ]
            ],
            [
                [
                    0.0,
                    0.0,
                    0.029858374984337247,
                    0.06736682142530169
                ],
                [
                    0.0,
                    0.0,
                    0.00582853345974941,
                    0.12679155226065766
                ]
            ],
            [
                [
                    0.0,
                    0.0,
                    0.30734650737062336,
                    0.04588740372013824
                ],
                [
                    0.0,
                    0.0,
                    0.053164431404889655,
                    0.0018424927661088164
                ]
            ],
            [
                [
                    0.0,
                    0.0,
                    2.3737633271276763,
                    0.1434998702845833
                ],
                [
                    0.0,
                    0.0,
                    0.09616244859844157,
                    0.07124365290928646
                ]
            ]
        ],
        [
            [
                [
                    0.0,
                    0.0,
                    0.0,
                    3.6381697129250594
                ],
                [
                    0.0,
                    0.0,
                    0.0,
                    0.5082484845894829
                ]
            ],
            [
                [
                    0.0,
                    0.0,
                    0.0,
                    1.0
                ],
                [
                    0.0,
                    0.0,
                    0.0,
                    0.6245225054249067
                ]
            ],
            [
                [
                    0.0,
                    0.0,
                    0.0,
                    0.00022820398967548722
                ],
                [
                    0.0,
                    0.0,
                    0.0,
                    0.6188166350429802
