{
    "seed": 448,
    "ports": 4,
    "scenarios": 28,
    "obj": 1643.6939585404234,
    "time": 45.95623588562012,
    "gap": 0.0,
    "mean_load_per_port": [
        504.65403270721436,
        470.8262396180394,
        225.09228171776448
    ],
    "mean_teu_load_per_port": [
        680.9056749343872,
        17655.64072656937,
        236392.5839981453
    ],
    "mean_load_per_location": [
        [
            [
                [
                    0.0,
                    0.0,
                    0.0,
                    36.55104637145996
                ],
                [
                    0.0,
                    0.0,
                    0.0,
                    8.80552725857863
                ]
            ],
            [
                [
                    0.0,
                    0.0,
                    5.764318108558655,
                    0.0
                ],
                [
                    0.0,
                    0.0,
                    38.01391792297363,
                    0.0
                ]
            ],
            [
                [
                    0.0,
                    48.59324562549591,
                    0.0,
                    0.0
                ],
                [
                    0.0,
                    33.79202651977539,
                    0.0,
                    0.0
                ]
            ],
            [
                [
                    0.0,
                    15.86205005645752,
                    0.0,
                    0.0
                ],
                [
                    0.0,
                    13.287312507629395,
                    0.0,
                    0.0
                ]
            ],
            [
                [
                    0.0,
                    0.0,
                    0.0,
                    16.145859621636685
                ],
                [
                    0.0,
                    0.0,
                    0.0,
                    50.0
                ]
            ],
            [
                [
                    0.0,
                    0.0,
                    26.851633071899414,
                    0.0
                ],
                [
                    0.0,
                    0.0,
                    20.203338265419006,
                    0.0
                ]
            ],
            [
                [
                    0.0,
                    1.14426589012146,
                    0.0,
                    0.0
                ],
                [
                    0.0,
                    25.0,
                    0.0,
                    0.0
                ]
            ],
            [
                [
                    0.0,
                    0.0,
                    0.0,
                    31.70468807220459
                ],
                [
                    0.0,
                    0.0,
                    0.0,
                    43.13329367703566
                ]
            ],
            [
                [
                    0.0,
                    0.0,
                    0.0,
                    25.0
                ],
                [
                    0.0,
                    0.0,
                    0.0,
                    0.0
                ]
            ],
            [
                [
                    0.0,
                    0.0,
                    50.0,
                    0.0
                ],
                [
                    0.0,
                    0.0,
                    14.801509737968445,
                    0.0
                ]
            ]
        ],
        [
            [
                [
                    0.0,
                    0.0,
                    22.660135126871882,
                    12.578032068166474
                ],
                [
                    0.0,
                    0.0,
                    16.722610511597672,
                    9.453807823359966
                ]
            ],
            [
                [
                    0.0,
                    0.0,
                    19.548068505344876,
                    10.141941541417086
                ],
                [
                    0.0,
                    0.0,
                    14.653267470853669,
                    11.325946044709001
                ]
            ],
            [
                [
                    0.0,
                    0.0,
                    10.452586060693807,
                    11.685047057526706
                ],
                [
                    0.0,
                    0.0,
                    12.07618739846207,
                    9.56318798363291
                ]
            ],
            [
                [
                    0.0,
                    0.0,
                    11.263260076224624,
                    14.002066365880149
                ],
                [
                    0.0,
                    0.0,
                    7.412830162564397,
                    9.73095380553826
                ]
            ],
            [
                [
                    0.0,
                    0.0,
                    16.519869770744258,
                    10.36928016869795
                ],
                [
                    0.0,
                    0.0,
                    13.261272951820464,
                    15.609937202094176
                ]
            ],
            [
                [
                    0.0,
                    0.0,
                    8.04661936959103,
                    12.37574353069067
                ],
                [
                    0.0,
                    0.0,
                    7.818620221970816,
                    12.512170034150284
                ]
            ],
            [
                [
                    0.0,
                    0.0,
                    9.150033048715388,
                    8.67117505258274
                ],
                [
                    0.0,
                    0.0,
                    8.976009300134253,
                    12.478793787814322
                ]
            ],
            [
                [
                    0.0,
                    0.0,
                    11.382862333155103,
                    10.643311366438866
                ],
                [
                    0.0,
                    0.0,
                    11.04332287382512,
                    15.293637376828997
                ]
            ],
            [
                [
                    0.0,
                    0.0,
                    5.841583190219743,
                    8.756260781770662
                ],
                [
                    0.0,
                    0.0,
                    12.091943057872461,
                    9.870716485400242
                ]
            ],
            [
                [
                    0.0,
                    0.0,
                    8.123422032450405,
                    13.674420565366745
                ],
                [
                    0.0,
                    0.0,
                    9.010413403280202,
                    16.034893709580924
                ]
            ]
        ],
        [
            [
                [
                    0.0,
                    0.0,
                    0.0,
                    21.1936906590099
                ],
                [
                    0.0,
                    0.0,
                    0.0,
                    14.4887137607498
                ]
            ],
            [
                [
                    0.0,
                    0.0,
                    0.0,
                    11.064382498993675
                ],
                [
                    0.0,
                    0.0,
                    0.0,
                    7.426832449748876
                ]
            ],
            [
                [
                    0.0,
                    0.0,
