{
    "seed": 70,
    "ports": 4,
    "scenarios": 28,
    "obj": 1563.6753767236105,
    "time": 46.71358895301819,
    "gap": 0.0003777299681897335,
    "mean_load_per_port": [
        494.769477725029,
        487.7602033838142,
        224.0455762131711
    ],
    "mean_teu_load_per_port": [
        666.5199888944626,
        18291.97950591509,
        236257.3049428738
    ],
    "mean_load_per_location": [
        [
            [
                [
                    0.0,
                    0.0,
                    0.0,
                    0.0
                ],
                [
                    0.0,
                    0.0,
                    30.119552135467526,
                    0.0
                ]
            ],
            [
                [
                    0.0,
                    0.0,
                    0.0,
                    28.993629932403564
                ],
                [
                    0.0,
                    0.0,
                    0.0,
                    24.676328659057617
                ]
            ],
            [
                [
                    0.0,
                    0.0,
                    42.752897382974616,
                    0.0
                ],
                [
                    0.0,
                    0.0,
                    21.943838119506836,
                    0.0
                ]
            ],
            [
                [
                    0.0,
                    0.0,
                    0.0,
                    25.0
                ],
                [
                    0.0,
                    0.0,
                    0.0,
                    14.514721182584777
                ]
            ],
            [
                [
                    0.0,
                    50.0,
                    0.0,
                    0.0
                ],
                [
                    0.0,
                    18.59014320373535,
                    0.0,
                    0.0
                ]
            ],
            [
                [
                    0.0,
                    7.0964813232421875,
                    0.0,
                    0.0
                ],
                [
                    0.0,
                    39.045894622802734,
                    0.0,
                    0.0
                ]
            ],
            [
                [
                    0.0,
                    0.0,
                    0.0,
                    14.12471553921698
                ],
                [
                    0.0,
                    0.0,
                    0.0,
                    48.34235763549805
                ]
            ],
            [
                [
                    0.0,
                    0.0,
                    27.547170639038086,
                    0.0
                ],
                [
                    0.0,
                    0.0,
                    33.678125617504136,
                    0.0
                ]
            ],
            [
                [
                    0.0,
                    19.00586700439453,
                    0.0,
                    0.0
                ],
                [
                    0.0,
                    22.448494791984558,
                    0.0,
                    0.0
                ]
            ],
            [
                [
                    0.0,
                    0.0,
                    23.7380038511753,
                    0.0
                ],
                [
                    0.0,
                    0.0,
                    3.151256084442135,
                    0.0
                ]
            ]
        ],
        [
            [
                [
                    0.0,
                    0.0,
                    20.37582716605249,
                    15.56142958005269
                ],
                [
                    0.0,
                    0.0,
                    17.77733650697129,
                    5.9010800660720895
                ]
            ],
            [
                [
                    0.0,
                    0.0,
                    21.35374191764276,
                    9.678994909339107
                ],
                [
                    0.0,
                    0.0,
                    11.131440850948854,
                    10.213900869188743
                ]
            ],
            [
                [
                    0.0,
                    0.0,
                    13.85223495367676,
                    10.25802116561975
                ],
                [
                    0.0,
                    0.0,
                    12.180762368228361,
                    14.330547296070378
                ]
            ],
            [
                [
                    0.0,
                    0.0,
                    17.526994997799793,
                    11.862785786518028
                ],
                [
                    0.0,
                    0.0,
                    10.495866037231114,
                    12.804602529725859
                ]
            ],
            [
                [
                    0.0,
                    0.0,
                    9.78079755061222,
                    12.96000342933412
                ],
                [
                    0.0,
                    0.0,
                    16.93775566507663,
                    14.485906508352075
                ]
            ],
            [
                [
                    0.0,
                    0.0,
                    9.33285652307035,
                    9.140037085328784
                ],
                [
                    0.0,
                    0.0,
                    13.241699831294161,
                    12.08037667056192
                ]
            ],
            [
                [
                    0.0,
                    0.0,
                    7.992511523621423,
                    10.173563252404806
                ],
                [
                    0.0,
                    0.0,
                    8.068931034633092,
                    11.324453616978392
                ]
            ],
            [
                [
                    0.0,
                    0.0,
                    5.490843568529401,
                    17.862688547798566
                ],
                [
                    0.0,
                    0.0,
                    8.861058913118862,
                    15.527129138796122
                ]
            ],
            [
                [
                    0.0,
                    0.0,
                    5.23051503780122,
                    14.23693003265142
                ],
                [
                    0.0,
                    0.0,
                    7.679838234895753,
                    11.981904556030262
                ]
            ],
            [
                [
                    0.0,
                    0.0,
                    10.958324174795832,
                    15.171090839356182
                ],
                [
                    0.0,
                    0.0,
                    12.101025828669458,
                    11.834394818965091
                ]
            ]
        ],
        [
            [
                [
                    0.0,
                    0.0,
                    0.0,
                    22.128882154273004
                ],
                [
                    0.0,
                    0.0,
                    0.0,
                    14.091119334353317
                ]
            ],
            [
                [
                    0.0,
                    0.0,
                    0.0,
                    10.356118015507988
                ],
                [
                    0.0,
                    0.0,
                    0.0,
                    7.367028794293318
                ]
            ],
            [
                [
