{
    "seed": 252,
    "ports": 4,
    "scenarios": 8,
    "obj": 1448.7784559849958,
    "time": 2.232895851135254,
    "gap": 0.00010628156963877093,
    "mean_load_per_port": [
        452.5682454109192,
        470.6162744051869,
        224.780080194142
    ],
    "mean_teu_load_per_port": [
        567.9933943748474,
        5123.5470847497145,
        19557.51311957857
    ],
    "mean_load_per_location": [
        [
            [
                [
                    0.0,
                    45.506576120853424,
                    0.0,
                    0.0
                ],
                [
                    0.0,
                    13.549267768859863,
                    0.0,
                    0.0
                ]
            ],
            [
                [
                    0.0,
                    0.0,
                    0.0,
                    22.864852964878082
                ],
                [
                    0.0,
                    0.0,
                    0.0,
                    25.101023972034454
                ]
            ],
            [
                [
                    0.0,
                    0.0,
                    0.0,
                    46.35093304514885
                ],
                [
                    0.0,
                    0.0,
                    0.0,
                    18.82525137066841
                ]
            ],
            [
                [
                    0.0,
                    0.0,
                    0.0,
                    9.466263651847838
                ],
                [
                    0.0,
                    0.0,
                    0.0,
                    38.4996132850647
                ]
            ],
            [
                [
                    0.0,
                    28.103127300739285,
                    0.0,
                    0.0
                ],
                [
                    0.0,
                    28.393550932407383,
                    0.0,
                    0.0
                ]
            ],
            [
                [
                    0.0,
                    0.0,
                    43.805158853530884,
                    0.0
                ],
                [
                    0.0,
                    0.0,
                    12.840224266052246,
                    0.0
                ]
            ],
            [
                [
                    0.0,
                    0.0,
                    0.0,
                    0.0
                ],
                [
                    0.0,
                    1.0,
                    0.0,
                    0.0
                ]
            ],
            [
                [
                    0.0,
                    35.959918103615415,
                    0.0,
                    0.0
                ],
                [
                    0.0,
                    46.55585459669434,
                    0.0,
                    0.0
                ]
            ],
            [
                [
                    0.0,
                    0.0,
                    4.731175184249878,
                    0.0
                ],
                [
                    0.0,
                    0.0,
                    25.895113468170166,
                    0.0
                ]
            ],
            [
                [
                    0.0,
                    4.298961162567139,
                    0.0,
                    0.0
                ],
                [
                    0.0,
                    0.8213793635368383,
                    0.0,
                    0.0
                ]
            ]
        ],
        [
            [
                [
                    0.0,
                    0.0,
                    12.141835704445839,
                    14.43781616433699
                ],
                [
                    0.0,
                    0.0,
                    12.28032973408699,
                    11.713453134283204
                ]
            ],
            [
                [
                    0.0,
                    0.0,
                    9.63484239578247,
                    20.267256677150726
                ],
                [
                    0.0,
                    0.0,
                    8.516376732786501,
                    20.61246881901462
                ]
            ],
            [
                [
                    0.0,
                    0.0,
                    7.127878054976463,
                    10.400627051599432
                ],
                [
                    0.0,
                    0.0,
                    10.119692941362443,
                    12.782377634197474
                ]
            ],
            [
                [
                    0.0,
                    0.0,
                    20.730166256427765,
                    3.743208591678429
                ],
                [
                    0.0,
                    0.0,
                    16.090742513537407,
                    6.5750447269814245
                ]
            ],
            [
                [
                    0.0,
                    0.0,
                    11.279174167662859,
                    0.0
                ],
                [
                    0.0,
                    0.0,
                    24.903992295265198,
                    3.1522785127162933
                ]
            ],
            [
                [
                    0.0,
                    0.0,
                    10.04184640944004,
                    14.038487046957016
                ],
                [
                    0.0,
                    0.0,
                    18.956356916461583,
                    4.929297901690006
                ]
            ],
            [
                [
                    0.0,
                    0.0,
                    11.512551412979757,
                    5.069191426038742
                ],
                [
                    0.0,
                    0.0,
                    13.94147102534771,
                    14.180093429982662
                ]
            ],
            [
                [
                    0.0,
                    0.0,
                    13.263666659593582,
                    9.144077062606812
                ],
                [
                    0.0,
                    0.0,
                    11.956386178731918,
                    10.709507033228874
                ]
            ],
            [
                [
                    0.0,
                    0.0,
                    8.716679822653532,
                    11.797222509980202
                ],
                [
                    0.0,
                    0.0,
                    8.480641067028046,
                    1.04218319655326
                ]
            ],
            [
                [
                    0.0,
                    0.0,
                    20.37826080620289,
                    13.452496439218521
                ],
                [
                    0.0,
                    0.0,
                    15.795855068562767,
                    16.700440883636475
                ]
            ]
        ],
        [
            [
                [
                    0.0,
                    0.0,
                    0.0,
                    21.253226222470403
                ],
                [
                    0.0,
                    0.0,
                    0.0,
                    15.13422130492614
                ]
            ],
            [
                [
                    0.0,
                    0.0,
                    0.0,
                    10.732197679988094
                ],
                [
                    0.0,
                    0.0,
                    0.0,
                    7.607254903374896
                ]
            ],
            [
                [
