{
    "seed": 178,
    "ports": 4,
    "scenarios": 28,
    "obj": 1427.7337847449292,
    "time": 42.20211911201477,
    "gap": 0.0009303384128259347,
    "mean_load_per_port": [
        453.8435524702072,
        521.7345306829445,
        223.50719341517836
    ],
    "mean_teu_load_per_port": [
        625.0710345506668,
        19858.027599534173,
        235112.89951197885
    ],
    "mean_load_per_location": [
        [
            [
                [
                    0.0,
                    34.30834674835205,
                    0.0,
                    0.0
                ],
                [
                    0.0,
                    25.384202329317752,
                    0.0,
                    0.0
                ]
            ],
            [
                [
                    0.0,
                    0.0,
                    27.685688018798828,
                    0.0
                ],
                [
                    0.0,
                    0.0,
                    7.84640645980835,
                    0.0
                ]
            ],
            [
                [
                    0.0,
                    8.713534742593765,
                    0.0,
                    0.0
                ],
                [
                    0.0,
                    9.651926459868726,
                    0.0,
                    0.0
                ]
            ],
            [
                [
                    0.0,
                    0.0,
                    29.454233646392822,
                    0.0
                ],
                [
                    0.0,
                    0.0,
                    24.86207017302513,
                    0.0
                ]
            ],
            [
                [
                    0.0,
                    0.0,
                    0.0,
                    28.127288937568665
                ],
                [
                    0.0,
                    0.0,
                    0.0,
                    31.017295360565186
                ]
            ],
            [
                [
                    0.0,
                    29.316303819417953,
                    0.0,
                    0.0
                ],
                [
                    0.0,
                    25.0,
                    0.0,
                    0.0
                ]
            ],
            [
                [
                    0.0,
                    39.52697721322375,
                    0.0,
                    0.0
                ],
                [
                    0.0,
                    14.710659561554614,
                    0.0,
                    0.0
                ]
            ],
            [
                [
                    0.0,
                    0.0,
                    0.0,
                    34.22325134277344
                ],
                [
                    0.0,
                    0.0,
                    0.0,
                    25.0
                ]
            ],
            [
                [
                    0.0,
                    0.0,
                    24.701669216156006,
                    0.0
                ],
                [
                    0.0,
                    0.0,
                    5.400043159723282,
                    0.0
                ]
            ],
            [
                [
                    0.0,
                    0.0,
                    0.0,
                    0.0
                ],
                [
                    0.0,
                    28.913655281066895,
                    0.0,
                    0.0
                ]
            ]
        ],
        [
            [
                [
                    0.0,
                    0.0,
                    23.662120361174242,
                    6.992271491580522
                ],
                [
                    0.0,
                    0.0,
                    20.93259038017441,
                    9.212303227097221
                ]
            ],
            [
                [
                    0.0,
                    0.0,
                    11.48950648382306,
                    17.208008642187583
                ],
                [
                    0.0,
                    0.0,
                    9.16508251566261,
                    15.059119758983822
                ]
            ],
            [
                [
                    0.0,
                    0.0,
                    9.133132257631846,
                    18.341831138828947
                ],
                [
                    0.0,
                    0.0,
                    12.369295252753156,
                    19.32263441310587
                ]
            ],
            [
                [
                    0.0,
                    0.0,
                    10.704862887449796,
                    13.678453304086409
                ],
                [
                    0.0,
                    0.0,
                    15.222805552748527,
                    14.94939482484621
                ]
            ],
            [
                [
                    0.0,
                    0.0,
                    21.921141900299556,
                    4.828371165930723
                ],
                [
                    0.0,
                    0.0,
                    20.945566813099884,
                    8.4723881556765
                ]
            ],
            [
                [
                    0.0,
                    0.0,
                    11.086168767219144,
                    9.110074211444173
                ],
                [
                    0.0,
                    0.0,
                    15.952506601557477,
                    6.945013858525509
                ]
            ],
            [
                [
                    0.0,
                    0.0,
                    7.279462042663779,
                    11.919986135289411
                ],
                [
                    0.0,
                    0.0,
                    11.718812552196104,
                    14.118441367416102
                ]
            ],
            [
                [
                    0.0,
                    0.0,
                    8.897960501057762,
                    16.25481696480087
                ],
                [
                    0.0,
                    0.0,
                    9.310944433164662,
                    17.191656305505255
                ]
            ],
            [
                [
                    0.0,
                    0.0,
                    6.709008547207254,
                    18.263715660617176
                ],
                [
                    0.0,
                    0.0,
                    9.643262970660414,
                    9.133338499041274
                ]
            ],
            [
                [
                    0.0,
                    0.0,
                    8.737814107810664,
                    21.88674564571942
                ],
                [
                    0.0,
                    0.0,
                    7.631058879138921,
                    16.3328621047682
                ]
            ]
        ],
        [
            [
                [
                    0.0,
                    0.0,
                    0.0,
                    21.89436893895134
                ],
                [
                    0.0,
                    0.0,
                    0.0,
                    13.364512953748317
                ]
            ],
            [
                [
                    0.0,
                    0.0,
                    0.0,
                    10.517719885858812
                ],
                [
                    0.0,
                    0.0,
                    0.0,
                    7.705752300536059
                ]
            ],
            [
                [
