{
    "seed": 52,
    "ports": 4,
    "scenarios": 12,
    "obj": 1300.1521286643874,
    "time": 15.84315800666809,
    "gap": 0.0,
    "mean_load_per_port": [
        733.7058610916138,
        121.39263812080395,
        21.090974516051844
    ],
    "mean_teu_load_per_port": [
        950.6275105476379,
        2115.0027165054903,
        4521.014595177353
    ],
    "mean_load_per_location": [
        [
            [
                [
                    0.0,
                    0.0,
                    0.0,
                    50.0
                ],
                [
                    0.0,
                    0.0,
                    0.0,
                    50.0
                ]
            ],
            [
                [
                    0.0,
                    50.0,
                    0.0,
                    0.0
                ],
                [
                    0.0,
                    32.88448214530945,
                    0.0,
                    0.0
                ]
            ],
            [
                [
                    0.0,
                    0.0,
                    35.45496368408203,
                    0.0
                ],
                [
                    0.0,
                    0.0,
                    42.982688426971436,
                    0.0
                ]
            ],
            [
                [
                    0.0,
                    0.0,
                    50.0,
                    0.0
                ],
                [
                    0.0,
                    0.0,
                    47.25247526168823,
                    0.0
                ]
            ],
            [
                [
                    0.0,
                    0.0,
                    44.1004638671875,
                    0.0
                ],
                [
                    0.0,
                    0.0,
                    21.050480365753174,
                    0.0
                ]
            ],
            [
                [
                    0.0,
                    37.29338359832764,
                    0.0,
                    0.0
                ],
                [
                    0.0,
                    19.938844680786133,
                    0.0,
                    0.0
                ]
            ],
            [
                [
                    0.0,
                    0.0,
                    0.0,
                    25.0
                ],
                [
                    0.0,
                    0.0,
                    0.0,
                    22.895660877227783
                ]
            ],
            [
                [
                    0.0,
                    0.0,
                    39.57705545425415,
                    0.0
                ],
                [
                    0.0,
                    0.0,
                    21.499802589416504,
                    0.0
                ]
            ],
            [
                [
                    0.0,
                    0.0,
                    0.0,
                    25.0
                ],
                [
                    0.0,
                    0.0,
                    0.0,
                    48.99031925201416
                ]
            ],
            [
                [
                    0.0,
                    38.34872055053711,
                    0.0,
                    0.0
                ],
                [
                    0.0,
                    31.43652033805847,
                    0.0,
                    0.0
                ]
            ]
        ],
        [
            [
                [
                    0.0,
                    0.0,
                    13.6612441751939,
                    0.0
                ],
                [
                    0.0,
                    0.0,
                    0.8840060291530086,
                    0.21700468870124498
                ]
            ],
            [
                [
                    0.0,
                    0.0,
                    1.1705992619196575,
                    0.0
                ],
                [
                    0.0,
                    0.0,
                    0.43662512659503294,
                    0.0
                ]
            ],
            [
                [
                    0.0,
                    0.0,
                    0.0,
                    2.3977675437927246
                ],
                [
                    0.0,
                    0.0,
                    0.0,
                    2.1423792387499963
                ]
            ],
            [
                [
                    0.0,
                    0.0,
                    0.0,
                    6.052011489868164
                ],
                [
                    0.0,
                    0.0,
                    0.0,
                    2.6041438579559326
                ]
            ],
            [
                [
                    0.0,
                    0.0,
                    11.394488348929203,
                    0.20548610113285015
                ],
                [
                    0.0,
                    0.0,
                    3.866982517820418,
                    2.8338811000188193
                ]
            ],
            [
                [
                    0.0,
                    0.0,
                    11.270487467447916,
                    9.59036439988348
                ],
                [
                    0.0,
                    0.0,
                    10.851503725665987,
                    16.734840470913685
                ]
            ],
            [
                [
                    0.0,
                    0.0,
                    0.0,
                    0.0
                ],
                [
                    0.0,
                    0.0,
                    5.4774135980341185,
                    5.950174192587535
                ]
            ],
            [
                [
                    0.0,
                    0.0,
                    1.268191973368327,
                    10.951120376586914
                ],
                [
                    0.0,
                    0.0,
                    0.08333333333333333,
                    0.9028137729625517
                ]
            ],
            [
                [
                    0.0,
                    0.0,
                    0.0013020649368356008,
                    0.21253921588261923
                ],
                [
                    0.0,
                    0.0,
                    0.0,
                    0.0
                ]
            ],
            [
                [
                    0.0,
                    0.0,
                    0.23193404936970108,
                    0.0
                ],
                [
                    0.0,
                    0.0,
                    0.0,
                    0.0
                ]
            ]
        ],
        [
            [
                [
                    0.0,
                    0.0,
                    0.0,
                    2.1545448421077444
                ],
                [
                    0.0,
                    0.0,
                    0.0,
                    0.40997200408296774
                ]
            ],
            [
                [
                    0.0,
                    0.0,
                    0.0,
                    1.0073835227485954
                ],
                [
                    0.0,
                    0.0,
                    0.0,
                    0.4670058475552177
                ]
            ],
            [
                [
                    0.0,
                    0.0,
                    0.0,
                    0.0
                ],
                [
                    0.0,
                    0.0,
                    0.0,
                    0.5143852393981527
