{
    "seed": 43,
    "ports": 4,
    "scenarios": 12,
    "obj": 1919.8233349321702,
    "time": 4.923282861709595,
    "gap": 0.0,
    "mean_load_per_port": [
        634.4846377372742,
        492.7668036699959,
        230.7679684246301
    ],
    "mean_teu_load_per_port": [
        824.3422861099243,
        8101.836074935492,
        44454.3033010773
    ],
    "mean_load_per_location": [
        [
            [
                [
                    0.0,
                    21.294154906676198,
                    0.0,
                    0.0
                ],
                [
                    0.0,
                    24.37179946899414,
                    0.0,
                    0.0
                ]
            ],
            [
                [
                    0.0,
                    0.0,
                    36.588624000549316,
                    0.0
                ],
                [
                    0.0,
                    0.0,
                    50.0,
                    0.0
                ]
            ],
            [
                [
                    0.0,
                    0.0,
                    0.0,
                    25.0
                ],
                [
                    0.0,
                    0.0,
                    0.0,
                    47.032535433769226
                ]
            ],
            [
                [
                    0.0,
                    0.0,
                    0.0,
                    14.669411182403564
                ],
                [
                    0.0,
                    0.0,
                    0.0,
                    32.118183612823486
                ]
            ],
            [
                [
                    0.0,
                    0.0,
                    0.0,
                    36.92576885223389
                ],
                [
                    0.0,
                    0.0,
                    0.0,
                    38.72503137588501
                ]
            ],
            [
                [
                    0.0,
                    0.0,
                    31.58392333984375,
                    0.0
                ],
                [
                    0.0,
                    0.0,
                    18.86005288362503,
                    0.0
                ]
            ],
            [
                [
                    0.0,
                    0.0,
                    0.0,
                    49.212751030921936
                ],
                [
                    0.0,
                    0.0,
                    0.0,
                    50.0
                ]
            ],
            [
                [
                    0.0,
                    1.5654406547546387,
                    0.0,
                    0.0
                ],
                [
                    0.0,
                    0.0,
                    0.0,
                    0.0
                ]
            ],
            [
                [
                    0.0,
                    50.0,
                    0.0,
                    0.0
                ],
                [
                    0.0,
                    25.43503818471632,
                    0.0,
                    0.0
                ]
            ],
            [
                [
                    0.0,
                    0.0,
                    41.496656239032745,
                    0.0
                ],
                [
                    0.0,
                    0.0,
                    39.60526657104492,
                    0.0
                ]
            ]
        ],
        [
            [
                [
                    0.0,
                    0.0,
                    21.67752715696891,
                    14.346765312055746
                ],
                [
                    0.0,
                    0.0,
                    10.963071977098783,
                    13.466010632614294
                ]
            ],
            [
                [
                    0.0,
                    0.0,
                    10.69826131293343,
                    18.77548864732186
                ],
                [
                    0.0,
                    0.0,
                    7.175697571548505,
                    14.680964362816987
                ]
            ],
            [
                [
                    0.0,
                    0.0,
                    10.345198149482409,
                    17.792126804590225
                ],
                [
                    0.0,
                    0.0,
                    7.668519180194246,
                    16.86873298079982
                ]
            ],
            [
                [
                    0.0,
                    0.0,
                    12.631708981883193,
                    15.088817690809568
                ],
                [
                    0.0,
                    0.0,
                    7.151986027757327,
                    6.257132147899788
                ]
            ],
            [
                [
                    0.0,
                    0.0,
                    3.2609273244937262,
                    14.913198779026667
                ],
                [
                    0.0,
                    0.0,
                    14.750092536211014,
                    14.268463601668676
                ]
            ],
            [
                [
                    0.0,
                    0.0,
                    10.989552845922196,
                    11.467335313558578
                ],
                [
                    0.0,
                    0.0,
                    10.759472975763595,
                    17.92354865372181
                ]
            ],
            [
                [
                    0.0,
                    0.0,
                    14.145969773332277,
                    4.332633018493652
                ],
                [
                    0.0,
                    0.0,
                    14.417632598375926,
                    14.571817450225353
                ]
            ],
            [
                [
                    0.0,
                    0.0,
                    17.754362486410834,
                    6.95388878385226
                ],
                [
                    0.0,
                    0.0,
                    13.146787670643429,
                    8.914271469133492
                ]
            ],
            [
                [
                    0.0,
                    0.0,
                    11.643200372656187,
                    11.896090423067411
                ],
                [
                    0.0,
                    0.0,
                    13.836163486043612,
                    6.644816726446152
                ]
            ],
            [
                [
                    0.0,
                    0.0,
                    6.974927703539531,
                    19.35046641618289
                ],
                [
                    0.0,
                    0.0,
                    6.606944360045925,
                    17.656229964405657
                ]
            ]
        ],
        [
            [
                [
                    0.0,
                    0.0,
                    0.0,
                    20.611755693455592
                ],
                [
                    0.0,
                    0.0,
                    0.0,
                    16.60592177069653
                ]
            ],
            [
                [
                    0.0,
                    0.0,
                    0.0,
                    11.125011905178603
                ],
                [
                    0.0,
                    0.0,
                    0.0,
                    9.180510660031844
                ]
            ],
            [
                [
                    0.0,
                    0.0,
