{
    "seed": 393,
    "ports": 4,
    "scenarios": 28,
    "obj": 1779.0409448409025,
    "time": 319.53907585144043,
    "gap": 0.00038761921517270237,
    "mean_load_per_port": [
        637.673675596714,
        484.2530406812984,
        229.3139443394667
    ],
    "mean_teu_load_per_port": [
        910.8820352554321,
        18215.62196932465,
        241033.16709153276
    ],
    "mean_load_per_location": [
        [
            [
                [
                    0.0,
                    24.47568416595459,
                    0.0,
                    0.0
                ],
                [
                    0.0,
                    50.0,
                    0.0,
                    0.0
                ]
            ],
            [
                [
                    0.0,
                    0.0,
                    31.41018182039261,
                    0.0
                ],
                [
                    0.0,
                    0.0,
                    50.0,
                    0.0
                ]
            ],
            [
                [
                    0.0,
                    0.0,
                    0.0,
                    25.0
                ],
                [
                    0.0,
                    0.0,
                    0.0,
                    9.208565711975098
                ]
            ],
            [
                [
                    0.0,
                    0.0,
                    27.03971529006958,
                    0.0
                ],
                [
                    0.0,
                    0.0,
                    38.79264345765114,
                    0.0
                ]
            ],
            [
                [
                    0.0,
                    0.0,
                    0.0,
                    23.125850677490234
                ],
                [
                    0.0,
                    0.0,
                    0.0,
                    37.56167221069336
                ]
            ],
            [
                [
                    0.0,
                    0.0,
                    0.0,
                    21.734535217285156
                ],
                [
                    0.0,
                    0.0,
                    0.0,
                    25.0
                ]
            ],
            [
                [
                    0.0,
                    0.0,
                    43.15593966841698,
                    0.0
                ],
                [
                    0.0,
                    0.0,
                    50.0,
                    0.0
                ]
            ],
            [
                [
                    0.0,
                    24.07330083847046,
                    0.0,
                    0.0
                ],
                [
                    0.0,
                    43.029579162597656,
                    0.0,
                    0.0
                ]
            ],
            [
                [
                    0.0,
                    27.13944125175476,
                    0.0,
                    0.0
                ],
                [
                    0.0,
                    25.0,
                    0.0,
                    0.0
                ]
            ],
            [
                [
                    0.0,
                    0.0,
                    0.0,
                    35.40712356567383
                ],
                [
                    0.0,
                    0.0,
                    0.0,
                    26.519442558288574
                ]
            ]
        ],
        [
            [
                [
                    0.0,
                    0.0,
                    26.255544778742046,
                    1.9926293236868722
                ],
                [
                    0.0,
                    0.0,
                    22.405574723904596,
                    6.076873475518042
                ]
            ],
            [
                [
                    0.0,
                    0.0,
                    15.917668749284582,
                    11.340416842273303
                ],
                [
                    0.0,
                    0.0,
                    13.897381543013077,
                    13.635789021813919
                ]
            ],
            [
                [
                    0.0,
                    0.0,
                    8.74138340513621,
                    16.167666510625786
                ],
                [
                    0.0,
                    0.0,
                    10.699425761316503,
                    13.945186082297084
                ]
            ],
            [
                [
                    0.0,
                    0.0,
                    9.029448806834996,
                    9.038884975477343
                ],
                [
                    0.0,
                    0.0,
                    15.10731730942359,
                    6.55032351462271
                ]
            ],
            [
                [
                    0.0,
                    0.0,
                    18.022418645866868,
                    13.783931364934833
                ],
                [
                    0.0,
                    0.0,
                    13.73155475194965,
                    11.170155953119433
                ]
            ],
            [
                [
                    0.0,
                    0.0,
                    10.033466473230707,
                    9.309347573117723
                ],
                [
                    0.0,
                    0.0,
                    12.809830563408989,
                    13.496507706368845
                ]
            ],
            [
                [
                    0.0,
                    0.0,
                    8.744502308122163,
                    13.132101986025061
                ],
                [
                    0.0,
                    0.0,
                    8.039390821577772,
                    9.770254554457372
                ]
            ],
            [
                [
                    0.0,
                    0.0,
                    5.49468044287392,
                    14.685696351492453
                ],
                [
                    0.0,
                    0.0,
                    15.236494323544056,
                    14.86170633777633
                ]
            ],
            [
                [
                    0.0,
                    0.0,
                    6.640277017164162,
                    13.267885962143238
                ],
                [
                    0.0,
                    0.0,
                    10.710783630987246,
                    12.529067717714383
                ]
            ],
            [
                [
                    0.0,
                    0.0,
                    18.28844830319576,
                    11.274394154359038
                ],
                [
                    0.0,
                    0.0,
                    9.675314536275526,
                    8.743314377622186
                ]
            ]
        ],
        [
            [
                [
                    0.0,
                    0.0,
                    0.0,
                    22.12714098463522
                ],
                [
                    0.0,
                    0.0,
                    0.0,
                    13.605032494578534
                ]
            ],
            [
                [
                    0.0,
                    0.0,
                    0.0,
                    11.110703960491612
                ],
                [
                    0.0,
                    0.0,
                    0.0,
                    7.67826815094914
                ]
            ],
            [
                [
                    0.0,
                    0.0,
