{
    "seed": 367,
    "ports": 4,
    "scenarios": 12,
    "obj": 1607.335698290878,
    "time": 5.534144878387451,
    "gap": 0.0,
    "mean_load_per_port": [
        514.0662633180618,
        490.2027090626211,
        231.27095545468268
    ],
    "mean_teu_load_per_port": [
        745.9799268245697,
        7938.508445656533,
        44380.722248136626
    ],
    "mean_load_per_location": [
        [
            [
                [
                    0.0,
                    0.0,
                    0.0,
                    35.711189402341816
                ],
                [
                    0.0,
                    0.0,
                    0.0,
                    36.18944072723389
                ]
            ],
            [
                [
                    0.0,
                    0.0,
                    0.0,
                    18.352706909179688
                ],
                [
                    0.0,
                    0.0,
                    0.0,
                    25.0
                ]
            ],
            [
                [
                    0.0,
                    15.06848430633545,
                    0.0,
                    0.0
                ],
                [
                    0.0,
                    0.0,
                    0.0,
                    0.0
                ]
            ],
            [
                [
                    0.0,
                    0.0,
                    0.0,
                    19.556232452392578
                ],
                [
                    0.0,
                    0.0,
                    0.0,
                    22.444372730255147
                ]
            ],
            [
                [
                    0.0,
                    0.0,
                    50.0,
                    0.0
                ],
                [
                    0.0,
                    0.0,
                    14.221167802810669,
                    0.0
                ]
            ],
            [
                [
                    0.0,
                    0.0,
                    0.0,
                    34.81562749862669
                ],
                [
                    0.0,
                    0.0,
                    0.0,
                    22.586657868623753
                ]
            ],
            [
                [
                    0.0,
                    0.0,
                    27.099337100982666,
                    0.0
                ],
                [
                    0.0,
                    0.0,
                    44.01494336128235,
                    0.0
                ]
            ],
            [
                [
                    0.0,
                    0.0,
                    0.0,
                    0.0
                ],
                [
                    0.0,
                    25.0,
                    0.0,
                    0.0
                ]
            ],
            [
                [
                    0.0,
                    31.63142442703247,
                    0.0,
                    0.0
                ],
                [
                    0.0,
                    33.517921447753906,
                    0.0,
                    0.0
                ]
            ],
            [
                [
                    0.0,
                    38.76807630062103,
                    0.0,
                    0.0
                ],
                [
                    0.0,
                    20.08868098258972,
                    0.0,
                    0.0
                ]
            ]
        ],
        [
            [
                [
                    0.0,
                    0.0,
                    16.87705482294162,
                    20.490694222350914
                ],
                [
                    0.0,
                    0.0,
                    11.625273262461027,
                    12.432554836387922
                ]
            ],
            [
                [
                    0.0,
                    0.0,
                    13.766917544106642,
                    13.755827152414833
                ],
                [
                    0.0,
                    0.0,
                    7.509933034578959,
                    14.199200736125164
                ]
            ],
            [
                [
                    0.0,
                    0.0,
                    7.445174694061279,
                    16.630849041044712
                ],
                [
                    0.0,
                    0.0,
                    15.039133767286936,
                    7.062037572264671
                ]
            ],
            [
                [
                    0.0,
                    0.0,
                    12.590520722170671,
                    13.276853979941492
                ],
                [
                    0.0,
                    0.0,
                    12.510545944174131,
                    21.690498769283295
                ]
            ],
            [
                [
                    0.0,
                    0.0,
                    23.844802075293327,
                    2.0833333333333335
                ],
                [
                    0.0,
                    0.0,
                    10.544157341122627,
                    10.079167226950327
                ]
            ],
            [
                [
                    0.0,
                    0.0,
                    5.89076520743987,
                    13.905804336071014
                ],
                [
                    0.0,
                    0.0,
                    8.453863268820378,
                    15.752343539082721
                ]
            ],
            [
                [
                    0.0,
                    0.0,
                    14.713177687160568,
                    9.806374390920004
                ],
                [
                    0.0,
                    0.0,
                    20.122894605000813,
                    9.15699649646711
                ]
            ],
            [
                [
                    0.0,
                    0.0,
                    14.829241099456945,
                    1.1829853653907776
                ],
                [
                    0.0,
                    0.0,
                    16.156853609307948,
                    3.7202107906341553
                ]
            ],
            [
                [
                    0.0,
                    0.0,
                    6.013513433933255,
                    14.34845765431722
                ],
                [
                    0.0,
                    0.0,
                    8.39634126623472,
                    16.126545257221213
                ]
            ],
            [
                [
                    0.0,
                    0.0,
                    16.127418927208538,
                    10.453706415545625
                ],
                [
                    0.0,
                    0.0,
                    11.91850186715321,
                    9.672183766961098
                ]
            ]
        ],
        [
            [
                [
                    0.0,
                    0.0,
                    0.0,
                    20.846722393415728
                ],
                [
                    0.0,
                    0.0,
                    0.0,
                    14.65376452803749
                ]
            ],
            [
                [
                    0.0,
                    0.0,
                    0.0,
                    12.986489085298214
                ],
                [
                    0.0,
                    0.0,
                    0.0,
                    6.6564425981038795
                ]
            ],
            [
                [
                    0.0,
                    0.0,
