{
    "seed": 213,
    "ports": 4,
    "scenarios": 4,
    "obj": 1908.2350393769204,
    "time": 48.598801136016846,
    "gap": 0.0,
    "mean_load_per_port": [
        728.7855023145676,
        434.2735293060541,
        222.0263740317268
    ],
    "mean_teu_load_per_port": [
        929.4422011375427,
        2351.5236198306084,
        4887.91581637872
    ],
    "mean_load_per_location": [
        [
            [
                [
                    0.0,
                    0.0,
                    25.0,
                    0.0
                ],
                [
                    0.0,
                    0.0,
                    41.376657485961914,
                    0.0
                ]
            ],
            [
                [
                    0.0,
                    0.0,
                    0.0,
                    43.7802529335022
                ],
                [
                    0.0,
                    0.0,
                    0.0,
                    25.0
                ]
            ],
            [
                [
                    0.0,
                    27.972198486328125,
                    0.0,
                    0.0
                ],
                [
                    0.0,
                    42.42562520503998,
                    0.0,
                    0.0
                ]
            ],
            [
                [
                    0.0,
                    0.0,
                    50.0,
                    0.0
                ],
                [
                    0.0,
                    0.0,
                    29.14523434638977,
                    0.0
                ]
            ],
            [
                [
                    0.0,
                    49.60801887512207,
                    0.0,
                    0.0
                ],
                [
                    0.0,
                    34.58518743515015,
                    0.0,
                    0.0
                ]
            ],
            [
                [
                    0.0,
                    0.0,
                    25.0,
                    0.0
                ],
                [
                    0.0,
                    0.0,
                    50.0,
                    0.0
                ]
            ],
            [
                [
                    0.0,
                    0.0,
                    0.0,
                    50.0
                ],
                [
                    0.0,
                    0.0,
                    0.0,
                    50.0
                ]
            ],
            [
                [
                    0.0,
                    0.0,
                    0.0,
                    31.776949405670166
                ],
                [
                    0.0,
                    0.0,
                    0.0,
                    33.7027063369751
                ]
            ],
            [
                [
                    0.0,
                    48.561129093170166,
                    0.0,
                    0.0
                ],
                [
                    0.0,
                    48.34612464904785,
                    0.0,
                    0.0
                ]
            ],
            [
                [
                    0.0,
                    0.0,
                    16.145774841308594,
                    0.0
                ],
                [
                    0.0,
                    0.0,
                    6.359643220901489,
                    0.0
                ]
            ]
        ],
        [
            [
                [
                    0.0,
                    0.0,
                    0.0,
                    30.024778387695545
                ],
                [
                    0.0,
                    0.0,
                    0.0,
                    35.21761366724968
                ]
            ],
            [
                [
                    0.0,
                    0.0,
                    15.416168674081558,
                    0.24793464193741022
                ],
                [
                    0.0,
                    0.0,
                    0.6674203872680664,
                    5.959639144440496
                ]
            ],
            [
                [
                    0.0,
                    0.0,
                    0.25,
                    33.712033703923225
                ],
                [
                    0.0,
                    0.0,
                    7.496393829584122,
                    19.486079715937382
                ]
            ],
            [
                [
                    0.0,
                    0.0,
                    10.921779096126556,
                    0.0
                ],
                [
                    0.0,
                    0.0,
                    1.8600895404815674,
                    9.40304410457611
                ]
            ],
            [
                [
                    0.0,
                    0.0,
                    5.900089725852013,
                    4.0830888748168945
                ],
                [
                    0.0,
                    0.0,
                    21.35377562046051,
                    13.57850805670023
                ]
            ],
            [
                [
                    0.0,
                    0.0,
                    17.21067774295807,
                    13.410223856568336
                ],
                [
                    0.0,
                    0.0,
                    5.489882946014404,
                    21.82937291264534
                ]
            ],
            [
                [
                    0.0,
                    0.0,
                    13.285254672169685,
                    5.207876801490784
                ],
                [
                    0.0,
                    0.0,
                    7.799681291729217,
                    1.0953116416931152
                ]
            ],
            [
                [
                    0.0,
                    0.0,
                    24.02416895329952,
                    0.0
                ],
                [
                    0.0,
                    0.0,
                    29.736721664667133,
                    0.0
                ]
            ],
            [
                [
                    0.0,
                    0.0,
                    6.25,
                    12.987021684646606
                ],
                [
                    0.0,
                    0.0,
                    0.0,
                    5.563435144722462
                ]
            ],
            [
                [
                    0.0,
                    0.0,
                    14.607867643237114,
                    7.33152548968792
                ],
                [
                    0.0,
                    0.0,
                    8.101247549057007,
                    24.764822140336037
                ]
            ]
        ],
        [
            [
                [
                    0.0,
                    0.0,
                    0.0,
                    20.61423086002469
                ],
                [
                    0.0,
                    0.0,
                    0.0,
                    28.659977009519935
                ]
            ],
            [
                [
                    0.0,
                    0.0,
                    0.0,
                    0.9539478048682213
                ],
                [
                    0.0,
                    0.0,
                    0.0,
                    2.042192515162089
                ]
            ],
            [
                [
                    0.0,
                    0.0,
                    0.0,
                    17.315909608325022
                ],
                [
                    0.0,
                    0.0,
