{
    "seed": 342,
    "ports": 4,
    "scenarios": 28,
    "obj": 1706.5935138346863,
    "time": 50.81651997566223,
    "gap": 0.0,
    "mean_load_per_port": [
        611.8491513729095,
        489.54095126340934,
        229.93210592264305
    ],
    "mean_teu_load_per_port": [
        825.3504021167755,
        18263.3756333854,
        242114.75587646596
    ],
    "mean_load_per_location": [
        [
            [
                [
                    0.0,
                    0.0,
                    0.0,
                    41.9752471446991
                ],
                [
                    0.0,
                    0.0,
                    0.0,
                    25.5
                ]
            ],
            [
                [
                    0.0,
                    0.0,
                    36.46968364715576,
                    0.0
                ],
                [
                    0.0,
                    0.0,
                    29.53829938173294,
                    0.0
                ]
            ],
            [
                [
                    0.0,
                    0.0,
                    0.0,
                    44.147871017456055
                ],
                [
                    0.0,
                    0.0,
                    0.0,
                    20.065815687179565
                ]
            ],
            [
                [
                    0.0,
                    29.021451711654663,
                    0.0,
                    0.0
                ],
                [
                    0.0,
                    35.05724334716797,
                    0.0,
                    0.0
                ]
            ],
            [
                [
                    0.0,
                    0.0,
                    38.883592784404755,
                    0.0
                ],
                [
                    0.0,
                    0.0,
                    50.0,
                    0.0
                ]
            ],
            [
                [
                    0.0,
                    0.0,
                    17.282493591308594,
                    0.0
                ],
                [
                    0.0,
                    0.0,
                    25.0,
                    0.0
                ]
            ],
            [
                [
                    0.0,
                    0.0,
                    0.0,
                    25.0
                ],
                [
                    0.0,
                    0.0,
                    0.0,
                    50.0
                ]
            ],
            [
                [
                    0.0,
                    3.313585042953491,
                    0.0,
                    0.0
                ],
                [
                    0.0,
                    44.21165084838867,
                    0.0,
                    0.0
                ]
            ],
            [
                [
                    0.0,
                    0.0,
                    12.792694091796875,
                    0.0
                ],
                [
                    0.0,
                    0.0,
                    22.572769165039062,
                    0.0
                ]
            ],
            [
                [
                    0.0,
                    36.016753911972046,
                    0.0,
                    0.0
                ],
                [
                    0.0,
                    25.0,
                    0.0,
                    0.0
                ]
            ]
        ],
        [
            [
                [
                    0.0,
                    0.0,
                    23.423600373523577,
                    12.660019763878413
                ],
                [
                    0.0,
                    0.0,
                    19.088743977074103,
                    8.223867652671677
                ]
            ],
            [
                [
                    0.0,
                    0.0,
                    18.713398537607354,
                    12.963369551337752
                ],
                [
                    0.0,
                    0.0,
                    16.959606194710393,
                    11.850921929148381
                ]
            ],
            [
                [
                    0.0,
                    0.0,
                    12.976274961871761,
                    13.829259716203804
                ],
                [
                    0.0,
                    0.0,
                    7.283041071040292,
                    8.996551030448504
                ]
            ],
            [
                [
                    0.0,
                    0.0,
                    14.210065053020204,
                    11.547716284109125
                ],
                [
                    0.0,
                    0.0,
                    13.23782753038974,
                    13.795480532292785
                ]
            ],
            [
                [
                    0.0,
                    0.0,
                    20.241193906537124,
                    10.8117990783712
                ],
                [
                    0.0,
                    0.0,
                    17.22699754695807,
                    10.530211205851467
                ]
            ],
            [
                [
                    0.0,
                    0.0,
                    12.690899851066726,
                    8.872772497151578
                ],
                [
                    0.0,
                    0.0,
                    9.605842843651772,
                    6.409383061757953
                ]
            ],
            [
                [
                    0.0,
                    0.0,
                    8.262569836704502,
                    14.096425732189628
                ],
                [
                    0.0,
                    0.0,
                    6.847781668816295,
                    15.79999334075983
                ]
            ],
            [
                [
                    0.0,
                    0.0,
                    5.454008180754523,
                    13.810123652219772
                ],
                [
                    0.0,
                    0.0,
                    10.757350677145679,
                    14.95506554842145
                ]
            ],
            [
                [
                    0.0,
                    0.0,
                    7.215551946844373,
                    14.498961203864642
                ],
                [
                    0.0,
                    0.0,
                    8.766499551988787,
                    12.31638048419068
                ]
            ],
            [
                [
                    0.0,
                    0.0,
                    7.655623689956242,
                    11.867969784521902
                ],
                [
                    0.0,
                    0.0,
                    6.9208509077748115,
                    14.166950906582532
                ]
            ]
        ],
        [
            [
                [
                    0.0,
                    0.0,
                    0.0,
                    21.688903861044153
                ],
                [
                    0.0,
                    0.0,
                    0.0,
                    13.450021583260916
                ]
            ],
            [
                [
                    0.0,
                    0.0,
                    0.0,
                    11.862429749994511
                ],
                [
                    0.0,
                    0.0,
                    0.0,
                    7.676951593044573
                ]
            ],
            [
                [
                    0.0,
                    0.0,
