{
    "seed": 318,
    "ports": 4,
    "scenarios": 28,
    "obj": 1549.7402764340582,
    "time": 42.05731987953186,
    "gap": 0.0007627531277557609,
    "mean_load_per_port": [
        467.88172340393066,
        481.0432346203394,
        221.64966454190753
    ],
    "mean_teu_load_per_port": [
        722.155330657959,
        18427.156074244926,
        232149.5855516561
    ],
    "mean_load_per_location": [
        [
            [
                [
                    0.0,
                    24.976275259878577,
                    0.0,
                    0.0
                ],
                [
                    0.0,
                    0.0,
                    0.0,
                    0.0
                ]
            ],
            [
                [
                    0.0,
                    0.0,
                    0.0,
                    7.054082870483398
                ],
                [
                    0.0,
                    0.0,
                    0.0,
                    34.641024589538574
                ]
            ],
            [
                [
                    0.0,
                    0.0,
                    0.0,
                    50.0
                ],
                [
                    0.0,
                    0.0,
                    0.0,
                    25.275323390960693
                ]
            ],
            [
                [
                    0.0,
                    18.06342601776123,
                    0.0,
                    0.0
                ],
                [
                    0.0,
                    23.631681442260742,
                    0.0,
                    0.0
                ]
            ],
            [
                [
                    0.0,
                    0.0,
                    0.0,
                    39.11633110046387
                ],
                [
                    0.0,
                    0.0,
                    0.0,
                    24.41360378265381
                ]
            ],
            [
                [
                    0.0,
                    25.0,
                    0.0,
                    0.0
                ],
                [
                    0.0,
                    0.0,
                    0.0,
                    0.0
                ]
            ],
            [
                [
                    0.0,
                    0.0,
                    26.848690629005432,
                    0.0
                ],
                [
                    0.0,
                    0.0,
                    41.36326336860657,
                    0.0
                ]
            ],
            [
                [
                    0.0,
                    0.0,
                    21.892814993858337,
                    0.0
                ],
                [
                    0.0,
                    0.0,
                    25.0,
                    0.0
                ]
            ],
            [
                [
                    0.0,
                    0.0,
                    28.419421195983887,
                    0.0
                ],
                [
                    0.0,
                    0.0,
                    25.0,
                    0.0
                ]
            ],
            [
                [
                    0.0,
                    0.0,
                    0.0,
                    0.0
                ],
                [
                    0.0,
                    27.18578476247555,
                    0.0,
                    0.0
                ]
            ]
        ],
        [
            [
                [
                    0.0,
                    0.0,
                    20.486448819822186,
                    12.88580188368048
                ],
                [
                    0.0,
                    0.0,
                    12.76165549542838,
                    7.827904113132187
                ]
            ],
            [
                [
                    0.0,
                    0.0,
                    8.571130742451974,
                    19.76153136576925
                ],
                [
                    0.0,
                    0.0,
                    14.069037722689766,
                    10.239448155424867
                ]
            ],
            [
                [
                    0.0,
                    0.0,
                    12.735617766472789,
                    10.404050200069138
                ],
                [
                    0.0,
                    0.0,
                    11.138306885957718,
                    11.964805909565516
                ]
            ],
            [
                [
                    0.0,
                    0.0,
                    13.363534583817325,
                    10.648719509557202
                ],
                [
                    0.0,
                    0.0,
                    11.563642496536207,
                    12.794654684853972
                ]
            ],
            [
                [
                    0.0,
                    0.0,
                    16.475273915698256,
                    13.768261944849911
                ],
                [
                    0.0,
                    0.0,
                    11.388394954052037,
                    13.864915977981383
                ]
            ],
            [
                [
                    0.0,
                    0.0,
                    12.081258685157009,
                    12.69682928459072
                ],
                [
                    0.0,
                    0.0,
                    8.878836496513758,
                    12.41989886111447
                ]
            ],
            [
                [
                    0.0,
                    0.0,
                    11.535265689233457,
                    9.234504192243417
                ],
                [
                    0.0,
                    0.0,
                    12.236477573998952,
                    10.083945898002103
                ]
            ],
            [
                [
                    0.0,
                    0.0,
                    10.32039192638227,
                    6.6485930327584635
                ],
                [
                    0.0,
                    0.0,
                    9.810877793985682,
                    11.247820173313396
                ]
            ],
            [
                [
                    0.0,
                    0.0,
                    9.745864736183645,
                    11.381766155106678
                ],
                [
                    0.0,
                    0.0,
                    9.644778681891825,
                    11.729786368282927
                ]
            ],
            [
                [
                    0.0,
                    0.0,
                    13.008169499719031,
                    17.7336845072708
                ],
                [
                    0.0,
                    0.0,
                    9.815353919728867,
                    14.075994017051338
                ]
            ]
        ],
        [
            [
                [
                    0.0,
                    0.0,
                    0.0,
                    22.45172096969955
                ],
                [
                    0.0,
                    0.0,
                    0.0,
                    13.894461123911636
                ]
            ],
            [
                [
                    0.0,
                    0.0,
                    0.0,
                    9.994658782004022
                ],
                [
                    0.0,
                    0.0,
                    0.0,
                    6.990196576248635
                ]
            ],
            [
                [
                    0.0,
                    0.0,
