{
    "seed": 213,
    "ports": 4,
    "scenarios": 24,
    "obj": 1919.0183793223698,
    "time": 243.39456391334534,
    "gap": 0.0,
    "mean_load_per_port": [
        728.7855023145676,
        482.56648812493273,
        228.96668016487263
    ],
    "mean_teu_load_per_port": [
        929.4422011375427,
        15541.152125860937,
        177962.83126776075
    ],
    "mean_load_per_location": [
        [
            [
                [
                    0.0,
                    0.0,
                    50.0,
                    0.0
                ],
                [
                    0.0,
                    0.0,
                    44.52577196425863,
                    0.0
                ]
            ],
            [
                [
                    0.0,
                    0.0,
                    36.85318183898926,
                    0.0
                ],
                [
                    0.0,
                    0.0,
                    25.0,
                    0.0
                ]
            ],
            [
                [
                    0.0,
                    47.13737642765045,
                    0.0,
                    0.0
                ],
                [
                    0.0,
                    36.96439170837402,
                    0.0,
                    0.0
                ]
            ],
            [
                [
                    0.0,
                    0.0,
                    13.43803670273884,
                    0.0
                ],
                [
                    0.0,
                    0.0,
                    42.8818000442452,
                    0.0
                ]
            ],
            [
                [
                    0.0,
                    0.0,
                    0.0,
                    47.55469989776611
                ],
                [
                    0.0,
                    0.0,
                    0.0,
                    45.26797556877136
                ]
            ],
            [
                [
                    0.0,
                    0.0,
                    0.0,
                    30.06135368347168
                ],
                [
                    0.0,
                    0.0,
                    0.0,
                    25.0
                ]
            ],
            [
                [
                    0.0,
                    0.0,
                    0.0,
                    42.59562659263611
                ],
                [
                    0.0,
                    0.0,
                    0.0,
                    43.7802529335022
                ]
            ],
            [
                [
                    0.0,
                    37.074262857437134,
                    0.0,
                    0.0
                ],
                [
                    0.0,
                    50.0,
                    0.0,
                    0.0
                ]
            ],
            [
                [
                    0.0,
                    44.33250093460083,
                    0.0,
                    0.0
                ],
                [
                    0.0,
                    35.9897518157959,
                    0.0,
                    0.0
                ]
            ],
            [
                [
                    0.0,
                    0.0,
                    28.246236931615393,
                    0.0
                ],
                [
                    0.0,
                    0.0,
                    2.0822824127144415,
                    0.0
                ]
            ]
        ],
        [
            [
                [
                    0.0,
                    0.0,
                    19.45219430003415,
                    14.851722983767262
                ],
                [
                    0.0,
                    0.0,
                    13.29189070063405,
                    8.526679440117045
                ]
            ],
            [
                [
                    0.0,
                    0.0,
                    19.966899690779744,
                    8.156937830150127
                ],
                [
                    0.0,
                    0.0,
                    13.53922271081377,
                    11.434185105201102
                ]
            ],
            [
                [
                    0.0,
                    0.0,
                    10.576502565126928,
                    14.82960566864759
                ],
                [
                    0.0,
                    0.0,
                    12.096739660356706,
                    10.219287564497659
                ]
            ],
            [
                [
                    0.0,
                    0.0,
                    11.351888132002962,
                    12.683195280532042
                ],
                [
                    0.0,
                    0.0,
                    8.204634242387131,
                    18.369491363227056
                ]
            ],
            [
                [
                    0.0,
                    0.0,
                    13.46750505524377,
                    10.352677565266502
                ],
                [
                    0.0,
                    0.0,
                    17.124506487509844,
                    10.406689128659758
                ]
            ],
            [
                [
                    0.0,
                    0.0,
                    7.712825703124206,
                    11.868612537810373
                ],
                [
                    0.0,
                    0.0,
                    11.713461551011198,
                    14.446260819832483
                ]
            ],
            [
                [
                    0.0,
                    0.0,
                    8.579493161787914,
                    8.246161510547003
                ],
                [
                    0.0,
                    0.0,
                    14.824697645839713,
                    12.46163713235508
                ]
            ],
            [
                [
                    0.0,
                    0.0,
                    6.408810194581747,
                    10.850128352228133
                ],
                [
                    0.0,
                    0.0,
                    11.43010183547934,
                    7.666582918415467
                ]
            ],
            [
                [
                    0.0,
                    0.0,
                    11.454957142372926,
                    10.091109606553097
                ],
                [
                    0.0,
                    0.0,
                    8.56469225212899,
                    16.26400749882062
                ]
            ],
            [
                [
                    0.0,
                    0.0,
                    11.776771935456514,
                    18.094804839978462
                ],
                [
                    0.0,
                    0.0,
                    11.170125955253946,
                    10.038790056400401
                ]
            ]
        ],
        [
            [
                [
                    0.0,
                    0.0,
                    0.0,
                    21.72506300977752
                ],
                [
                    0.0,
                    0.0,
                    0.0,
                    14.034108414082322
                ]
            ],
            [
                [
                    0.0,
                    0.0,
                    0.0,
                    11.50947594783894
                ],
                [
                    0.0,
                    0.0,
                    0.0,
                    7.0940430831769135
                ]
            ],
            [
                [
                    0.0,
