{
    "seed": 507,
    "ports": 4,
    "scenarios": 8,
    "obj": 1808.9016066851382,
    "time": 2.5142579078674316,
    "gap": 0.0009504078994017124,
    "mean_load_per_port": [
        633.4924873113632,
        501.61858846247196,
        228.9271827227195
    ],
    "mean_teu_load_per_port": [
        819.3976585865021,
        5379.613310575485,
        19682.056245333937
    ],
    "mean_load_per_location": [
        [
            [
                [
                    0.0,
                    37.189668983221054,
                    0.0,
                    0.0
                ],
                [
                    0.0,
                    21.345869064331055,
                    0.0,
                    0.0
                ]
            ],
            [
                [
                    0.0,
                    0.0,
                    0.0,
                    50.0
                ],
                [
                    0.0,
                    0.0,
                    0.0,
                    50.0
                ]
            ],
            [
                [
                    0.0,
                    0.0,
                    0.0,
                    33.53553804755211
                ],
                [
                    0.0,
                    0.0,
                    0.0,
                    25.0
                ]
            ],
            [
                [
                    0.0,
                    0.0,
                    50.0,
                    0.0
                ],
                [
                    0.0,
                    0.0,
                    41.576782829761534,
                    0.0
                ]
            ],
            [
                [
                    0.0,
                    0.0,
                    0.0,
                    33.15237903594971
                ],
                [
                    0.0,
                    0.0,
                    0.0,
                    30.451686531305313
                ]
            ],
            [
                [
                    0.0,
                    0.0,
                    0.0,
                    0.0
                ],
                [
                    0.0,
                    2.026147723197937,
                    0.0,
                    0.0
                ]
            ],
            [
                [
                    0.0,
                    0.0,
                    49.50584619522092,
                    0.0
                ],
                [
                    0.0,
                    0.0,
                    20.91646957397461,
                    0.0
                ]
            ],
            [
                [
                    0.0,
                    46.270466327667236,
                    0.0,
                    0.0
                ],
                [
                    0.0,
                    37.01417937874794,
                    0.0,
                    0.0
                ]
            ],
            [
                [
                    0.0,
                    0.0,
                    47.49968086957929,
                    0.0
                ],
                [
                    0.0,
                    0.0,
                    27.751211471557642,
                    0.0
                ]
            ],
            [
                [
                    0.0,
                    0.0,
                    25.0,
                    0.0
                ],
                [
                    0.0,
                    0.0,
                    5.256561279296875,
                    0.0
                ]
            ]
        ],
        [
            [
                [
                    0.0,
                    0.0,
                    14.882394015789032,
                    15.591137111186981
                ],
                [
                    0.0,
                    0.0,
                    17.621071781093463,
                    6.666861146688461
                ]
            ],
            [
                [
                    0.0,
                    0.0,
                    21.751586959759393,
                    14.8451171182096
                ],
                [
                    0.0,
                    0.0,
                    3.3367018699645996,
                    12.991294872015715
                ]
            ],
            [
                [
                    0.0,
                    0.0,
                    5.646963119506836,
                    11.472922660410404
                ],
                [
                    0.0,
                    0.0,
                    8.798157840967178,
                    14.200318522254628
                ]
            ],
            [
                [
                    0.0,
                    0.0,
                    6.34265553206205,
                    19.136142738660176
                ],
                [
                    0.0,
                    0.0,
                    12.666802242398262,
                    17.82747559249401
                ]
            ],
            [
                [
                    0.0,
                    0.0,
                    28.260861217975616,
                    3.125
                ],
                [
                    0.0,
                    0.0,
                    15.412251342957632,
                    13.03048899769783
                ]
            ],
            [
                [
                    0.0,
                    0.0,
                    13.575737126171589,
                    5.32261199504137
                ],
                [
                    0.0,
                    0.0,
                    19.158279321094362,
                    9.037419855594635
                ]
            ],
            [
                [
                    0.0,
                    0.0,
                    12.135047025978565,
                    11.221315428614616
                ],
                [
                    0.0,
                    0.0,
                    11.491896837949753,
                    16.274832606315613
                ]
            ],
            [
                [
                    0.0,
                    0.0,
                    13.071061491966248,
                    3.526615723967552
                ],
                [
                    0.0,
                    0.0,
                    20.667482525110245,
                    5.230589151382446
                ]
            ],
            [
                [
                    0.0,
                    0.0,
                    4.791125774383545,
                    19.059194467961788
                ],
                [
                    0.0,
                    0.0,
                    1.4337309002876282,
                    19.16698171198368
                ]
            ],
            [
                [
                    0.0,
                    0.0,
                    12.64573985338211,
                    22.656447380781174
                ],
                [
                    0.0,
                    0.0,
                    7.5476385951042175,
                    9.99863600730896
                ]
            ]
        ],
        [
            [
                [
                    0.0,
                    0.0,
                    0.0,
                    22.05949207651429
                ],
                [
                    0.0,
                    0.0,
                    0.0,
                    13.37397224593331
                ]
            ],
            [
                [
                    0.0,
                    0.0,
                    0.0,
                    10.045623836035622
                ],
                [
                    0.0,
                    0.0,
                    0.0,
                    8.41748423424454
                ]
            ],
            [
                [
                    0.0,
                    0.0,
