{
    "seed": 43,
    "ports": 4,
    "scenarios": 8,
    "obj": 1908.8415601572842,
    "time": 2.4157018661499023,
    "gap": 3.40138628647701e-05,
    "mean_load_per_port": [
        634.4846377372742,
        469.05555527319984,
        228.18613153070604
    ],
    "mean_teu_load_per_port": [
        824.3422861099243,
        5144.743655693823,
        19576.565727230707
    ],
    "mean_load_per_location": [
        [
            [
                [
                    0.0,
                    46.272697116134864,
                    0.0,
                    0.0
                ],
                [
                    0.0,
                    19.1629056930542,
                    0.0,
                    0.0
                ]
            ],
            [
                [
                    0.0,
                    0.0,
                    25.0,
                    0.0
                ],
                [
                    0.0,
                    0.0,
                    48.38248822331431,
                    0.0
                ]
            ],
            [
                [
                    0.0,
                    0.0,
                    0.0,
                    35.23867121100423
                ],
                [
                    0.0,
                    0.0,
                    0.0,
                    50.0
                ]
            ],
            [
                [
                    0.0,
                    0.0,
                    0.0,
                    41.21294403076172
                ],
                [
                    0.0,
                    0.0,
                    0.0,
                    32.169544192552586
                ]
            ],
            [
                [
                    0.0,
                    0.0,
                    41.9620819365978,
                    0.0
                ],
                [
                    0.0,
                    0.0,
                    28.9594589471817,
                    0.0
                ]
            ],
            [
                [
                    0.0,
                    0.0,
                    48.83049392700195,
                    0.0
                ],
                [
                    0.0,
                    0.0,
                    25.0,
                    0.0
                ]
            ],
            [
                [
                    0.0,
                    0.0,
                    0.0,
                    34.79066550731659
                ],
                [
                    0.0,
                    0.0,
                    0.0,
                    50.0
                ]
            ],
            [
                [
                    0.0,
                    0.0,
                    0.0,
                    25.271856546401985
                ],
                [
                    0.0,
                    0.0,
                    0.0,
                    25.0
                ]
            ],
            [
                [
                    0.0,
                    34.63933849334717,
                    0.0,
                    0.0
                ],
                [
                    0.0,
                    0.0,
                    0.0,
                    0.0
                ]
            ],
            [
                [
                    0.0,
                    17.93992683768441,
                    0.0,
                    0.0
                ],
                [
                    0.0,
                    4.651565074920654,
                    0.0,
                    0.0
                ]
            ]
        ],
        [
            [
                [
                    0.0,
                    0.0,
                    3.590735912322998,
                    31.940036115294646
                ],
                [
                    0.0,
                    0.0,
                    0.0,
                    30.429825134575367
                ]
            ],
            [
                [
                    0.0,
                    0.0,
                    12.270283319056034,
                    12.59833137691021
                ],
                [
                    0.0,
                    0.0,
                    6.132440000772476,
                    14.488726298266696
                ]
            ],
            [
                [
                    0.0,
                    0.0,
                    20.998322933912277,
                    7.311107635498047
                ],
                [
                    0.0,
                    0.0,
                    13.813610427081585,
                    9.480268611465704
                ]
            ],
            [
                [
                    0.0,
                    0.0,
                    11.431260395795107,
                    17.006965525448322
                ],
                [
                    0.0,
                    0.0,
                    12.943409390747547,
                    8.33484322577715
                ]
            ],
            [
                [
                    0.0,
                    0.0,
                    8.89176793396473,
                    9.886570930480957
                ],
                [
                    0.0,
                    0.0,
                    11.011885046958923,
                    9.913291275501251
                ]
            ],
            [
                [
                    0.0,
                    0.0,
                    4.594369053840637,
                    14.357008092105389
                ],
                [
                    0.0,
                    0.0,
                    4.3364754021167755,
                    19.87765149399638
                ]
            ],
            [
                [
                    0.0,
                    0.0,
                    15.85735447704792,
                    11.280822932720184
                ],
                [
                    0.0,
                    0.0,
                    15.771280527114868,
                    12.433818690478802
                ]
            ],
            [
                [
                    0.0,
                    0.0,
                    4.75999054312706,
                    6.673455545733384
                ],
                [
                    0.0,
                    0.0,
                    8.343264311552048,
                    11.283658859412295
                ]
            ],
            [
                [
                    0.0,
                    0.0,
                    5.181255504488945,
                    12.12694560062986
                ],
                [
                    0.0,
                    0.0,
                    17.33760406821966,
                    10.56521796826823
                ]
            ],
            [
                [
                    0.0,
                    0.0,
                    20.59936162084341,
                    1.797214925289154
                ],
                [
                    0.0,
                    0.0,
                    14.74076096095192,
                    4.664363205432892
                ]
            ]
        ],
        [
            [
                [
                    0.0,
                    0.0,
                    0.0,
                    22.28980894424379
                ],
                [
                    0.0,
                    0.0,
                    0.0,
                    14.860574252465666
                ]
            ],
            [
                [
                    0.0,
                    0.0,
                    0.0,
                    10.789611960645399
                ],
                [
                    0.0,
                    0.0,
                    0.0,
                    6.840119512677978
                ]
            ],
            [
                [
                    0.0,
                    0.0,
                    0.0,
