{
    "seed": 43,
    "ports": 4,
    "scenarios": 20,
    "obj": 1912.8008064343774,
    "time": 17.02437996864319,
    "gap": 0.0,
    "mean_load_per_port": [
        634.4846377372742,
        487.5133886109228,
        237.34393570898266
    ],
    "mean_teu_load_per_port": [
        824.3422861099243,
        13256.380033167268,
        127237.32103256726
    ],
    "mean_load_per_location": [
        [
            [
                [
                    0.0,
                    0.0,
                    0.0,
                    41.006205916404724
                ],
                [
                    0.0,
                    0.0,
                    0.0,
                    42.95152282714844
                ]
            ],
            [
                [
                    0.0,
                    0.0,
                    24.66343069076538,
                    0.0
                ],
                [
                    0.0,
                    0.0,
                    50.0,
                    0.0
                ]
            ],
            [
                [
                    0.0,
                    0.0,
                    0.0,
                    32.16398084163666
                ],
                [
                    0.0,
                    0.0,
                    0.0,
                    41.21294403076172
                ]
            ],
            [
                [
                    0.0,
                    0.0,
                    0.0,
                    0.0
                ],
                [
                    0.0,
                    4.649305820465088,
                    0.0,
                    0.0
                ]
            ],
            [
                [
                    0.0,
                    0.0,
                    0.0,
                    25.0
                ],
                [
                    0.0,
                    0.0,
                    0.0,
                    19.041040420532227
                ]
            ],
            [
                [
                    0.0,
                    0.0,
                    0.0,
                    42.307987451553345
                ],
                [
                    0.0,
                    0.0,
                    0.0,
                    50.0
                ]
            ],
            [
                [
                    0.0,
                    0.0,
                    31.937894821166992,
                    0.0
                ],
                [
                    0.0,
                    0.0,
                    34.375277161598206,
                    0.0
                ]
            ],
            [
                [
                    0.0,
                    39.502967059612274,
                    0.0,
                    0.0
                ],
                [
                    0.0,
                    18.038336277008057,
                    0.0,
                    0.0
                ]
            ],
            [
                [
                    0.0,
                    0.0,
                    49.0,
                    0.0
                ],
                [
                    0.0,
                    0.0,
                    28.157920360565186,
                    0.0
                ]
            ],
            [
                [
                    0.0,
                    28.4640474319458,
                    0.0,
                    0.0
                ],
                [
                    0.0,
                    32.01177662611008,
                    0.0,
                    0.0
                ]
            ]
        ],
        [
            [
                [
                    0.0,
                    0.0,
                    17.78629304021597,
                    16.776995027065276
                ],
                [
                    0.0,
                    0.0,
                    12.343671450018883,
                    17.774246457339103
                ]
            ],
            [
                [
                    0.0,
                    0.0,
                    11.191558020903306,
                    16.1851284340024
                ],
                [
                    0.0,
                    0.0,
                    12.979238726486662,
                    11.546847361661182
                ]
            ],
            [
                [
                    0.0,
                    0.0,
                    8.201061019301415,
                    16.100129924714565
                ],
                [
                    0.0,
                    0.0,
                    12.34398266880049,
                    15.448310606843606
                ]
            ],
            [
                [
                    0.0,
                    0.0,
                    12.355558181967993,
                    13.099883658587927
                ],
                [
                    0.0,
                    0.0,
                    9.043462001522078,
                    7.959783835309364
                ]
            ],
            [
                [
                    0.0,
                    0.0,
                    9.463659431950912,
                    8.771304935216904
                ],
                [
                    0.0,
                    0.0,
                    12.723415548699714,
                    11.91010151416064
                ]
            ],
            [
                [
                    0.0,
                    0.0,
                    7.445909093887559,
                    17.535218021273614
                ],
                [
                    0.0,
                    0.0,
                    6.906770750124946,
                    16.809799541532993
                ]
            ],
            [
                [
                    0.0,
                    0.0,
                    10.993076303601265,
                    9.959387481212616
                ],
                [
                    0.0,
                    0.0,
                    12.144398736953736,
                    11.269206979870797
                ]
            ],
            [
                [
                    0.0,
                    0.0,
                    15.301253681442128,
                    10.004714070260524
                ],
                [
                    0.0,
                    0.0,
                    16.13842898478043,
                    8.215346717834473
                ]
            ],
            [
                [
                    0.0,
                    0.0,
                    10.420343036949635,
                    9.155487351879103
                ],
                [
                    0.0,
                    0.0,
                    8.735070958521934,
                    11.108396263820314
                ]
            ],
            [
                [
                    0.0,
                    0.0,
                    17.912777369389282,
                    11.32115398645401
                ],
                [
                    0.0,
                    0.0,
                    11.971052203407538,
                    10.160965232957494
                ]
            ]
        ],
        [
            [
                [
                    0.0,
                    0.0,
                    0.0,
                    21.062962050672432
                ],
                [
                    0.0,
                    0.0,
                    0.0,
                    14.470563143559971
                ]
            ],
            [
                [
                    0.0,
                    0.0,
                    0.0,
                    12.494572794079538
                ],
                [
                    0.0,
                    0.0,
                    0.0,
                    8.83189823235108
                ]
            ],
            [
                [
                    0.0,
                    0.0,
