{
    "seed": 108,
    "ports": 4,
    "scenarios": 12,
    "obj": 904.0169819416966,
    "time": 15.721299171447754,
    "gap": 0.0,
    "mean_load_per_port": [
        481.600976228714,
        145.40194579351814,
        22.210809234603577
    ],
    "mean_teu_load_per_port": [
        665.5085165500641,
        2472.2707386315246,
        4983.050125386331
    ],
    "mean_load_per_location": [
        [
            [
                [
                    0.0,
                    38.53842878341675,
                    0.0,
                    0.0
                ],
                [
                    0.0,
                    25.0,
                    0.0,
                    0.0
                ]
            ],
            [
                [
                    0.0,
                    0.0,
                    0.0,
                    34.44597816467285
                ],
                [
                    0.0,
                    0.0,
                    0.0,
                    18.544960141181946
                ]
            ],
            [
                [
                    0.0,
                    0.0,
                    42.4093057513237,
                    0.0
                ],
                [
                    0.0,
                    0.0,
                    25.0,
                    0.0
                ]
            ],
            [
                [
                    0.0,
                    17.18623161315918,
                    0.0,
                    0.0
                ],
                [
                    0.0,
                    19.426471710205078,
                    0.0,
                    0.0
                ]
            ],
            [
                [
                    0.0,
                    0.0,
                    38.18364906311035,
                    0.0
                ],
                [
                    0.0,
                    0.0,
                    21.57620060443878,
                    0.0
                ]
            ],
            [
                [
                    0.0,
                    0.0,
                    0.0,
                    0.0
                ],
                [
                    0.0,
                    10.624073028564453,
                    0.0,
                    0.0
                ]
            ],
            [
                [
                    0.0,
                    0.0,
                    25.0,
                    0.0
                ],
                [
                    0.0,
                    0.0,
                    0.0,
                    0.0
                ]
            ],
            [
                [
                    0.0,
                    0.0,
                    0.1512918472290039,
                    0.0
                ],
                [
                    0.0,
                    0.0,
                    45.1141414642334,
                    0.0
                ]
            ],
            [
                [
                    0.0,
                    0.0,
                    0.0,
                    0.0
                ],
                [
                    0.0,
                    0.0,
                    22.36401718854904,
                    0.0
                ]
            ],
            [
                [
                    0.0,
                    0.0,
                    0.0,
                    49.483346939086914
                ],
                [
                    0.0,
                    0.0,
                    0.0,
                    48.55287992954254
                ]
            ]
        ],
        [
            [
                [
                    0.0,
                    0.0,
                    0.0,
                    14.349841237068176
                ],
                [
                    0.0,
                    0.0,
                    0.0,
                    1.0
                ]
            ],
            [
                [
                    0.0,
                    0.0,
                    2.2149581909179688,
                    0.0
                ],
                [
                    0.0,
                    0.0,
                    1.7960046342006672,
                    1.0445624192555754
                ]
            ],
            [
                [
                    0.0,
                    0.0,
                    0.0,
                    0.0
                ],
                [
                    0.0,
                    0.0,
                    2.2921805580457053,
                    0.08333333333333333
                ]
            ],
            [
                [
                    0.0,
                    0.0,
                    25.143094221750896,
                    5.542608459790547
                ],
                [
                    0.0,
                    0.0,
                    6.371116419633229,
                    8.507498343785604
                ]
            ],
            [
                [
                    0.0,
                    0.0,
                    3.099300225575765,
                    0.9805264472961426
                ],
                [
                    0.0,
                    0.0,
                    4.4520269545606155,
                    8.546006759007772
                ]
            ],
            [
                [
                    0.0,
                    0.0,
                    2.327507654825846,
                    12.312379949622681
                ],
                [
                    0.0,
                    0.0,
                    10.574498999460504,
                    9.33728172381719
                ]
            ],
            [
                [
                    0.0,
                    0.0,
                    8.019919872283936,
                    3.059946060180664
                ],
                [
                    0.0,
                    0.0,
                    1.5671801765759785,
                    1.6435600022474925
                ]
            ],
            [
                [
                    0.0,
                    0.0,
                    2.0,
                    0.28264227915512236
                ],
                [
                    0.0,
                    0.0,
                    1.1109515031178792,
                    0.8613905906677246
                ]
            ],
            [
                [
                    0.0,
                    0.0,
                    0.0,
                    0.0
                ],
                [
                    0.0,
                    0.0,
                    1.4940606753031414,
                    1.3521286646525066
                ]
            ],
            [
                [
                    0.0,
                    0.0,
                    0.0,
                    0.0
                ],
                [
                    0.0,
                    0.0,
                    3.631465454588947,
                    0.4039739827965268
                ]
            ]
        ],
        [
            [
                [
                    0.0,
                    0.0,
                    0.0,
                    0.0
                ],
                [
                    0.0,
                    0.0,
                    0.0,
                    0.264556162047268
                ]
            ],
            [
                [
                    0.0,
                    0.0,
                    0.0,
                    3.0
                ],
                [
                    0.0,
                    0.0,
                    0.0,
                    0.22068332379772332
                ]
            ],
            [
                [
                    0.0,
                    0.0,
                    0.0,
                    0.0
                ],
                [
                    0.0,
                    0.0,
                    0.0,
                    0.46247794425990146
