{
    "seed": 78,
    "ports": 4,
    "scenarios": 8,
    "obj": 1845.3398285788317,
    "time": 56.9439799785614,
    "gap": 0.0,
    "mean_load_per_port": [
        680.9835522174835,
        479.15648508016073,
        236.0812652048791
    ],
    "mean_teu_load_per_port": [
        964.4218325614929,
        5046.484642782424,
        20328.540273890645
    ],
    "mean_load_per_location": [
        [
            [
                [
                    0.0,
                    39.115331172943115,
                    0.0,
                    0.0
                ],
                [
                    0.0,
                    45.72326374053955,
                    0.0,
                    0.0
                ]
            ],
            [
                [
                    0.0,
                    0.0,
                    0.0,
                    39.13217735290527
                ],
                [
                    0.0,
                    0.0,
                    0.0,
                    34.67137312889099
                ]
            ],
            [
                [
                    0.0,
                    0.0,
                    0.0,
                    34.228538513183594
                ],
                [
                    0.0,
                    0.0,
                    0.0,
                    25.0
                ]
            ],
            [
                [
                    0.0,
                    0.0,
                    50.0,
                    0.0
                ],
                [
                    0.0,
                    0.0,
                    35.33204221725464,
                    0.0
                ]
            ],
            [
                [
                    0.0,
                    0.0,
                    21.19189453125,
                    0.0
                ],
                [
                    0.0,
                    0.0,
                    50.0,
                    0.0
                ]
            ],
            [
                [
                    0.0,
                    24.17542839050293,
                    0.0,
                    0.0
                ],
                [
                    0.0,
                    21.810394287109375,
                    0.0,
                    0.0
                ]
            ],
            [
                [
                    0.0,
                    0.0,
                    50.0,
                    0.0
                ],
                [
                    0.0,
                    0.0,
                    27.843936443328857,
                    0.0
                ]
            ],
            [
                [
                    0.0,
                    25.0,
                    0.0,
                    0.0
                ],
                [
                    0.0,
                    41.064186096191406,
                    0.0,
                    0.0
                ]
            ],
            [
                [
                    0.0,
                    0.0,
                    16.69498634338379,
                    0.0
                ],
                [
                    0.0,
                    0.0,
                    50.0,
                    0.0
                ]
            ],
            [
                [
                    0.0,
                    0.0,
                    0.0,
                    25.0
                ],
                [
                    0.0,
                    0.0,
                    0.0,
                    25.0
                ]
            ]
        ],
        [
            [
                [
                    0.0,
                    0.0,
                    15.534689074382186,
                    15.56640574336052
                ],
                [
                    0.0,
                    0.0,
                    15.493493489921093,
                    10.602463283433451
                ]
            ],
            [
                [
                    0.0,
                    0.0,
                    6.37102347612381,
                    20.135948546230793
                ],
                [
                    0.0,
                    0.0,
                    3.4818505362165815,
                    15.592062890529633
                ]
            ],
            [
                [
                    0.0,
                    0.0,
                    6.585377566516399,
                    18.800721955423548
                ],
                [
                    0.0,
                    0.0,
                    8.293666144598275,
                    23.262194606537626
                ]
            ],
            [
                [
                    0.0,
                    0.0,
                    3.9282935857772827,
                    12.971471264958382
                ],
                [
                    0.0,
                    0.0,
                    2.3217064142227173,
                    13.366536995161324
                ]
            ],
            [
                [
                    0.0,
                    0.0,
                    15.834429025650024,
                    12.13672081939876
                ],
                [
                    0.0,
                    0.0,
                    10.287044532597065,
                    11.452567115426064
                ]
            ],
            [
                [
                    0.0,
                    0.0,
                    5.890945605933666,
                    13.407302811741829
                ],
                [
                    0.0,
                    0.0,
                    11.108083426952362,
                    17.285826975714414
                ]
            ],
            [
                [
                    0.0,
                    0.0,
                    8.127735570073128,
                    15.351568669080734
                ],
                [
                    0.0,
                    0.0,
                    15.206972777843475,
                    11.891486644744873
                ]
            ],
            [
                [
                    0.0,
                    0.0,
                    12.947459075599909,
                    1.2286931946873665
                ],
                [
                    0.0,
                    0.0,
                    21.123490408062935,
                    10.025733798742294
                ]
            ],
            [
                [
                    0.0,
                    0.0,
                    24.02051929756999,
                    8.053590247407556
                ],
                [
                    0.0,
                    0.0,
                    13.621529020369053,
                    6.375
                ]
            ],
            [
                [
                    0.0,
                    0.0,
                    7.922215104103088,
                    6.960656396255956
                ],
                [
                    0.0,
                    0.0,
                    19.02302116341889,
                    7.565987825393677
                ]
            ]
        ],
        [
            [
                [
                    0.0,
                    0.0,
                    0.0,
                    24.933636297095962
                ],
                [
                    0.0,
                    0.0,
                    0.0,
                    13.604517528232538
                ]
            ],
            [
                [
                    0.0,
                    0.0,
                    0.0,
                    10.854727592714365
                ],
                [
                    0.0,
                    0.0,
                    0.0,
                    8.489131050952594
                ]
            ],
            [
                [
                    0.0,
                    0.0,
                    0.0,
