{
    "seed": 507,
    "ports": 4,
    "scenarios": 28,
    "obj": 1783.8254019337548,
    "time": 45.47890591621399,
    "gap": 0.0003014303988236197,
    "mean_load_per_port": [
        634.1421521902084,
        471.2174738373398,
        222.86480171404003
    ],
    "mean_teu_load_per_port": [
        820.6969883441925,
        17645.742577205212,
        235307.74358984744
    ],
    "mean_load_per_location": [
        [
            [
                [
                    0.0,
                    0.0,
                    0.0,
                    50.0
                ],
                [
                    0.0,
                    0.0,
                    0.0,
                    50.0
                ]
            ],
            [
                [
                    0.0,
                    0.0,
                    0.0,
                    8.726049423217773
                ],
                [
                    0.0,
                    0.0,
                    0.0,
                    36.657474517822266
                ]
            ],
            [
                [
                    0.0,
                    0.0,
                    50.0,
                    0.0
                ],
                [
                    0.0,
                    0.0,
                    35.32564246569363,
                    0.0
                ]
            ],
            [
                [
                    0.0,
                    36.86210775375366,
                    0.0,
                    0.0
                ],
                [
                    0.0,
                    35.01412412439076,
                    0.0,
                    0.0
                ]
            ],
            [
                [
                    0.0,
                    0.0,
                    36.659306169407685,
                    0.0
                ],
                [
                    0.0,
                    0.0,
                    50.0,
                    0.0
                ]
            ],
            [
                [
                    0.0,
                    0.0,
                    0.0,
                    25.5
                ],
                [
                    0.0,
                    0.0,
                    0.0,
                    24.57376003265381
                ]
            ],
            [
                [
                    0.0,
                    0.0,
                    0.0,
                    0.0
                ],
                [
                    0.0,
                    0.0,
                    18.766100883483887,
                    0.0
                ]
            ],
            [
                [
                    0.0,
                    0.0,
                    0.0,
                    25.0
                ],
                [
                    0.0,
                    0.0,
                    0.0,
                    2.331984519958496
                ]
            ],
            [
                [
                    0.0,
                    26.71392741884502,
                    0.0,
                    0.0
                ],
                [
                    0.0,
                    45.25617218017578,
                    0.0,
                    0.0
                ]
            ],
            [
                [
                    0.0,
                    0.0,
                    44.71486282348633,
                    0.0
                ],
                [
                    0.0,
                    0.0,
                    32.040639877319336,
                    0.0
                ]
            ]
        ],
        [
            [
                [
                    0.0,
                    0.0,
                    21.517453895311004,
                    7.753328476633344
                ],
                [
                    0.0,
                    0.0,
                    21.779523540050985,
                    7.384083348009212
                ]
            ],
            [
                [
                    0.0,
                    0.0,
                    18.934891358000066,
                    8.690278107211702
                ],
                [
                    0.0,
                    0.0,
                    12.059288399779783,
                    7.353238986243328
                ]
            ],
            [
                [
                    0.0,
                    0.0,
                    14.762456091386932,
                    12.174681877451283
                ],
                [
                    0.0,
                    0.0,
                    13.625771712452964,
                    12.199831831668105
                ]
            ],
            [
                [
                    0.0,
                    0.0,
                    12.38205194899014,
                    15.28554124810866
                ],
                [
                    0.0,
                    0.0,
                    7.642497605865911,
                    11.134009823912665
                ]
            ],
            [
                [
                    0.0,
                    0.0,
                    17.308002317217728,
                    10.694927750953607
                ],
                [
                    0.0,
                    0.0,
                    12.895834839769773,
                    11.121343995843615
                ]
            ],
            [
                [
                    0.0,
                    0.0,
                    7.175196865115817,
                    7.285600905971868
                ],
                [
                    0.0,
                    0.0,
                    13.693196801766337,
                    7.233765992025534
                ]
            ],
            [
                [
                    0.0,
                    0.0,
                    8.523992313658804,
                    8.398979593600545
                ],
                [
                    0.0,
                    0.0,
                    12.214557878352451,
                    14.37768815244947
                ]
            ],
            [
                [
                    0.0,
                    0.0,
                    7.16398009509529,
                    15.069457872956988
                ],
                [
                    0.0,
                    0.0,
                    7.232064180463167,
                    16.183579852751325
                ]
            ],
            [
                [
                    0.0,
                    0.0,
                    5.075691520982432,
                    11.685226909588547
                ],
                [
                    0.0,
                    0.0,
                    11.470015110443544,
                    7.263075000473431
                ]
            ],
            [
                [
                    0.0,
                    0.0,
                    13.69405589581287,
                    18.442051576184376
                ],
                [
                    0.0,
                    0.0,
                    7.720875774296389,
                    14.615384390489897
                ]
            ]
        ],
        [
            [
                [
                    0.0,
                    0.0,
                    0.0,
                    21.06622053342048
                ],
                [
                    0.0,
                    0.0,
                    0.0,
                    13.916187211182788
                ]
            ],
            [
                [
                    0.0,
                    0.0,
                    0.0,
                    11.239259865235915
                ],
                [
                    0.0,
                    0.0,
                    0.0,
                    7.428321384606472
                ]
            ],
            [
                [
                    0.0,
                    0.0,
