{
    "seed": 87,
    "ports": 4,
    "scenarios": 28,
    "obj": 1547.7647236894754,
    "time": 42.59662413597107,
    "gap": 0.0005346738109793429,
    "mean_load_per_port": [
        514.6716085672379,
        509.97219253014225,
        219.7587462287733
    ],
    "mean_teu_load_per_port": [
        704.2331984043121,
        19435.794027361146,
        231000.45194850268
    ],
    "mean_load_per_location": [
        [
            [
                [
                    0.0,
                    25.85453200340271,
                    0.0,
                    0.0
                ],
                [
                    0.0,
                    6.252837657928467,
                    0.0,
                    0.0
                ]
            ],
            [
                [
                    0.0,
                    8.757451057434082,
                    0.0,
                    0.0
                ],
                [
                    0.0,
                    24.98100334180711,
                    0.0,
                    0.0
                ]
            ],
            [
                [
                    0.0,
                    0.0,
                    0.0,
                    27.91001070979565
                ],
                [
                    0.0,
                    0.0,
                    0.0,
                    25.0
                ]
            ],
            [
                [
                    0.0,
                    5.637449235849985,
                    0.0,
                    0.0
                ],
                [
                    0.0,
                    49.42129468917847,
                    0.0,
                    0.0
                ]
            ],
            [
                [
                    0.0,
                    0.0,
                    25.836918531722418,
                    0.0
                ],
                [
                    0.0,
                    0.0,
                    47.772239685058594,
                    0.0
                ]
            ],
            [
                [
                    0.0,
                    0.0,
                    0.0,
                    13.887387247019419
                ],
                [
                    0.0,
                    0.0,
                    0.0,
                    41.17135667800903
                ]
            ],
            [
                [
                    0.0,
                    0.0,
                    0.0,
                    25.0
                ],
                [
                    0.0,
                    0.0,
                    0.0,
                    28.95936180594891
                ]
            ],
            [
                [
                    0.0,
                    45.393555641174316,
                    0.0,
                    0.0
                ],
                [
                    0.0,
                    26.426577300959238,
                    0.0,
                    0.0
                ]
            ],
            [
                [
                    0.0,
                    0.0,
                    13.630114971465458,
                    0.0
                ],
                [
                    0.0,
                    0.0,
                    43.21765422821045,
                    0.0
                ]
            ],
            [
                [
                    0.0,
                    0.0,
                    16.8284341385741,
                    0.0
                ],
                [
                    0.0,
                    0.0,
                    12.733429643699452,
                    0.0
                ]
            ]
        ],
        [
            [
                [
                    0.0,
                    0.0,
                    21.52490072032108,
                    11.35619142601139
                ],
                [
                    0.0,
                    0.0,
                    19.82456932075892,
                    10.765659884553713
                ]
            ],
            [
                [
                    0.0,
                    0.0,
                    15.64227710983583,
                    12.817503521647206
                ],
                [
                    0.0,
                    0.0,
                    12.21113401846276,
                    12.423380477205061
                ]
            ],
            [
                [
                    0.0,
                    0.0,
                    17.867693911183522,
                    10.032032810874592
                ],
                [
                    0.0,
                    0.0,
                    18.75676790867096,
                    9.382315816200366
                ]
            ],
            [
                [
                    0.0,
                    0.0,
                    11.726524403476128,
                    13.18737539506167
                ],
                [
                    0.0,
                    0.0,
                    10.626955813931279,
                    11.266817552394796
                ]
            ],
            [
                [
                    0.0,
                    0.0,
                    14.562139140473446,
                    12.840757160314492
                ],
                [
                    0.0,
                    0.0,
                    12.154699306402888,
                    12.960756692079723
                ]
            ],
            [
                [
                    0.0,
                    0.0,
                    8.464146255638322,
                    14.768413511706882
                ],
                [
                    0.0,
                    0.0,
                    12.363338216074876,
                    15.14318380641036
                ]
            ],
            [
                [
                    0.0,
                    0.0,
                    8.558841384917569,
                    10.597361098252463
                ],
                [
                    0.0,
                    0.0,
                    10.64261652666039,
                    13.762652553029485
                ]
            ],
            [
                [
                    0.0,
                    0.0,
                    10.00406086906714,
                    13.81184078530633
                ],
                [
                    0.0,
                    0.0,
                    11.212851695433057,
                    14.863790932436318
                ]
            ],
            [
                [
                    0.0,
                    0.0,
                    6.0420160336153845,
                    10.32218225300312
                ],
                [
                    0.0,
                    0.0,
                    11.310652889228544,
                    12.110008562312045
                ]
            ],
            [
                [
                    0.0,
                    0.0,
                    13.597649949207437,
                    14.241652953022754
                ],
                [
                    0.0,
                    0.0,
                    17.17520700235312,
                    9.04927286260675
                ]
            ]
        ],
        [
            [
                [
                    0.0,
                    0.0,
                    0.0,
                    21.083204238233826
                ],
                [
                    0.0,
                    0.0,
                    0.0,
                    14.557568565575973
                ]
            ],
            [
                [
                    0.0,
                    0.0,
                    0.0,
                    9.74776507259897
                ],
                [
                    0.0,
                    0.0,
                    0.0,
                    8.178152184242926
                ]
            ],
            [
