{
    "seed": 477,
    "ports": 4,
    "scenarios": 24,
    "obj": 1796.5096075061504,
    "time": 30.28663396835327,
    "gap": 0.0,
    "mean_load_per_port": [
        646.2103999853134,
        487.9146652940215,
        223.8740272006748
    ],
    "mean_teu_load_per_port": [
        799.66517329216,
        15608.285053021391,
        173434.98772470438
    ],
    "mean_load_per_location": [
        [
            [
                [
                    0.0,
                    0.0,
                    0.0,
                    46.40186457335949
                ],
                [
                    0.0,
                    0.0,
                    0.0,
                    16.79369978606701
                ]
            ],
            [
                [
                    0.0,
                    50.0,
                    0.0,
                    0.0
                ],
                [
                    0.0,
                    48.357035636901855,
                    0.0,
                    0.0
                ]
            ],
            [
                [
                    0.0,
                    18.03022859543556,
                    0.0,
                    0.0
                ],
                [
                    0.0,
                    2.621284732967645,
                    0.0,
                    0.0
                ]
            ],
            [
                [
                    0.0,
                    0.0,
                    9.957549214363098,
                    0.0
                ],
                [
                    0.0,
                    0.0,
                    37.48975467681885,
                    0.0
                ]
            ],
            [
                [
                    0.0,
                    25.0,
                    0.0,
                    0.0
                ],
                [
                    0.0,
                    28.965319166332513,
                    0.0,
                    0.0
                ]
            ],
            [
                [
                    0.0,
                    46.76946258544922,
                    0.0,
                    0.0
                ],
                [
                    0.0,
                    40.027873039245605,
                    0.0,
                    0.0
                ]
            ],
            [
                [
                    0.0,
                    0.0,
                    0.0,
                    50.0
                ],
                [
                    0.0,
                    0.0,
                    0.0,
                    9.51722526550293
                ]
            ],
            [
                [
                    0.0,
                    0.0,
                    36.2403450012207,
                    0.0
                ],
                [
                    0.0,
                    0.0,
                    47.81976318359375,
                    0.0
                ]
            ],
            [
                [
                    0.0,
                    0.0,
                    0.0,
                    29.750104904174805
                ],
                [
                    0.0,
                    0.0,
                    0.0,
                    32.90974846482277
                ]
            ],
            [
                [
                    0.0,
                    0.0,
                    0.0,
                    24.85767936706543
                ],
                [
                    0.0,
                    0.0,
                    0.0,
                    44.70146179199219
                ]
            ]
        ],
        [
            [
                [
                    0.0,
                    0.0,
                    21.716787083783657,
                    16.83046767284078
                ],
                [
                    0.0,
                    0.0,
                    17.675088186505402,
                    12.30338050345547
                ]
            ],
            [
                [
                    0.0,
                    0.0,
                    13.440763323505715,
                    10.491775947229181
                ],
                [
                    0.0,
                    0.0,
                    14.84487138185609,
                    8.491852423162245
                ]
            ],
            [
                [
                    0.0,
                    0.0,
                    13.194476420143133,
                    15.049937536747874
                ],
                [
                    0.0,
                    0.0,
                    11.593933373647985,
                    12.405434517894074
                ]
            ],
            [
                [
                    0.0,
                    0.0,
                    5.473206059302999,
                    16.365661824701288
                ],
                [
                    0.0,
                    0.0,
                    8.304067005755448,
                    16.91032110398815
                ]
            ],
            [
                [
                    0.0,
                    0.0,
                    11.365137375831559,
                    10.083301613811537
                ],
                [
                    0.0,
                    0.0,
                    22.479969082574048,
                    8.303191648246543
                ]
            ],
            [
                [
                    0.0,
                    0.0,
                    8.01251686612765,
                    12.580646077404738
                ],
                [
                    0.0,
                    0.0,
                    9.996919612089792,
                    13.310314980645975
                ]
            ],
            [
                [
                    0.0,
                    0.0,
                    11.310188038253813,
                    8.927374954935578
                ],
                [
                    0.0,
                    0.0,
                    12.930116683928086,
                    7.269359558841284
                ]
            ],
            [
                [
                    0.0,
                    0.0,
                    11.593864949617227,
                    8.662093873177707
                ],
                [
                    0.0,
                    0.0,
                    9.511422826805932,
                    10.544188894331455
                ]
            ],
            [
                [
                    0.0,
                    0.0,
                    5.496540631880548,
                    15.194654783896548
                ],
                [
                    0.0,
                    0.0,
                    8.729894965266189,
                    21.816976954518783
                ]
            ],
            [
                [
                    0.0,
                    0.0,
                    10.407610329530579,
                    11.654432794700066
                ],
                [
                    0.0,
                    0.0,
                    7.630452855138041,
                    15.011470577948353
                ]
            ]
        ],
        [
            [
                [
                    0.0,
                    0.0,
                    0.0,
                    21.34234438354699
                ],
                [
                    0.0,
                    0.0,
                    0.0,
                    12.634472290945796
                ]
            ],
            [
                [
                    0.0,
                    0.0,
                    0.0,
                    11.62131780417534
                ],
                [
                    0.0,
                    0.0,
                    0.0,
                    8.097258983445116
                ]
            ],
            [
                [
                    0.0,
