{
    "seed": 420,
    "ports": 4,
    "scenarios": 28,
    "obj": 1820.6306148250476,
    "time": 41.41865301132202,
    "gap": 0.0005275116546468138,
    "mean_load_per_port": [
        659.1816339492798,
        497.5084077276844,
        223.53906726149748
    ],
    "mean_teu_load_per_port": [
        784.0290760993958,
        18919.170702345993,
        234991.03560583395
    ],
    "mean_load_per_location": [
        [
            [
                [
                    0.0,
                    50.0,
                    0.0,
                    0.0
                ],
                [
                    0.0,
                    45.89493727684021,
                    0.0,
                    0.0
                ]
            ],
            [
                [
                    0.0,
                    24.991806030273438,
                    0.0,
                    0.0
                ],
                [
                    0.0,
                    43.9086651802063,
                    0.0,
                    0.0
                ]
            ],
            [
                [
                    0.0,
                    0.0,
                    0.0,
                    50.0
                ],
                [
                    0.0,
                    0.0,
                    0.0,
                    44.34089946746826
                ]
            ],
            [
                [
                    0.0,
                    0.0,
                    0.0,
                    29.890581130981445
                ],
                [
                    0.0,
                    0.0,
                    0.0,
                    40.56392788887024
                ]
            ],
            [
                [
                    0.0,
                    40.86764931678772,
                    0.0,
                    0.0
                ],
                [
                    0.0,
                    18.615138769149777,
                    0.0,
                    0.0
                ]
            ],
            [
                [
                    0.0,
                    0.0,
                    0.0,
                    0.0
                ],
                [
                    0.0,
                    0.0,
                    0.0,
                    28.88248062133789
                ]
            ],
            [
                [
                    0.0,
                    0.0,
                    12.142242908477783,
                    0.0
                ],
                [
                    0.0,
                    0.0,
                    50.0,
                    0.0
                ]
            ],
            [
                [
                    0.0,
                    0.0,
                    40.78542900085449,
                    0.0
                ],
                [
                    0.0,
                    0.0,
                    25.0,
                    0.0
                ]
            ],
            [
                [
                    0.0,
                    0.0,
                    0.0,
                    0.0
                ],
                [
                    0.0,
                    0.0,
                    0.0,
                    39.6651611328125
                ]
            ],
            [
                [
                    0.0,
                    0.0,
                    23.632715225219727,
                    0.0
                ],
                [
                    0.0,
                    0.0,
                    50.0,
                    0.0
                ]
            ]
        ],
        [
            [
                [
                    0.0,
                    0.0,
                    24.76755466308006,
                    5.52903834517513
                ],
                [
                    0.0,
                    0.0,
                    24.75884955900208,
                    3.712719406400408
                ]
            ],
            [
                [
                    0.0,
                    0.0,
                    20.45353994678174,
                    7.117653988663242
                ],
                [
                    0.0,
                    0.0,
                    16.22798492774794,
                    9.046821340431466
                ]
            ],
            [
                [
                    0.0,
                    0.0,
                    8.959349075394657,
                    17.29996831091599
                ],
                [
                    0.0,
                    0.0,
                    9.220315953751603,
                    18.645057915367165
                ]
            ],
            [
                [
                    0.0,
                    0.0,
                    13.507434649784614,
                    9.35529065635942
                ],
                [
                    0.0,
                    0.0,
                    15.216350209920956,
                    9.366132089102166
                ]
            ],
            [
                [
                    0.0,
                    0.0,
                    12.242638964013798,
                    18.538866367191076
                ],
                [
                    0.0,
                    0.0,
                    10.582920167062964,
                    16.478931154917934
                ]
            ],
            [
                [
                    0.0,
                    0.0,
                    5.694222738700254,
                    12.850528024669204
                ],
                [
                    0.0,
                    0.0,
                    14.972491109066466,
                    13.846746040387123
                ]
            ],
            [
                [
                    0.0,
                    0.0,
                    9.055429325691824,
                    15.915239608834586
                ],
                [
                    0.0,
                    0.0,
                    7.5858646641884535,
                    12.946420386965785
                ]
            ],
            [
                [
                    0.0,
                    0.0,
                    4.530825255704778,
                    18.121072888053494
                ],
                [
                    0.0,
                    0.0,
                    6.406753385869619,
                    20.6566036515244
                ]
            ],
            [
                [
                    0.0,
                    0.0,
                    7.369821738885955,
                    5.650757321508584
                ],
                [
                    0.0,
                    0.0,
                    11.3745803475869,
                    10.520645275653711
                ]
            ],
            [
                [
                    0.0,
                    0.0,
                    13.27517834458442,
                    10.610894624388058
                ],
                [
                    0.0,
                    0.0,
                    16.600998609587528,
                    8.495916694768933
                ]
            ]
        ],
        [
            [
                [
                    0.0,
                    0.0,
                    0.0,
                    22.042459374007223
                ],
                [
                    0.0,
                    0.0,
                    0.0,
                    14.334971923237184
                ]
            ],
            [
                [
                    0.0,
                    0.0,
                    0.0,
                    9.548195166521474
                ],
                [
                    0.0,
                    0.0,
                    0.0,
                    7.373274744618759
                ]
            ],
            [
                [
                    0.0,
                    0.0,
                    0.0,
