{
    "seed": 477,
    "ports": 4,
    "scenarios": 12,
    "obj": 1812.1957096162935,
    "time": 4.971318960189819,
    "gap": 0.0007635071792360858,
    "mean_load_per_port": [
        646.2103999853134,
        510.4508837353026,
        229.51138648015663
    ],
    "mean_teu_load_per_port": [
        799.66517329216,
        8129.606530326905,
        44607.46471396977
    ],
    "mean_load_per_location": [
        [
            [
                [
                    0.0,
                    0.0,
                    0.0,
                    50.0
                ],
                [
                    0.0,
                    0.0,
                    0.0,
                    50.0
                ]
            ],
            [
                [
                    0.0,
                    0.0,
                    0.0,
                    25.0
                ],
                [
                    0.0,
                    0.0,
                    0.0,
                    36.552599996328354
                ]
            ],
            [
                [
                    0.0,
                    0.0,
                    28.499370574951172,
                    0.0
                ],
                [
                    0.0,
                    0.0,
                    42.63469755649567,
                    0.0
                ]
            ],
            [
                [
                    0.0,
                    0.0,
                    0.0,
                    40.72129249572754
                ],
                [
                    0.0,
                    0.0,
                    0.0,
                    26.01440373063086
                ]
            ],
            [
                [
                    0.0,
                    0.0,
                    0.0,
                    14.095041275024414
                ],
                [
                    0.0,
                    0.0,
                    0.0,
                    12.548446655273438
                ]
            ],
            [
                [
                    0.0,
                    50.0,
                    0.0,
                    0.0
                ],
                [
                    0.0,
                    25.320802070697194,
                    0.0,
                    0.0
                ]
            ],
            [
                [
                    0.0,
                    27.06525482932722,
                    0.0,
                    0.0
                ],
                [
                    0.0,
                    45.12300109863281,
                    0.0,
                    0.0
                ]
            ],
            [
                [
                    0.0,
                    0.0,
                    49.0,
                    0.0
                ],
                [
                    0.0,
                    0.0,
                    11.37334394454956,
                    0.0
                ]
            ],
            [
                [
                    0.0,
                    11.264329671859741,
                    0.0,
                    0.0
                ],
                [
                    0.0,
                    25.0,
                    0.0,
                    0.0
                ]
            ],
            [
                [
                    0.0,
                    25.99781608581543,
                    0.0,
                    0.0
                ],
                [
                    0.0,
                    50.0,
                    0.0,
                    0.0
                ]
            ]
        ],
        [
            [
                [
                    0.0,
                    0.0,
                    15.021416266005128,
                    13.1107484013765
                ],
                [
                    0.0,
                    0.0,
                    18.159048810790306,
                    15.291217084959422
                ]
            ],
            [
                [
                    0.0,
                    0.0,
                    8.405578788546782,
                    27.069363589088123
                ],
                [
                    0.0,
                    0.0,
                    4.9511456454078955,
                    22.02433970890547
                ]
            ],
            [
                [
                    0.0,
                    0.0,
                    8.360571667551994,
                    10.490519093978179
                ],
                [
                    0.0,
                    0.0,
                    9.614627060437082,
                    14.918761670589447
                ]
            ],
            [
                [
                    0.0,
                    0.0,
                    11.850597620010376,
                    20.447832754700396
                ],
                [
                    0.0,
                    0.0,
                    6.85963802491174,
                    19.57778305506066
                ]
            ],
            [
                [
                    0.0,
                    0.0,
                    28.35194800195731,
                    4.825487534205119
                ],
                [
                    0.0,
                    0.0,
                    20.944832172019904,
                    9.232472133779405
                ]
            ],
            [
                [
                    0.0,
                    0.0,
                    5.173055973317886,
                    20.252544805407524
                ],
                [
                    0.0,
                    0.0,
                    10.966486956510288,
                    7.5411243906982
                ]
            ],
            [
                [
                    0.0,
                    0.0,
                    5.9134375653446325,
                    8.986208155751228
                ],
                [
                    0.0,
                    0.0,
                    9.632033725756466,
                    12.293324788411459
                ]
            ],
            [
                [
                    0.0,
                    0.0,
                    7.243966822822888,
                    16.503818856646927
                ],
                [
                    0.0,
                    0.0,
                    12.385924273471923,
                    12.149855500173809
                ]
            ],
            [
                [
                    0.0,
                    0.0,
                    8.189402401447298,
                    13.831584244966507
                ],
                [
                    0.0,
                    0.0,
                    14.226016974415083,
                    7.722378755962969
                ]
            ],
            [
                [
                    0.0,
                    0.0,
                    24.05442005991398,
                    4.315734558168326
                ],
                [
                    0.0,
                    0.0,
                    14.347450291533596,
                    5.214185550300466
                ]
            ]
        ],
        [
            [
                [
                    0.0,
                    0.0,
                    0.0,
                    20.9239206526194
                ],
                [
                    0.0,
                    0.0,
                    0.0,
                    14.309817749717322
                ]
            ],
            [
                [
                    0.0,
                    0.0,
                    0.0,
                    11.088549050143676
                ],
                [
                    0.0,
                    0.0,
                    0.0,
                    8.062875472736344
                ]
            ],
            [
                [
                    0.0,
                    0.0,
