{
    "seed": 120,
    "ports": 4,
    "scenarios": 28,
    "obj": 1871.3557006672465,
    "time": 41.12091684341431,
    "gap": 0.0006437196019563417,
    "mean_load_per_port": [
        654.4960660934448,
        494.79793698504034,
        223.29120523425954
    ],
    "mean_teu_load_per_port": [
        831.0743827819824,
        18392.743889980433,
        235212.73916913877
    ],
    "mean_load_per_location": [
        [
            [
                [
                    0.0,
                    0.0,
                    25.0,
                    0.0
                ],
                [
                    0.0,
                    0.0,
                    48.90190935134888,
                    0.0
                ]
            ],
            [
                [
                    0.0,
                    46.254451751708984,
                    0.0,
                    0.0
                ],
                [
                    0.0,
                    40.28259754180908,
                    0.0,
                    0.0
                ]
            ],
            [
                [
                    0.0,
                    0.0,
                    49.83044481277466,
                    0.0
                ],
                [
                    0.0,
                    0.0,
                    27.25652241706848,
                    0.0
                ]
            ],
            [
                [
                    0.0,
                    0.0,
                    0.0,
                    37.6492280960083
                ],
                [
                    0.0,
                    0.0,
                    0.0,
                    25.0
                ]
            ],
            [
                [
                    0.0,
                    25.0,
                    0.0,
                    0.0
                ],
                [
                    0.0,
                    25.0,
                    0.0,
                    0.0
                ]
            ],
            [
                [
                    0.0,
                    0.0,
                    0.0,
                    42.74986267089844
                ],
                [
                    0.0,
                    0.0,
                    0.0,
                    50.0
                ]
            ],
            [
                [
                    0.0,
                    0.0,
                    0.0,
                    0.0
                ],
                [
                    0.0,
                    4.4153337478637695,
                    0.0,
                    0.0
                ]
            ],
            [
                [
                    0.0,
                    13.000127315521244,
                    0.0,
                    0.0
                ],
                [
                    0.0,
                    48.64819669723511,
                    0.0,
                    0.0
                ]
            ],
            [
                [
                    0.0,
                    0.0,
                    0.0,
                    42.91232872009277
                ],
                [
                    0.0,
                    0.0,
                    0.0,
                    50.0
                ]
            ],
            [
                [
                    0.0,
                    0.0,
                    0.0,
                    46.91431045532226
                ],
                [
                    0.0,
                    0.0,
                    0.0,
                    5.68075251579284
                ]
            ]
        ],
        [
            [
                [
                    0.0,
                    0.0,
                    19.15456403410443,
                    9.167803238545146
                ],
                [
                    0.0,
                    0.0,
                    15.966223140064281,
                    10.206101881606239
                ]
            ],
            [
                [
                    0.0,
                    0.0,
                    25.284624231047435,
                    5.363878316112927
                ],
                [
                    0.0,
                    0.0,
                    16.307938610858518,
                    7.2005576650468965
                ]
            ],
            [
                [
                    0.0,
                    0.0,
                    10.378222789255378,
                    16.94306008605533
                ],
                [
                    0.0,
                    0.0,
                    11.170636586672751,
                    16.70834794528753
                ]
            ],
            [
                [
                    0.0,
                    0.0,
                    12.451904997190756,
                    12.000906909427473
                ],
                [
                    0.0,
                    0.0,
                    5.877755660773358,
                    11.96083526590488
                ]
            ],
            [
                [
                    0.0,
                    0.0,
                    14.016734877867359,
                    14.931422404135976
                ],
                [
                    0.0,
                    0.0,
                    14.685436494871706,
                    11.979096565927778
                ]
            ],
            [
                [
                    0.0,
                    0.0,
                    12.020373273720697,
                    11.374440732811179
                ],
                [
                    0.0,
                    0.0,
                    10.061018039722532,
                    7.577112939606599
                ]
            ],
            [
                [
                    0.0,
                    0.0,
                    9.237599201546074,
                    13.273653346115145
                ],
                [
                    0.0,
                    0.0,
                    13.00444310021176,
                    15.594492987284806
                ]
            ],
            [
                [
                    0.0,
                    0.0,
                    10.307946143661226,
                    15.40157420740405
                ],
                [
                    0.0,
                    0.0,
                    5.969756607401683,
                    16.74838133708237
                ]
            ],
            [
                [
                    0.0,
                    0.0,
                    4.35381376072375,
                    10.579925846840654
                ],
                [
                    0.0,
                    0.0,
                    4.563532300480699,
                    14.505950949443022
                ]
            ],
            [
                [
                    0.0,
                    0.0,
                    14.509961767204313,
                    18.662770505462372
                ],
                [
                    0.0,
                    0.0,
                    9.601944070880055,
                    15.693194166681215
                ]
            ]
        ],
        [
            [
                [
                    0.0,
                    0.0,
                    0.0,
                    21.796242124845218
                ],
                [
                    0.0,
                    0.0,
                    0.0,
                    14.712731189023762
                ]
            ],
            [
                [
                    0.0,
                    0.0,
                    0.0,
                    9.664694735154413
                ],
                [
                    0.0,
                    0.0,
                    0.0,
                    7.704939686048255
                ]
            ],
            [
                [
                    0.0,
                    0.0,
