{
    "seed": 43,
    "ports": 4,
    "scenarios": 16,
    "obj": 1915.4232360677895,
    "time": 8.897872924804688,
    "gap": 0.00011423299484954519,
    "mean_load_per_port": [
        634.4846377372742,
        500.0445089992596,
        228.75271173009722
    ],
    "mean_teu_load_per_port": [
        824.3422861099243,
        10889.190930725597,
        78147.74312492182
    ],
    "mean_load_per_location": [
        [
            [
                [
                    0.0,
                    0.0,
                    0.0,
                    32.118183612823486
                ],
                [
                    0.0,
                    0.0,
                    0.0,
                    46.551955223083496
                ]
            ],
            [
                [
                    0.0,
                    0.0,
                    0.0,
                    29.862735271453857
                ],
                [
                    0.0,
                    0.0,
                    0.0,
                    41.9231595993042
                ]
            ],
            [
                [
                    0.0,
                    0.0,
                    0.0,
                    26.09004783630371
                ],
                [
                    0.0,
                    0.0,
                    0.0,
                    42.13759994506836
                ]
            ],
            [
                [
                    0.0,
                    0.0,
                    25.0,
                    0.0
                ],
                [
                    0.0,
                    0.0,
                    42.71168929338455,
                    0.0
                ]
            ],
            [
                [
                    0.0,
                    17.045481204986572,
                    0.0,
                    0.0
                ],
                [
                    0.0,
                    20.981613516807556,
                    0.0,
                    0.0
                ]
            ],
            [
                [
                    0.0,
                    0.0,
                    0.0,
                    25.0
                ],
                [
                    0.0,
                    0.0,
                    0.0,
                    50.0
                ]
            ],
            [
                [
                    0.0,
                    0.0,
                    40.09067726135254,
                    0.0
                ],
                [
                    0.0,
                    0.0,
                    6.730737686157227,
                    0.0
                ]
            ],
            [
                [
                    0.0,
                    0.0,
                    18.212405502796173,
                    0.0
                ],
                [
                    0.0,
                    0.0,
                    50.0,
                    0.0
                ]
            ],
            [
                [
                    0.0,
                    0.0,
                    35.38901329040527,
                    0.0
                ],
                [
                    0.0,
                    0.0,
                    0.0,
                    0.0
                ]
            ],
            [
                [
                    0.0,
                    34.63933849334717,
                    0.0,
                    0.0
                ],
                [
                    0.0,
                    50.0,
                    0.0,
                    0.0
                ]
            ]
        ],
        [
            [
                [
                    0.0,
                    0.0,
                    17.834276585560186,
                    15.509391605854033
                ],
                [
                    0.0,
                    0.0,
                    10.801988641955708,
                    12.628202745541646
                ]
            ],
            [
                [
                    0.0,
                    0.0,
                    18.280897511982584,
                    9.502374743325678
                ],
                [
                    0.0,
                    0.0,
                    9.950975835323334,
                    14.12397445945092
                ]
            ],
            [
                [
                    0.0,
                    0.0,
                    5.6785221856087436,
                    20.601060122251507
                ],
                [
                    0.0,
                    0.0,
                    12.388927106987772,
                    16.830815551181637
                ]
            ],
            [
                [
                    0.0,
                    0.0,
                    5.813849207013845,
                    20.278030910368056
                ],
                [
                    0.0,
                    0.0,
                    8.544223501657445,
                    19.86716595167915
                ]
            ],
            [
                [
                    0.0,
                    0.0,
                    22.094758003329236,
                    6.937127459794283
                ],
                [
                    0.0,
                    0.0,
                    9.52601770684123,
                    10.352078994566755
                ]
            ],
            [
                [
                    0.0,
                    0.0,
                    10.014897853136063,
                    10.015538339522793
                ],
                [
                    0.0,
                    0.0,
                    9.929898847322715,
                    11.780944944810917
                ]
            ],
            [
                [
                    0.0,
                    0.0,
                    13.29379403856901,
                    18.219500809907913
                ],
                [
                    0.0,
                    0.0,
                    10.642820512081109,
                    15.397171981759039
                ]
            ],
            [
                [
                    0.0,
                    0.0,
                    12.686799787131676,
                    10.258267426863313
                ],
                [
                    0.0,
                    0.0,
                    14.29187653400004,
                    8.475733326127132
                ]
            ],
            [
                [
                    0.0,
                    0.0,
                    10.406113239005206,
                    14.677414493470868
                ],
                [
                    0.0,
                    0.0,
                    10.202084256336091,
                    6.653311962261796
                ]
            ],
            [
                [
                    0.0,
                    0.0,
                    10.166684030437132,
                    13.330988680943847
                ],
                [
                    0.0,
                    0.0,
                    8.359909794426091,
                    13.696099310873143
                ]
            ]
        ],
        [
            [
                [
                    0.0,
                    0.0,
                    0.0,
                    19.679545734677024
                ],
                [
                    0.0,
                    0.0,
                    0.0,
                    15.27576618023046
                ]
            ],
            [
                [
                    0.0,
                    0.0,
                    0.0,
                    10.176929960389714
                ],
                [
                    0.0,
                    0.0,
                    0.0,
                    10.222696609755024
                ]
            ],
            [
                [
                    0.0,
