{
    "seed": 147,
    "ports": 4,
    "scenarios": 4,
    "obj": 1840.8647320985087,
    "time": 0.7976958751678467,
    "gap": 0.0,
    "mean_load_per_port": [
        594.9725657701492,
        490.75835672861035,
        262.4946277605261
    ],
    "mean_teu_load_per_port": [
        745.2673312425613,
        2774.5061388678077,
        5421.6278625688865
    ],
    "mean_load_per_location": [
        [
            [
                [
                    0.0,
                    0.0,
                    0.0,
                    50.0
                ],
                [
                    0.0,
                    0.0,
                    0.0,
                    50.0
                ]
            ],
            [
                [
                    0.0,
                    14.835983276367188,
                    0.0,
                    0.0
                ],
                [
                    0.0,
                    33.90715816617012,
                    0.0,
                    0.0
                ]
            ],
            [
                [
                    0.0,
                    42.11151920258999,
                    0.0,
                    0.0
                ],
                [
                    0.0,
                    19.609468460083008,
                    0.0,
                    0.0
                ]
            ],
            [
                [
                    0.0,
                    0.0,
                    35.30930519104004,
                    0.0
                ],
                [
                    0.0,
                    0.0,
                    26.976669639348984,
                    0.0
                ]
            ],
            [
                [
                    0.0,
                    0.0,
                    43.4196468949317,
                    0.0
                ],
                [
                    0.0,
                    0.0,
                    30.323494547605605,
                    0.0
                ]
            ],
            [
                [
                    0.0,
                    0.0,
                    0.0,
                    50.0
                ],
                [
                    0.0,
                    0.0,
                    0.0,
                    25.0
                ]
            ],
            [
                [
                    0.0,
                    0.0,
                    0.0,
                    0.0
                ],
                [
                    0.0,
                    0.0,
                    0.0,
                    24.177744150161743
                ]
            ],
            [
                [
                    0.0,
                    25.0,
                    0.0,
                    0.0
                ],
                [
                    0.0,
                    0.0,
                    0.0,
                    0.0
                ]
            ],
            [
                [
                    0.0,
                    0.0,
                    0.0,
                    47.84857702255249
                ],
                [
                    0.0,
                    0.0,
                    0.0,
                    50.0
                ]
            ],
            [
                [
                    0.0,
                    6.238805875182152,
                    0.0,
                    0.0
                ],
                [
                    0.0,
                    20.21419334411621,
                    0.0,
                    0.0
                ]
            ]
        ],
        [
            [
                [
                    0.0,
                    0.0,
                    17.839290410280228,
                    19.3993199467659
                ],
                [
                    0.0,
                    0.0,
                    26.512075929136625,
                    7.0551000982522964
                ]
            ],
            [
                [
                    0.0,
                    0.0,
                    0.0,
                    22.871620018750157
                ],
                [
                    0.0,
                    0.0,
                    7.301042474718627,
                    19.726134430948
                ]
            ],
            [
                [
                    0.0,
                    0.0,
                    9.266796588897705,
                    8.040287703153538
                ],
                [
                    0.0,
                    0.0,
                    2.528295010328293,
                    6.25
                ]
            ],
            [
                [
                    0.0,
                    0.0,
                    15.764015555381775,
                    4.308590888977051
                ],
                [
                    0.0,
                    0.0,
                    22.65242021543081,
                    6.25
                ]
            ],
            [
                [
                    0.0,
                    0.0,
                    3.064593330025673,
                    22.150445405062932
                ],
                [
                    0.0,
                    0.0,
                    11.607751369476318,
                    26.326263096636588
                ]
            ],
            [
                [
                    0.0,
                    0.0,
                    16.09568734203473,
                    0.0
                ],
                [
                    0.0,
                    0.0,
                    13.565661430358887,
                    2.060049057006836
                ]
            ],
            [
                [
                    0.0,
                    0.0,
                    11.29653885191092,
                    3.6767985695243564
                ],
                [
                    0.0,
                    0.0,
                    8.801380858069566,
                    9.984445095062256
                ]
            ],
            [
                [
                    0.0,
                    0.0,
                    6.25,
                    22.668915864411098
                ],
                [
                    0.0,
                    0.0,
                    15.749097108840942,
                    24.84049141407013
                ]
            ],
            [
                [
                    0.0,
                    0.0,
                    30.93197650671979,
                    0.0
                ],
                [
                    0.0,
                    0.0,
                    11.895180477788966,
                    1.5781612545251846
                ]
            ],
            [
                [
                    0.0,
                    0.0,
                    27.19817543029785,
                    11.569515347480774
                ],
                [
                    0.0,
                    0.0,
                    7.432239648285607,
                    6.25
                ]
            ]
        ],
        [
            [
                [
                    0.0,
                    0.0,
                    0.0,
                    27.65715643763542
                ],
                [
                    0.0,
                    0.0,
                    0.0,
                    25.051853344222053
                ]
            ],
            [
                [
                    0.0,
                    0.0,
                    0.0,
                    3.5764156718163576
                ],
                [
                    0.0,
                    0.0,
                    0.0,
                    6.050172874040456
                ]
            ],
            [
                [
                    0.0,
                    0.0,
                    0.0,
                    11.150162786245346
                ],
                [
                    0.0,
                    0.0,
