{
    "seed": 342,
    "ports": 4,
    "scenarios": 8,
    "obj": 1705.4486840604643,
    "time": 2.4584529399871826,
    "gap": 0.0,
    "mean_load_per_port": [
        611.8491513729095,
        476.8930702528136,
        225.0033931632434
    ],
    "mean_teu_load_per_port": [
        825.3504021167755,
        5024.012056696365,
        19556.248738198192
    ],
    "mean_load_per_location": [
        [
            [
                [
                    0.0,
                    0.0,
                    0.0,
                    25.0
                ],
                [
                    0.0,
                    0.0,
                    0.0,
                    26.870048599737512
                ]
            ],
            [
                [
                    0.0,
                    0.0,
                    0.0,
                    46.78427594900131
                ],
                [
                    0.0,
                    0.0,
                    0.0,
                    48.67116928100586
                ]
            ],
            [
                [
                    0.0,
                    0.0,
                    7.506842613220215,
                    0.0
                ],
                [
                    0.0,
                    0.0,
                    50.0,
                    0.0
                ]
            ],
            [
                [
                    0.0,
                    50.0,
                    0.0,
                    0.0
                ],
                [
                    0.0,
                    25.0,
                    0.0,
                    0.0
                ]
            ],
            [
                [
                    0.0,
                    18.043771743774414,
                    0.0,
                    0.0
                ],
                [
                    0.0,
                    24.973572731018066,
                    0.0,
                    0.0
                ]
            ],
            [
                [
                    0.0,
                    0.0,
                    50.0,
                    0.0
                ],
                [
                    0.0,
                    0.0,
                    36.210514068603516,
                    0.0
                ]
            ],
            [
                [
                    0.0,
                    0.0,
                    22.562807083129883,
                    0.0
                ],
                [
                    0.0,
                    0.0,
                    25.0,
                    0.0
                ]
            ],
            [
                [
                    0.0,
                    26.857961654663086,
                    0.0,
                    0.0
                ],
                [
                    0.0,
                    27.745378732681274,
                    0.0,
                    0.0
                ]
            ],
            [
                [
                    0.0,
                    0.0,
                    9.250907897949219,
                    0.0
                ],
                [
                    0.0,
                    0.0,
                    32.008460998535156,
                    0.0
                ]
            ],
            [
                [
                    0.0,
                    0.0,
                    0.0,
                    44.628203225833545
                ],
                [
                    0.0,
                    0.0,
                    0.0,
                    14.735236793756485
                ]
            ]
        ],
        [
            [
                [
                    0.0,
                    0.0,
                    9.897097796201706,
                    21.12904216349125
                ],
                [
                    0.0,
                    0.0,
                    9.000062375240722,
                    13.664248972230679
                ]
            ],
            [
                [
                    0.0,
                    0.0,
                    12.268271088600159,
                    10.041508987545967
                ],
                [
                    0.0,
                    0.0,
                    15.610998099132388,
                    6.087791860103607
                ]
            ],
            [
                [
                    0.0,
                    0.0,
                    10.35478438436985,
                    7.559247311088885
                ],
                [
                    0.0,
                    0.0,
                    11.072469219565392,
                    12.165641535073519
                ]
            ],
            [
                [
                    0.0,
                    0.0,
                    12.385606687453475,
                    3.4402140453457832
                ],
                [
                    0.0,
                    0.0,
                    12.62765684730104,
                    11.787134766578674
                ]
            ],
            [
                [
                    0.0,
                    0.0,
                    13.19483582675457,
                    20.209816111251712
                ],
                [
                    0.0,
                    0.0,
                    15.208609104156494,
                    13.406436737626791
                ]
            ],
            [
                [
                    0.0,
                    0.0,
                    8.794229224324226,
                    9.28750554472208
                ],
                [
                    0.0,
                    0.0,
                    13.19274651631713,
                    9.171203196048737
                ]
            ],
            [
                [
                    0.0,
                    0.0,
                    6.892541587352753,
                    8.990229893475771
                ],
                [
                    0.0,
                    0.0,
                    25.890683333982146,
                    10.090838894248009
                ]
            ],
            [
                [
                    0.0,
                    0.0,
                    15.45538116612741,
                    9.948610305786133
                ],
                [
                    0.0,
                    0.0,
                    11.947929549908995,
                    9.81641781874798
                ]
            ],
            [
                [
                    0.0,
                    0.0,
                    0.060688551515340805,
                    15.75182864803418
                ],
                [
                    0.0,
                    0.0,
                    11.906005836668474,
                    4.329466354101896
                ]
            ],
            [
                [
                    0.0,
                    0.0,
                    16.286583751440048,
                    23.433874879032373
                ],
                [
                    0.0,
                    0.0,
                    9.321750812232494,
                    15.213080469634686
                ]
            ]
        ],
        [
            [
                [
                    0.0,
                    0.0,
                    0.0,
                    20.86587962252088
                ],
                [
                    0.0,
                    0.0,
                    0.0,
                    15.396439469365617
                ]
            ],
            [
                [
                    0.0,
                    0.0,
                    0.0,
                    11.159928057562695
                ],
                [
                    0.0,
                    0.0,
                    0.0,
                    8.388016228816028
                ]
            ],
            [
                [
                    0.0,
                    0.0,
