{
    "seed": 108,
    "ports": 4,
    "scenarios": 4,
    "obj": 1613.3023004436373,
    "time": 0.7387521266937256,
    "gap": 0.0005259128326524068,
    "mean_load_per_port": [
        481.035338640213,
        541.4457832351327,
        247.29104229073283
    ],
    "mean_teu_load_per_port": [
        664.3772413730621,
        2927.959200680256,
        5242.697351084609
    ],
    "mean_load_per_location": [
        [
            [
                [
                    0.0,
                    44.373078882694244,
                    0.0,
                    0.0
                ],
                [
                    0.0,
                    25.0,
                    0.0,
                    0.0
                ]
            ],
            [
                [
                    0.0,
                    0.0,
                    0.0,
                    24.046408653259277
                ],
                [
                    0.0,
                    0.0,
                    0.0,
                    26.980756521224976
                ]
            ],
            [
                [
                    0.0,
                    5.181919395923622,
                    0.0,
                    0.0
                ],
                [
                    0.0,
                    0.0,
                    0.0,
                    0.0
                ]
            ],
            [
                [
                    0.0,
                    0.0,
                    25.0,
                    0.0
                ],
                [
                    0.0,
                    0.0,
                    25.0,
                    0.0
                ]
            ],
            [
                [
                    0.0,
                    0.0,
                    31.386338531970974,
                    0.0
                ],
                [
                    0.0,
                    0.0,
                    39.01390552520752,
                    0.0
                ]
            ],
            [
                [
                    0.0,
                    21.567519783973687,
                    0.0,
                    0.0
                ],
                [
                    0.0,
                    0.0,
                    0.0,
                    0.0
                ]
            ],
            [
                [
                    0.0,
                    0.0,
                    48.8327242732048,
                    0.0
                ],
                [
                    0.0,
                    0.0,
                    50.00000000000001,
                    0.0
                ]
            ],
            [
                [
                    0.0,
                    0.0,
                    0.0,
                    0.0
                ],
                [
                    0.0,
                    0.0,
                    0.0,
                    0.0
                ]
            ],
            [
                [
                    0.0,
                    0.0,
                    0.0,
                    0.0
                ],
                [
                    0.0,
                    14.652687072753906,
                    0.0,
                    0.0
                ]
            ],
            [
                [
                    0.0,
                    0.0,
                    0.0,
                    50.0
                ],
                [
                    0.0,
                    0.0,
                    0.0,
                    50.0
                ]
            ]
        ],
        [
            [
                [
                    0.0,
                    0.0,
                    12.5,
                    26.452314227819443
                ],
                [
                    0.0,
                    0.0,
                    13.775669999420643,
                    26.24165517091751
                ]
            ],
            [
                [
                    0.0,
                    0.0,
                    11.438416302204132,
                    12.5
                ],
                [
                    0.0,
                    0.0,
                    2.744980812072754,
                    10.878954194486141
                ]
            ],
            [
                [
                    0.0,
                    0.0,
                    31.34774836152792,
                    1.6527706086635625
                ],
                [
                    0.0,
                    0.0,
                    13.281126916408539,
                    0.0
                ]
            ],
            [
                [
                    0.0,
                    0.0,
                    13.336784183979034,
                    15.131773546338081
                ],
                [
                    0.0,
                    0.0,
                    16.812575697898865,
                    12.5
                ]
            ],
            [
                [
                    0.0,
                    0.0,
                    12.443651676177979,
                    16.275158762931824
                ],
                [
                    0.0,
                    0.0,
                    25.0,
                    11.423195980489254
                ]
            ],
            [
                [
                    0.0,
                    0.0,
                    17.880738735198975,
                    12.5
                ],
                [
                    0.0,
                    0.0,
                    10.431219682097435,
                    12.5
                ]
            ],
            [
                [
                    0.0,
                    0.0,
                    6.681369304656982,
                    2.740309953689575
                ],
                [
                    0.0,
                    0.0,
                    11.527048125863075,
                    7.838020846247673
                ]
            ],
            [
                [
                    0.0,
                    0.0,
                    23.73621256649494,
                    8.942793488502502
                ],
                [
                    0.0,
                    0.0,
                    8.91788101196289,
                    4.94690465927124
                ]
            ],
            [
                [
                    0.0,
                    0.0,
                    6.241378478705883,
                    21.3273208528757
                ],
                [
                    0.0,
                    0.0,
                    16.850319609045982,
                    20.678237041831025
                ]
            ],
            [
                [
                    0.0,
                    0.0,
                    10.985217571258545,
                    21.46345031261444
                ],
                [
                    0.0,
                    0.0,
                    4.246024131774902,
                    25.274560421705246
                ]
            ]
        ],
        [
            [
                [
                    0.0,
                    0.0,
                    0.0,
                    23.170025387295794
                ],
                [
                    0.0,
                    0.0,
                    0.0,
                    24.885077236093537
                ]
            ],
            [
                [
                    0.0,
                    0.0,
                    0.0,
                    4.322928916662931
                ],
                [
                    0.0,
                    0.0,
                    0.0,
                    7.105015543107604
                ]
            ],
            [
                [
                    0.0,
                    0.0,
                    0.0,
                    13.71977479225663
                ],
                [
                    0.0,
                    0.0,
