{
    "seed": 78,
    "ports": 4,
    "scenarios": 4,
    "obj": 1830.6333995981504,
    "time": 37.60168480873108,
    "gap": 0.0,
    "mean_load_per_port": [
        680.9835522174835,
        416.0406016409397,
        248.78516531133567
    ],
    "mean_teu_load_per_port": [
        964.4218325614929,
        2174.5517185926437,
        5388.553405216637
    ],
    "mean_load_per_location": [
        [
            [
                [
                    0.0,
                    0.0,
                    0.0,
                    25.0
                ],
                [
                    0.0,
                    0.0,
                    0.0,
                    25.0
                ]
            ],
            [
                [
                    0.0,
                    0.0,
                    0.0,
                    44.370981216430664
                ],
                [
                    0.0,
                    0.0,
                    0.0,
                    33.23686754703522
                ]
            ],
            [
                [
                    0.0,
                    0.0,
                    44.12949752807617,
                    0.0
                ],
                [
                    0.0,
                    0.0,
                    50.0,
                    0.0
                ]
            ],
            [
                [
                    0.0,
                    0.0,
                    23.939167976379395,
                    0.0
                ],
                [
                    0.0,
                    0.0,
                    23.87321376800537,
                    0.0
                ]
            ],
            [
                [
                    0.0,
                    0.0,
                    30.761961936950684,
                    0.0
                ],
                [
                    0.0,
                    0.0,
                    28.359018325805664,
                    0.0
                ]
            ],
            [
                [
                    0.0,
                    0.0,
                    0.0,
                    29.924240231513977
                ],
                [
                    0.0,
                    0.0,
                    0.0,
                    25.5
                ]
            ],
            [
                [
                    0.0,
                    45.51380240917206,
                    0.0,
                    0.0
                ],
                [
                    0.0,
                    25.0,
                    0.0,
                    0.0
                ]
            ],
            [
                [
                    0.0,
                    28.09578710794449,
                    0.0,
                    0.0
                ],
                [
                    0.0,
                    43.641559183597565,
                    0.0,
                    0.0
                ]
            ],
            [
                [
                    0.0,
                    0.0,
                    50.0,
                    0.0
                ],
                [
                    0.0,
                    0.0,
                    50.0,
                    0.0
                ]
            ],
            [
                [
                    0.0,
                    29.637454986572266,
                    0.0,
                    0.0
                ],
                [
                    0.0,
                    25.0,
                    0.0,
                    0.0
                ]
            ]
        ],
        [
            [
                [
                    0.0,
                    0.0,
                    12.005967348528834,
                    15.87539666891098
                ],
                [
                    0.0,
                    0.0,
                    25.0,
                    4.4954928159713745
                ]
            ],
            [
                [
                    0.0,
                    0.0,
                    17.19691151380539,
                    0.0
                ],
                [
                    0.0,
                    0.0,
                    9.596846103668213,
                    10.05326434969902
                ]
            ],
            [
                [
                    0.0,
                    0.0,
                    24.987999294698234,
                    0.0
                ],
                [
                    0.0,
                    0.0,
                    18.113591015338898,
                    6.157071560621262
                ]
            ],
            [
                [
                    0.0,
                    0.0,
                    0.8807118535041809,
                    12.5
                ],
                [
                    0.0,
                    0.0,
                    7.9389007687568665,
                    8.747637569904327
                ]
            ],
            [
                [
                    0.0,
                    0.0,
                    8.903261244297028,
                    13.106545329093933
                ],
                [
                    0.0,
                    0.0,
                    5.64777889400721,
                    9.7620535120368
                ]
            ],
            [
                [
                    0.0,
                    0.0,
                    0.5519651770591736,
                    16.02043718099594
                ],
                [
                    0.0,
                    0.0,
                    6.25,
                    11.584268569946289
                ]
            ],
            [
                [
                    0.0,
                    0.0,
                    0.0,
                    9.627702236175537
                ],
                [
                    0.0,
                    0.0,
                    0.0,
                    34.96150457859039
                ]
            ],
            [
                [
                    0.0,
                    0.0,
                    6.550636083172825,
                    13.889726459980011
                ],
                [
                    0.0,
                    0.0,
                    10.451579988002777,
                    4.6377061903476715
                ]
            ],
            [
                [
                    0.0,
                    0.0,
                    4.518296480178833,
                    18.527873516082764
                ],
                [
                    0.0,
                    0.0,
                    6.080741763114929,
                    5.349897116422653
                ]
            ],
            [
                [
                    0.0,
                    0.0,
                    13.803273618221283,
                    23.828553427010775
                ],
                [
                    0.0,
                    0.0,
                    9.055852442979813,
                    9.381156969815493
                ]
            ]
        ],
        [
            [
                [
                    0.0,
                    0.0,
                    0.0,
                    32.20452094786279
                ],
                [
                    0.0,
                    0.0,
                    0.0,
                    13.684664905071259
                ]
            ],
            [
                [
                    0.0,
                    0.0,
                    0.0,
                    2.6459342911839485
                ],
                [
                    0.0,
                    0.0,
                    0.0,
                    12.237076438479212
                ]
            ],
            [
                [
                    0.0,
                    0.0,
                    0.0,
                    18.242250993102786
                ],
                [
                    0.0,
