{
    "seed": 48,
    "ports": 4,
    "scenarios": 8,
    "obj": 1609.571758705042,
    "time": 2.2151358127593994,
    "gap": 0.00032710167150196693,
    "mean_load_per_port": [
        518.8128669261932,
        514.1876586160461,
        226.5779428056846
    ],
    "mean_teu_load_per_port": [
        713.2729036808014,
        5713.559159668805,
        18963.27293557383
    ],
    "mean_load_per_location": [
        [
            [
                [
                    0.0,
                    20.510891437530518,
                    0.0,
                    0.0
                ],
                [
                    0.0,
                    13.585972785949707,
                    0.0,
                    0.0
                ]
            ],
            [
                [
                    0.0,
                    0.0,
                    18.17006492614746,
                    0.0
                ],
                [
                    0.0,
                    0.0,
                    29.66704148054123,
                    0.0
                ]
            ],
            [
                [
                    0.0,
                    0.0,
                    0.0,
                    31.86611032485962
                ],
                [
                    0.0,
                    0.0,
                    0.0,
                    50.0
                ]
            ],
            [
                [
                    0.0,
                    0.0,
                    0.0,
                    25.20648831129074
                ],
                [
                    0.0,
                    0.0,
                    0.0,
                    22.63061809539795
                ]
            ],
            [
                [
                    0.0,
                    33.263906478881836,
                    0.0,
                    0.0
                ],
                [
                    0.0,
                    16.766217947006226,
                    0.0,
                    0.0
                ]
            ],
            [
                [
                    0.0,
                    0.0,
                    0.0,
                    3.6437677145004272
                ],
                [
                    0.0,
                    0.0,
                    0.0,
                    0.0
                ]
            ],
            [
                [
                    0.0,
                    0.0,
                    27.591838508844376,
                    0.0
                ],
                [
                    0.0,
                    0.0,
                    34.93752804398537,
                    0.0
                ]
            ],
            [
                [
                    0.0,
                    25.680455207824707,
                    0.0,
                    0.0
                ],
                [
                    0.0,
                    35.588748931884766,
                    0.0,
                    0.0
                ]
            ],
            [
                [
                    0.0,
                    0.0,
                    0.0,
                    40.96343916654587
                ],
                [
                    0.0,
                    0.0,
                    0.0,
                    27.47057342529297
                ]
            ],
            [
                [
                    0.0,
                    36.26920413970947,
                    0.0,
                    0.0
                ],
                [
                    0.0,
                    25.0,
                    0.0,
                    0.0
                ]
            ]
        ],
        [
            [
                [
                    0.0,
                    0.0,
                    9.88377833366394,
                    18.851902650669217
                ],
                [
                    0.0,
                    0.0,
                    8.048507810207726,
                    19.817057617008686
                ]
            ],
            [
                [
                    0.0,
                    0.0,
                    3.125,
                    25.268796615302563
                ],
                [
                    0.0,
                    0.0,
                    9.502838835869454,
                    24.13957052044151
                ]
            ],
            [
                [
                    0.0,
                    0.0,
                    0.0,
                    24.720196843147278
                ],
                [
                    0.0,
                    0.0,
                    9.48632925024664,
                    20.74172316491604
                ]
            ],
            [
                [
                    0.0,
                    0.0,
                    15.649825274944305,
                    10.407900094985962
                ],
                [
                    0.0,
                    0.0,
                    22.763181269168854,
                    2.10797181725502
                ]
            ],
            [
                [
                    0.0,
                    0.0,
                    21.38175332546234,
                    10.032807350158691
                ],
                [
                    0.0,
                    0.0,
                    19.27944546306634,
                    7.987749934196472
                ]
            ],
            [
                [
                    0.0,
                    0.0,
                    6.352121353149412,
                    13.545960284394909
                ],
                [
                    0.0,
                    0.0,
                    12.511747142206337,
                    10.322015069799733
                ]
            ],
            [
                [
                    0.0,
                    0.0,
                    13.606338009238243,
                    8.436955973505974
                ],
                [
                    0.0,
                    0.0,
                    12.564645977690816,
                    11.211885496635347
                ]
            ],
            [
                [
                    0.0,
                    0.0,
                    22.333535097539425,
                    9.375
                ],
                [
                    0.0,
                    0.0,
                    15.962516747415066,
                    3.6591762341558933
                ]
            ],
            [
                [
                    0.0,
                    0.0,
                    11.368697561323643,
                    4.490262538194656
                ],
                [
                    0.0,
                    0.0,
                    28.595541197806597,
                    3.716527223587036
                ]
            ],
            [
                [
                    0.0,
                    0.0,
                    24.830596669370884,
                    4.01432131774012
                ],
                [
                    0.0,
                    0.0,
                    11.551194315847995,
                    2.542284235732865
                ]
            ]
        ],
        [
            [
                [
                    0.0,
                    0.0,
                    0.0,
                    20.19316247802361
                ],
                [
                    0.0,
                    0.0,
                    0.0,
                    14.296708560188243
                ]
            ],
            [
                [
                    0.0,
                    0.0,
                    0.0,
                    12.613326585552004
                ],
                [
                    0.0,
                    0.0,
                    0.0,
                    8.575007094273744
                ]
            ],
            [
                [
                    0.0,
                    0.0,
