{
    "seed": 232,
    "ports": 4,
    "scenarios": 8,
    "obj": 1777.1612844305791,
    "time": 2.535815954208374,
    "gap": 0.0,
    "mean_load_per_port": [
        604.7184337377548,
        487.8790432085799,
        238.3103126844764
    ],
    "mean_teu_load_per_port": [
        765.9343158006668,
        5312.5452824816975,
        20179.357490334613
    ],
    "mean_load_per_location": [
        [
            [
                [
                    0.0,
                    50.0,
                    0.0,
                    0.0
                ],
                [
                    0.0,
                    24.75055392754264,
                    0.0,
                    0.0
                ]
            ],
            [
                [
                    0.0,
                    0.0,
                    0.0,
                    30.981298693297433
                ],
                [
                    0.0,
                    0.0,
                    0.0,
                    45.44775581359863
                ]
            ],
            [
                [
                    0.0,
                    0.0,
                    0.0,
                    29.118051528930664
                ],
                [
                    0.0,
                    0.0,
                    0.0,
                    4.546707383515319
                ]
            ],
            [
                [
                    0.0,
                    0.0,
                    50.0,
                    0.0
                ],
                [
                    0.0,
                    0.0,
                    28.10467666387558,
                    0.0
                ]
            ],
            [
                [
                    0.0,
                    0.0,
                    0.0,
                    28.904637813568115
                ],
                [
                    0.0,
                    0.0,
                    0.0,
                    36.87436651361175
                ]
            ],
            [
                [
                    0.0,
                    0.0,
                    28.818463742733,
                    0.0
                ],
                [
                    0.0,
                    0.0,
                    21.33623504638672,
                    0.0
                ]
            ],
            [
                [
                    0.0,
                    0.0,
                    0.0,
                    0.0
                ],
                [
                    0.0,
                    11.211395263671875,
                    0.0,
                    0.0
                ]
            ],
            [
                [
                    0.0,
                    13.444682912584394,
                    0.0,
                    0.0
                ],
                [
                    0.0,
                    50.0,
                    0.0,
                    0.0
                ]
            ],
            [
                [
                    0.0,
                    0.0,
                    0.0,
                    44.380897521972656
                ],
                [
                    0.0,
                    0.0,
                    0.0,
                    33.85381127226166
                ]
            ],
            [
                [
                    0.0,
                    36.733619689941406,
                    0.0,
                    0.0
                ],
                [
                    0.0,
                    36.21127995026298,
                    0.0,
                    0.0
                ]
            ]
        ],
        [
            [
                [
                    0.0,
                    0.0,
                    7.786737680435181,
                    22.331934640804928
                ],
                [
                    0.0,
                    0.0,
                    12.569125023328354,
                    20.340791955590248
                ]
            ],
            [
                [
                    0.0,
                    0.0,
                    14.94698053598404,
                    11.473544836044312
                ],
                [
                    0.0,
                    0.0,
                    11.777554685080334,
                    7.783772150675455
                ]
            ],
            [
                [
                    0.0,
                    0.0,
                    11.91033667822679,
                    17.908941506510587
                ],
                [
                    0.0,
                    0.0,
                    15.770283446029833,
                    12.440164703763678
                ]
            ],
            [
                [
                    0.0,
                    0.0,
                    0.05232630670070648,
                    20.298786011834938
                ],
                [
                    0.0,
                    0.0,
                    1.6594191830142886,
                    22.571953599651653
                ]
            ],
            [
                [
                    0.0,
                    0.0,
                    20.278148353099823,
                    15.264390349388123
                ],
                [
                    0.0,
                    0.0,
                    7.092342838644981,
                    14.54510360956192
                ]
            ],
            [
                [
                    0.0,
                    0.0,
                    19.837707310914993,
                    2.0555781424045563
                ],
                [
                    0.0,
                    0.0,
                    24.943581700325012,
                    5.965942740440369
                ]
            ],
            [
                [
                    0.0,
                    0.0,
                    10.575269103050232,
                    9.253161615919513
                ],
                [
                    0.0,
                    0.0,
                    14.044117204101545,
                    11.941281676167419
                ]
            ],
            [
                [
                    0.0,
                    0.0,
                    8.133511106173197,
                    6.25
                ],
                [
                    0.0,
                    0.0,
                    17.101111257519243,
                    11.713631421327591
                ]
            ],
            [
                [
                    0.0,
                    0.0,
                    19.0919269323349,
                    4.14112258543113
                ],
                [
                    0.0,
                    0.0,
                    8.756663620471954,
                    1.6215508670653989
                ]
            ],
            [
                [
                    0.0,
                    0.0,
                    22.93127849159484,
                    2.2290482852235844
                ],
                [
                    0.0,
                    0.0,
                    16.495822944243752,
                    1.9940981095004544
                ]
            ]
        ],
        [
            [
                [
                    0.0,
                    0.0,
                    0.0,
                    22.113405493311713
                ],
                [
                    0.0,
                    0.0,
                    0.0,
                    17.64555296542394
                ]
            ],
            [
                [
                    0.0,
                    0.0,
                    0.0,
                    8.17680259617331
                ],
                [
                    0.0,
                    0.0,
                    0.0,
                    9.587822754404682
                ]
            ],
            [
                [
                    0.0,
                    0.0,
