{
    "seed": 57,
    "ports": 4,
    "scenarios": 12,
    "obj": 1759.685642677747,
    "time": 4.918102979660034,
    "gap": 0.0,
    "mean_load_per_port": [
        585.3065657615662,
        497.25534478965375,
        225.7528481709931
    ],
    "mean_teu_load_per_port": [
        746.9781217575073,
        7944.072600461119,
        43880.96488202758
    ],
    "mean_load_per_location": [
        [
            [
                [
                    0.0,
                    39.547818831724626,
                    0.0,
                    0.0
                ],
                [
                    0.0,
                    7.880065612120138,
                    0.0,
                    0.0
                ]
            ],
            [
                [
                    0.0,
                    0.0,
                    30.088704586029053,
                    0.0
                ],
                [
                    0.0,
                    0.0,
                    32.55839490890503,
                    0.0
                ]
            ],
            [
                [
                    0.0,
                    0.0,
                    50.0,
                    0.0
                ],
                [
                    0.0,
                    0.0,
                    0.0,
                    0.0
                ]
            ],
            [
                [
                    0.0,
                    0.0,
                    0.0,
                    25.0
                ],
                [
                    0.0,
                    0.0,
                    0.0,
                    26.582617163658142
                ]
            ],
            [
                [
                    0.0,
                    0.0,
                    0.0,
                    44.7440242767334
                ],
                [
                    0.0,
                    0.0,
                    0.0,
                    50.0
                ]
            ],
            [
                [
                    0.0,
                    0.0,
                    0.0,
                    10.662996649742125
                ],
                [
                    0.0,
                    0.0,
                    0.0,
                    40.919620513916016
                ]
            ],
            [
                [
                    0.0,
                    28.75625514984131,
                    0.0,
                    0.0
                ],
                [
                    0.0,
                    25.372023582458496,
                    0.0,
                    0.0
                ]
            ],
            [
                [
                    0.0,
                    0.0,
                    0.0,
                    7.081816196441652
                ],
                [
                    0.0,
                    0.0,
                    0.0,
                    26.017488718032837
                ]
            ],
            [
                [
                    0.0,
                    48.39723777770996,
                    0.0,
                    0.0
                ],
                [
                    0.0,
                    5.71415580884078,
                    0.0,
                    0.0
                ]
            ],
            [
                [
                    0.0,
                    0.0,
                    40.176873207092285,
                    0.0
                ],
                [
                    0.0,
                    0.0,
                    45.80647277832031,
                    0.0
                ]
            ]
        ],
        [
            [
                [
                    0.0,
                    0.0,
                    13.452080028007424,
                    23.918675041709108
                ],
                [
                    0.0,
                    0.0,
                    9.216770359982583,
                    18.54878532702015
                ]
            ],
            [
                [
                    0.0,
                    0.0,
                    14.459168177701178,
                    11.520009404407181
                ],
                [
                    0.0,
                    0.0,
                    9.067879945090569,
                    6.359166645727263
                ]
            ],
            [
                [
                    0.0,
                    0.0,
                    5.0719443162282305,
                    26.2545974055926
                ],
                [
                    0.0,
                    0.0,
                    5.712086357373667,
                    19.803440163532894
                ]
            ],
            [
                [
                    0.0,
                    0.0,
                    16.609290381272633,
                    4.2512674778699875
                ],
                [
                    0.0,
                    0.0,
                    8.504816554486752,
                    12.930442223946253
                ]
            ],
            [
                [
                    0.0,
                    0.0,
                    18.06075817843278,
                    10.416666666666666
                ],
                [
                    0.0,
                    0.0,
                    26.56024460742871,
                    8.117823243141174
                ]
            ],
            [
                [
                    0.0,
                    0.0,
                    6.269543424248695,
                    8.832705462837419
                ],
                [
                    0.0,
                    0.0,
                    12.420075287781314,
                    12.238839632272716
                ]
            ],
            [
                [
                    0.0,
                    0.0,
                    7.559202535836769,
                    10.565647035837173
                ],
                [
                    0.0,
                    0.0,
                    12.22877924144268,
                    11.973248625795046
                ]
            ],
            [
                [
                    0.0,
                    0.0,
                    13.997259184718132,
                    9.696696835259596
                ],
                [
                    0.0,
                    0.0,
                    14.852000817656517,
                    13.283918702034724
                ]
            ],
            [
                [
                    0.0,
                    0.0,
                    8.465290521769669,
                    9.992970713405382
                ],
                [
                    0.0,
                    0.0,
                    13.504453935918859,
                    10.423428428117868
                ]
            ],
            [
                [
                    0.0,
                    0.0,
                    13.962434356411299,
                    8.585666954517365
                ],
                [
                    0.0,
                    0.0,
                    19.17359275919946,
                    10.393677828975287
                ]
            ]
        ],
        [
            [
                [
                    0.0,
                    0.0,
                    0.0,
                    21.25372785444915
                ],
                [
                    0.0,
                    0.0,
                    0.0,
                    14.377083450460779
                ]
            ],
            [
                [
                    0.0,
                    0.0,
                    0.0,
                    8.209275224865312
                ],
                [
                    0.0,
                    0.0,
                    0.0,
                    10.261214548589718
                ]
            ],
            [
                [
                    0.0,
