{
    "seed": 252,
    "ports": 4,
    "scenarios": 4,
    "obj": 1460.4516057400556,
    "time": 0.8663427829742432,
    "gap": 0.0,
    "mean_load_per_port": [
        452.5682454109192,
        473.86030375055924,
        247.8351019065893
    ],
    "mean_teu_load_per_port": [
        567.9933943748474,
        2635.1899520051625,
        5393.271964632316
    ],
    "mean_load_per_location": [
        [
            [
                [
                    0.0,
                    0.0,
                    0.0,
                    25.732813569704337
                ],
                [
                    0.0,
                    0.0,
                    0.0,
                    25.0
                ]
            ],
            [
                [
                    0.0,
                    2.139836072921753,
                    0.0,
                    0.0
                ],
                [
                    0.0,
                    1.0,
                    0.0,
                    0.0
                ]
            ],
            [
                [
                    0.0,
                    50.0,
                    0.0,
                    0.0
                ],
                [
                    0.0,
                    0.0,
                    0.0,
                    0.0
                ]
            ],
            [
                [
                    0.0,
                    0.0,
                    3.4338345527648926,
                    0.0
                ],
                [
                    0.0,
                    0.0,
                    10.12181568145752,
                    0.0
                ]
            ],
            [
                [
                    0.0,
                    39.58234206040699,
                    0.0,
                    0.0
                ],
                [
                    0.0,
                    13.651239005724605,
                    0.0,
                    0.0
                ]
            ],
            [
                [
                    0.0,
                    10.186149716377258,
                    0.0,
                    0.0
                ],
                [
                    0.0,
                    48.20302867889404,
                    0.0,
                    0.0
                ]
            ],
            [
                [
                    0.0,
                    18.71371042728424,
                    0.0,
                    0.0
                ],
                [
                    0.0,
                    20.712329387664795,
                    0.0,
                    0.0
                ]
            ],
            [
                [
                    0.0,
                    0.0,
                    33.32922697067261,
                    0.0
                ],
                [
                    0.0,
                    0.0,
                    40.386794567108154,
                    0.0
                ]
            ],
            [
                [
                    0.0,
                    0.0,
                    0.0,
                    12.112802982330322
                ],
                [
                    0.0,
                    0.0,
                    0.0,
                    27.313236832618713
                ]
            ],
            [
                [
                    0.0,
                    0.0,
                    0.0,
                    20.94908490498896
                ],
                [
                    0.0,
                    0.0,
                    0.0,
                    50.0
                ]
            ]
        ],
        [
            [
                [
                    0.0,
                    0.0,
                    13.502184808254242,
                    23.384283274412155
                ],
                [
                    0.0,
                    0.0,
                    12.511606654901401,
                    24.926004448156462
                ]
            ],
            [
                [
                    0.0,
                    0.0,
                    0.0,
                    25.312286913394928
                ],
                [
                    0.0,
                    0.0,
                    3.1590988636016846,
                    20.43918164708127
                ]
            ],
            [
                [
                    0.0,
                    0.0,
                    21.031367510557175,
                    4.943342238664627
                ],
                [
                    0.0,
                    0.0,
                    30.11330235004425,
                    0.0
                ]
            ],
            [
                [
                    0.0,
                    0.0,
                    13.302858723948397,
                    0.0
                ],
                [
                    0.0,
                    0.0,
                    21.063662664343916,
                    8.30016314983368
                ]
            ],
            [
                [
                    0.0,
                    0.0,
                    12.093667685985565,
                    0.0
                ],
                [
                    0.0,
                    0.0,
                    19.398971796035767,
                    7.405651330947876
                ]
            ],
            [
                [
                    0.0,
                    0.0,
                    0.0,
                    28.680483728647232
                ],
                [
                    0.0,
                    0.0,
                    6.932028368115425,
                    11.123339384794235
                ]
            ],
            [
                [
                    0.0,
                    0.0,
                    5.06508681178093,
                    0.0
                ],
                [
                    0.0,
                    0.0,
                    24.212062373305823,
                    0.0
                ]
            ],
            [
                [
                    0.0,
                    0.0,
                    20.391948103904724,
                    0.23229604959487915
                ],
                [
                    0.0,
                    0.0,
                    12.462671905755997,
                    8.482393622398376
                ]
            ],
            [
                [
                    0.0,
                    0.0,
                    3.9465025067329407,
                    17.415681153535843
                ],
                [
                    0.0,
                    0.0,
                    0.0,
                    22.644381046295166
                ]
            ],
            [
                [
                    0.0,
                    0.0,
                    10.613271534442902,
                    11.27702659368515
                ],
                [
                    0.0,
                    0.0,
                    12.558775901794434,
                    16.9347206056118
                ]
            ]
        ],
        [
            [
                [
                    0.0,
                    0.0,
                    0.0,
                    21.775519220862122
                ],
                [
                    0.0,
                    0.0,
                    0.0,
                    24.870675777521928
                ]
            ],
            [
                [
                    0.0,
                    0.0,
                    0.0,
                    5.0138717358861005
                ],
                [
                    0.0,
                    0.0,
                    0.0,
                    6.176070744171739
                ]
            ],
            [
                [
                    0.0,
                    0.0,
                    0.0,
                    12.835488932415487
                ],
                [
