{
    "seed": 448,
    "ports": 4,
    "scenarios": 16,
    "obj": 1658.6070330551788,
    "time": 8.937355041503906,
    "gap": 8.960444580577754e-05,
    "mean_load_per_port": [
        504.65403270721436,
        490.9777949751869,
        227.97720191502955
    ],
    "mean_teu_load_per_port": [
        680.9056749343872,
        10587.500980876288,
        78520.01161332168
    ],
    "mean_load_per_location": [
        [
            [
                [
                    0.0,
                    0.0,
                    0.0,
                    46.95076370239258
                ],
                [
                    0.0,
                    0.0,
                    0.0,
                    7.024261999130249
                ]
            ],
            [
                [
                    0.0,
                    0.0,
                    24.9041257657701,
                    0.0
                ],
                [
                    0.0,
                    0.0,
                    29.535825586318968,
                    0.0
                ]
            ],
            [
                [
                    0.0,
                    0.0,
                    30.782753825187683,
                    0.0
                ],
                [
                    0.0,
                    0.0,
                    0.0,
                    0.0
                ]
            ],
            [
                [
                    0.0,
                    0.0,
                    0.0,
                    25.09672122001648
                ],
                [
                    0.0,
                    0.0,
                    0.0,
                    23.519944405555727
                ]
            ],
            [
                [
                    0.0,
                    29.38146398067474,
                    0.0,
                    0.0
                ],
                [
                    0.0,
                    48.16537857055664,
                    0.0,
                    0.0
                ]
            ],
            [
                [
                    0.0,
                    0.0,
                    0.0,
                    17.00108983516693
                ],
                [
                    0.0,
                    0.0,
                    0.0,
                    31.615575790405273
                ]
            ],
            [
                [
                    0.0,
                    0.0,
                    1.9370040893554688,
                    0.0
                ],
                [
                    0.0,
                    0.0,
                    2.443557711631633,
                    0.0
                ]
            ],
            [
                [
                    0.0,
                    0.0,
                    0.0,
                    30.867185134263494
                ],
                [
                    0.0,
                    0.0,
                    0.0,
                    29.264872913984796
                ]
            ],
            [
                [
                    0.0,
                    0.0,
                    28.155267572402956,
                    0.0
                ],
                [
                    0.0,
                    0.0,
                    37.876182556152344,
                    0.0
                ]
            ],
            [
                [
                    0.0,
                    35.13205804824829,
                    0.0,
                    0.0
                ],
                [
                    0.0,
                    25.0,
                    0.0,
                    0.0
                ]
            ]
        ],
        [
            [
                [
                    0.0,
                    0.0,
                    12.416777039680337,
                    17.586802646193988
                ],
                [
                    0.0,
                    0.0,
                    11.755958200251829,
                    20.41092102460833
                ]
            ],
            [
                [
                    0.0,
                    0.0,
                    10.093849559224127,
                    18.017927330483992
                ],
                [
                    0.0,
                    0.0,
                    9.546992754586949,
                    12.833766333758831
                ]
            ],
            [
                [
                    0.0,
                    0.0,
                    8.123665797089537,
                    16.976814754520014
                ],
                [
                    0.0,
                    0.0,
                    5.383608026779971,
                    19.286451743915677
                ]
            ],
            [
                [
                    0.0,
                    0.0,
                    17.420532474387432,
                    5.705110777169466
                ],
                [
                    0.0,
                    0.0,
                    16.710124134924264,
                    10.693085551261902
                ]
            ],
            [
                [
                    0.0,
                    0.0,
                    21.16395792313458,
                    9.121770740313186
                ],
                [
                    0.0,
                    0.0,
                    12.353413769975305,
                    5.677731306292117
                ]
            ],
            [
                [
                    0.0,
                    0.0,
                    6.465613543987274,
                    13.965290853753686
                ],
                [
                    0.0,
                    0.0,
                    8.21227981261909,
                    15.737221610985557
                ]
            ],
            [
                [
                    0.0,
                    0.0,
                    14.254102680421015,
                    6.0169393196702
                ],
                [
                    0.0,
                    0.0,
                    14.966298109851778,
                    7.294449755078265
                ]
            ],
            [
                [
                    0.0,
                    0.0,
                    13.550683628767729,
                    12.485884971546012
                ],
                [
                    0.0,
                    0.0,
                    5.65790353840873,
                    19.893991811895575
                ]
            ],
            [
                [
                    0.0,
                    0.0,
                    15.905960568811206,
                    3.739663440734148
                ],
                [
                    0.0,
                    0.0,
                    15.7165393428877,
                    7.196546511724591
                ]
            ],
            [
                [
                    0.0,
                    0.0,
                    10.465940780096771,
                    15.623780284076929
                ],
                [
                    0.0,
                    0.0,
                    6.506892517343498,
                    16.042550003975308
                ]
            ]
        ],
        [
            [
                [
                    0.0,
                    0.0,
                    0.0,
                    19.751580612829798
                ],
                [
                    0.0,
                    0.0,
                    0.0,
                    14.500416604963828
                ]
            ],
            [
                [
                    0.0,
                    0.0,
                    0.0,
                    12.446294405816811
                ],
                [
                    0.0,
                    0.0,
                    0.0,
                    7.907357923390779
                ]
            ],
            [
