{
    "seed": 133,
    "ports": 4,
    "scenarios": 1,
    "obj": 1962.5887056411989,
    "time": 45.83850979804993,
    "gap": 0.0,
    "mean_load_per_port": [
        696.5462923049927,
        727.0995797216892,
        447.7076703954667
    ],
    "mean_teu_load_per_port": [
        938.4716730117798,
        954.9678757190704,
        700.4124826290072
    ],
    "mean_load_per_location": [
        [
            [
                [
                    0.0,
                    47.01785230636597,
                    0.0,
                    0.0
                ],
                [
                    0.0,
                    33.487974762916565,
                    0.0,
                    0.0
                ]
            ],
            [
                [
                    0.0,
                    39.60898494720459,
                    0.0,
                    0.0
                ],
                [
                    0.0,
                    30.57297992706299,
                    0.0,
                    0.0
                ]
            ],
            [
                [
                    0.0,
                    0.0,
                    27.893561601638794,
                    0.0
                ],
                [
                    0.0,
                    0.0,
                    39.94812202453613,
                    0.0
                ]
            ],
            [
                [
                    0.0,
                    0.0,
                    0.0,
                    26.786760330200195
                ],
                [
                    0.0,
                    0.0,
                    0.0,
                    19.802852630615234
                ]
            ],
            [
                [
                    0.0,
                    28.420286178588867,
                    0.0,
                    0.0
                ],
                [
                    0.0,
                    29.746708035469055,
                    0.0,
                    0.0
                ]
            ],
            [
                [
                    0.0,
                    0.0,
                    0.0,
                    34.831363183259924
                ],
                [
                    0.0,
                    0.0,
                    0.0,
                    11.16588117480282
                ]
            ],
            [
                [
                    0.0,
                    0.0,
                    37.6560697555542,
                    0.0
                ],
                [
                    0.0,
                    0.0,
                    44.27748203277588,
                    0.0
                ]
            ],
            [
                [
                    0.0,
                    0.0,
                    0.0,
                    25.0
                ],
                [
                    0.0,
                    0.0,
                    0.0,
                    48.529677391052246
                ]
            ],
            [
                [
                    0.0,
                    0.0,
                    0.0,
                    25.0
                ],
                [
                    0.0,
                    0.0,
                    0.0,
                    46.79973602294922
                ]
            ],
            [
                [
                    0.0,
                    0.0,
                    50.0,
                    0.0
                ],
                [
                    0.0,
                    0.0,
                    50.0,
                    0.0
                ]
            ]
        ],
        [
            [
                [
                    0.0,
                    0.0,
                    0.0,
                    45.360084533691406
                ],
                [
                    0.0,
                    0.0,
                    6.789143317231456,
                    18.210856682768544
                ]
            ],
            [
                [
                    0.0,
                    0.0,
                    18.297780618071556,
                    17.443287832825302
                ],
                [
                    0.0,
                    0.0,
                    0.0,
                    42.66973924636841
                ]
            ],
            [
                [
                    0.0,
                    0.0,
                    20.271557728449505,
                    0.0
                ],
                [
                    0.0,
                    0.0,
                    31.712502479553223,
                    0.0
                ]
            ],
            [
                [
                    0.0,
                    0.0,
                    0.0,
                    30.163793563842773
                ],
                [
                    0.0,
                    0.0,
                    0.0,
                    48.68209041158358
                ]
            ],
            [
                [
                    0.0,
                    0.0,
                    20.2715577284495,
                    0.0
                ],
                [
                    0.0,
                    0.0,
                    5.779984474182129,
                    38.915830006202064
                ]
            ],
            [
                [
                    0.0,
                    0.0,
                    0.0,
                    46.80005565952369
                ],
                [
                    0.0,
                    0.0,
                    1.2581256694705107,
                    23.74187433052949
                ]
            ],
            [
                [
                    0.0,
                    0.0,
                    27.889992237091064,
                    0.0
                ],
                [
                    0.0,
                    0.0,
                    0.0,
                    50.0
                ]
            ],
            [
                [
                    0.0,
                    0.0,
                    31.12400702635447,
                    0.0
                ],
                [
                    0.0,
                    0.0,
                    0.0,
                    31.518280297517776
                ]
            ],
            [
                [
                    0.0,
                    0.0,
                    0.0,
                    50.0
                ],
                [
                    0.0,
                    0.0,
                    16.346042399605118,
                    17.30791520078977
                ]
            ],
            [
                [
                    0.0,
                    0.0,
                    4.754912028710047,
                    31.983075489600502
                ],
                [
                    0.0,
                    0.0,
                    12.794387817382812,
                    37.01270294189453
                ]
            ]
        ],
        [
            [
                [
                    0.0,
                    0.0,
                    0.0,
                    14.615402589029166
                ],
                [
                    0.0,
                    0.0,
                    0.0,
                    17.742534097982666
                ]
            ],
            [
                [
                    0.0,
                    0.0,
                    0.0,
                    25.0
                ],
                [
                    0.0,
                    0.0,
                    0.0,
                    25.0
                ]
            ],
            [
                [
                    0.0,
                    0.0,
                    0.0,
                    22.06538963317871
                ],
                [
                    0.0,
                    0.0,
                    0.0,
                    38.389726638793945
                ]
