{
    "seed": 97,
    "ports": 4,
    "scenarios": 24,
    "obj": 1865.0046777246694,
    "time": 228.61460304260254,
    "gap": 0.0,
    "mean_load_per_port": [
        667.6267631053925,
        495.15529172189457,
        226.12383286324942
    ],
    "mean_teu_load_per_port": [
        904.4050815105438,
        15716.64420221624,
        175193.96333365503
    ],
    "mean_load_per_location": [
        [
            [
                [
                    0.0,
                    38.325500428676605,
                    0.0,
                    0.0
                ],
                [
                    0.0,
                    48.794946908950806,
                    0.0,
                    0.0
                ]
            ],
            [
                [
                    0.0,
                    0.0,
                    0.0,
                    31.105814218521118
                ],
                [
                    0.0,
                    0.0,
                    0.0,
                    50.0
                ]
            ],
            [
                [
                    0.0,
                    0.0,
                    45.19375419616699,
                    0.0
                ],
                [
                    0.0,
                    0.0,
                    29.34868335723877,
                    0.0
                ]
            ],
            [
                [
                    0.0,
                    0.0,
                    0.0,
                    25.0
                ],
                [
                    0.0,
                    0.0,
                    0.0,
                    23.306503295898438
                ]
            ],
            [
                [
                    0.0,
                    18.4800723195076,
                    0.0,
                    0.0
                ],
                [
                    0.0,
                    18.72352170944214,
                    0.0,
                    0.0
                ]
            ],
            [
                [
                    0.0,
                    0.0,
                    0.0,
                    25.0
                ],
                [
                    0.0,
                    0.0,
                    0.0,
                    32.94723606109619
                ]
            ],
            [
                [
                    0.0,
                    0.0,
                    50.0,
                    0.0
                ],
                [
                    0.0,
                    0.0,
                    46.28983497619629,
                    0.0
                ]
            ],
            [
                [
                    0.0,
                    25.0,
                    0.0,
                    0.0
                ],
                [
                    0.0,
                    25.0,
                    0.0,
                    0.0
                ]
            ],
            [
                [
                    0.0,
                    0.0,
                    38.939247131347656,
                    0.0
                ],
                [
                    0.0,
                    0.0,
                    49.0,
                    0.0
                ]
            ],
            [
                [
                    0.0,
                    0.0,
                    0.0,
                    15.249637126922607
                ],
                [
                    0.0,
                    0.0,
                    0.0,
                    31.922011375427246
                ]
            ]
        ],
        [
            [
                [
                    0.0,
                    0.0,
                    21.19144587429834,
                    18.523529867331188
                ],
                [
                    0.0,
                    0.0,
                    13.391729085282849,
                    16.92029728494578
                ]
            ],
            [
                [
                    0.0,
                    0.0,
                    7.53018661815526,
                    22.18293571008576
                ],
                [
                    0.0,
                    0.0,
                    6.395591717213392,
                    15.169551794106761
                ]
            ],
            [
                [
                    0.0,
                    0.0,
                    9.905051768539183,
                    14.10660233810593
                ],
                [
                    0.0,
                    0.0,
                    9.377756833358717,
                    15.3055965533599
                ]
            ],
            [
                [
                    0.0,
                    0.0,
                    12.418494997664643,
                    10.472897038990691
                ],
                [
                    0.0,
                    0.0,
                    10.71752250103487,
                    9.236944495276973
                ]
            ],
            [
                [
                    0.0,
                    0.0,
                    19.63197641170894,
                    2.32441113392512
                ],
                [
                    0.0,
                    0.0,
                    20.785117144385975,
                    3.7300831637900305
                ]
            ],
            [
                [
                    0.0,
                    0.0,
                    4.387056684494017,
                    11.660352656960093
                ],
                [
                    0.0,
                    0.0,
                    13.90300028402396,
                    11.855246692017397
                ]
            ],
            [
                [
                    0.0,
                    0.0,
                    11.872360584349972,
                    6.856982480718517
                ],
                [
                    0.0,
                    0.0,
                    11.216853472042004,
                    13.593413553015765
                ]
            ],
            [
                [
                    0.0,
                    0.0,
                    17.867964479432754,
                    10.669441597651863
                ],
                [
                    0.0,
                    0.0,
                    13.553806602296675,
                    8.446481475326099
                ]
            ],
            [
                [
                    0.0,
                    0.0,
                    7.311512227420316,
                    11.291455064010563
                ],
                [
                    0.0,
                    0.0,
                    4.155802714299569,
                    18.295227850982126
                ]
            ],
            [
                [
                    0.0,
                    0.0,
                    5.968687437474728,
                    23.26134668588442
                ],
                [
                    0.0,
                    0.0,
                    14.634563198348976,
                    15.036013649584381
                ]
            ]
        ],
        [
            [
                [
                    0.0,
                    0.0,
                    0.0,
                    21.215031153588676
                ],
                [
                    0.0,
                    0.0,
                    0.0,
                    14.686445845221563
                ]
            ],
            [
                [
                    0.0,
                    0.0,
                    0.0,
                    10.835925235080458
                ],
                [
                    0.0,
                    0.0,
                    0.0,
                    7.067123360921461
                ]
            ],
            [
                [
                    0.0,
                    0.0,
                    0.0,
