{
    "seed": 45,
    "ports": 4,
    "scenarios": 24,
    "obj": 1572.7393309879146,
    "time": 29.41723108291626,
    "gap": 0.0004323762200973903,
    "mean_load_per_port": [
        556.8345522880554,
        466.5164136951483,
        227.16109748476197
    ],
    "mean_teu_load_per_port": [
        734.9288187026978,
        15213.071052115836,
        176300.24333819535
    ],
    "mean_load_per_location": [
        [
            [
                [
                    0.0,
                    0.0,
                    0.0,
                    40.22743797302246
                ],
                [
                    0.0,
                    0.0,
                    0.0,
                    22.432514190673828
                ]
            ],
            [
                [
                    0.0,
                    30.828210663795446,
                    0.0,
                    0.0
                ],
                [
                    0.0,
                    45.833811092376735,
                    0.0,
                    0.0
                ]
            ],
            [
                [
                    0.0,
                    0.0,
                    0.0,
                    44.68921089172363
                ],
                [
                    0.0,
                    0.0,
                    0.0,
                    17.970741271972656
                ]
            ],
            [
                [
                    0.0,
                    50.0,
                    0.0,
                    0.0
                ],
                [
                    0.0,
                    12.847440886497518,
                    0.0,
                    0.0
                ]
            ],
            [
                [
                    0.0,
                    0.0,
                    36.41398239135742,
                    0.0
                ],
                [
                    0.0,
                    0.0,
                    30.268670082092285,
                    0.0
                ]
            ],
            [
                [
                    0.0,
                    17.955798816680883,
                    0.0,
                    0.0
                ],
                [
                    0.0,
                    40.708115100860596,
                    0.0,
                    0.0
                ]
            ],
            [
                [
                    0.0,
                    0.0,
                    0.0,
                    15.51077079772949
                ],
                [
                    0.0,
                    0.0,
                    0.0,
                    0.0
                ]
            ],
            [
                [
                    0.0,
                    5.464141368865967,
                    0.0,
                    0.0
                ],
                [
                    0.0,
                    25.0,
                    0.0,
                    0.0
                ]
            ],
            [
                [
                    0.0,
                    0.0,
                    32.957892417907715,
                    0.0
                ],
                [
                    0.0,
                    0.0,
                    41.673898696899414,
                    0.0
                ]
            ],
            [
                [
                    0.0,
                    0.0,
                    0.0,
                    39.41061353683472
                ],
                [
                    0.0,
                    0.0,
                    0.0,
                    6.641302108764648
                ]
            ]
        ],
        [
            [
                [
                    0.0,
                    0.0,
                    26.258123580738044,
                    7.026335540373325
                ],
                [
                    0.0,
                    0.0,
                    18.510877255385665,
                    8.923520635105776
                ]
            ],
            [
                [
                    0.0,
                    0.0,
                    13.403050973183577,
                    9.521732420350114
                ],
                [
                    0.0,
                    0.0,
                    12.101472370003577,
                    10.099818468093872
                ]
            ],
            [
                [
                    0.0,
                    0.0,
                    12.968809027969835,
                    11.601161205064647
                ],
                [
                    0.0,
                    0.0,
                    18.78406226556307,
                    11.728664277964166
                ]
            ],
            [
                [
                    0.0,
                    0.0,
                    12.687230001514157,
                    9.566912223704852
                ],
                [
                    0.0,
                    0.0,
                    7.228310113151868,
                    14.238397013936192
                ]
            ],
            [
                [
                    0.0,
                    0.0,
                    14.348991607005397,
                    13.266646075459713
                ],
                [
                    0.0,
                    0.0,
                    8.2555774624149,
                    16.230960903689265
                ]
            ],
            [
                [
                    0.0,
                    0.0,
                    7.213143851649704,
                    7.813354535897569
                ],
                [
                    0.0,
                    0.0,
                    13.93846039349834,
                    13.80891767636742
                ]
            ],
            [
                [
                    0.0,
                    0.0,
                    2.9649550790171393,
                    14.064751855746168
                ],
                [
                    0.0,
                    0.0,
                    11.538430850366453,
                    13.714084431781556
                ]
            ],
            [
                [
                    0.0,
                    0.0,
                    5.364721482640476,
                    13.61574682518395
                ],
                [
                    0.0,
                    0.0,
                    6.54909127826492,
                    16.537302224268416
                ]
            ],
            [
                [
                    0.0,
                    0.0,
                    10.702608967904135,
                    11.831482455092726
                ],
                [
                    0.0,
                    0.0,
                    15.245512702398832,
                    16.0590968512206
                ]
            ],
            [
                [
                    0.0,
                    0.0,
                    12.575204446902871,
                    5.283998121611224
                ],
                [
                    0.0,
                    0.0,
                    8.433043014324625,
                    2.5118532303391614
                ]
            ]
        ],
        [
            [
                [
                    0.0,
                    0.0,
                    0.0,
                    22.8242906446643
                ],
                [
                    0.0,
                    0.0,
                    0.0,
                    13.561938526420313
                ]
            ],
            [
                [
                    0.0,
                    0.0,
                    0.0,
                    11.500588928158432
                ],
                [
                    0.0,
                    0.0,
                    0.0,
                    6.864264382943076
                ]
            ],
            [
                [
