{
    "seed": 57,
    "ports": 4,
    "scenarios": 12,
    "obj": 1129.1724856785338,
    "time": 16.00008511543274,
    "gap": 0.0,
    "mean_load_per_port": [
        585.3065657615662,
        65.3106758245071,
        22.412019847793207
    ],
    "mean_teu_load_per_port": [
        746.9781217575073,
        1111.4342836486317,
        4934.590647888092
    ],
    "mean_load_per_location": [
        [
            [
                [
                    0.0,
                    0.0,
                    45.76725673675537,
                    0.0
                ],
                [
                    0.0,
                    0.0,
                    4.713947296142578,
                    0.0
                ]
            ],
            [
                [
                    0.0,
                    0.0,
                    21.045815467834473,
                    0.0
                ],
                [
                    0.0,
                    0.0,
                    50.0,
                    0.0
                ]
            ],
            [
                [
                    0.0,
                    0.0,
                    0.0,
                    37.441224098205566
                ],
                [
                    0.0,
                    0.0,
                    0.0,
                    35.433526277542114
                ]
            ],
            [
                [
                    0.0,
                    34.24475288391113,
                    0.0,
                    0.0
                ],
                [
                    0.0,
                    30.06114101409912,
                    0.0,
                    0.0
                ]
            ],
            [
                [
                    0.0,
                    21.117106437683105,
                    0.0,
                    0.0
                ],
                [
                    0.0,
                    42.59792900085449,
                    0.0,
                    0.0
                ]
            ],
            [
                [
                    0.0,
                    0.0,
                    0.0,
                    50.0
                ],
                [
                    0.0,
                    0.0,
                    0.0,
                    32.61160600185394
                ]
            ],
            [
                [
                    0.0,
                    3.321486473083496,
                    0.0,
                    0.0
                ],
                [
                    0.0,
                    24.325140953063965,
                    0.0,
                    0.0
                ]
            ],
            [
                [
                    0.0,
                    0.0,
                    0.0,
                    25.0
                ],
                [
                    0.0,
                    0.0,
                    0.0,
                    13.105088233947754
                ]
            ],
            [
                [
                    0.0,
                    0.0,
                    29.380853176116943,
                    0.0
                ],
                [
                    0.0,
                    0.0,
                    47.722572803497314,
                    0.0
                ]
            ],
            [
                [
                    0.0,
                    0.0,
                    0.0,
                    30.67438292503357
                ],
                [
                    0.0,
                    0.0,
                    0.0,
                    6.742735981941223
                ]
            ]
        ],
        [
            [
                [
                    0.0,
                    0.0,
                    8.752411800608893,
                    0.0
                ],
                [
                    0.0,
                    0.0,
                    4.24059784612471,
                    1.2459154932777106
                ]
            ],
            [
                [
                    0.0,
                    0.0,
                    3.2096221446990967,
                    0.472252227708724
                ],
                [
                    0.0,
                    0.0,
                    1.6771387133484605,
                    0.0
                ]
            ],
            [
                [
                    0.0,
                    0.0,
                    0.24012327194213867,
                    1.1905328464007943
                ],
                [
                    0.0,
                    0.0,
                    0.495874160087755,
                    0.09688479701677959
                ]
            ],
            [
                [
                    0.0,
                    0.0,
                    1.4180633624394734,
                    1.0
                ],
                [
                    0.0,
                    0.0,
                    0.24555323521296182,
                    0.0
                ]
            ],
            [
                [
                    0.0,
                    0.0,
                    0.0,
                    3.1653685569763184
                ],
                [
                    0.0,
                    0.0,
                    2.857062061627706,
                    6.149871031443278
                ]
            ],
            [
                [
                    0.0,
                    0.0,
                    0.0,
                    1.0
                ],
                [
                    0.0,
                    0.0,
                    5.585810056538787,
                    2.7731464371233447
                ]
            ],
            [
                [
                    0.0,
                    0.0,
                    0.0,
                    0.0
                ],
                [
                    0.0,
                    0.0,
                    0.0,
                    0.6804568280658024
                ]
            ],
            [
                [
                    0.0,
                    0.0,
                    0.0,
                    0.0
                ],
                [
                    0.0,
                    0.0,
                    2.424332710949805,
                    0.0
                ]
            ],
            [
                [
                    0.0,
                    0.0,
                    0.0,
                    11.881247520446777
                ],
                [
                    0.0,
                    0.0,
                    0.772761802329098,
                    3.3057934840520224
                ]
            ],
            [
                [
                    0.0,
                    0.0,
                    0.0,
                    0.0
                ],
                [
                    0.0,
                    0.0,
                    0.08333333333333333,
                    0.34652210275332135
                ]
            ]
        ],
        [
            [
                [
                    0.0,
                    0.0,
                    0.0,
                    0.0028534059355728894
                ],
                [
                    0.0,
                    0.0,
                    0.0,
                    0.2782000581265815
                ]
            ],
            [
                [
                    0.0,
                    0.0,
                    0.0,
                    0.9956708502533613
                ],
                [
                    0.0,
                    0.0,
                    0.0,
                    0.3576393394401831
                ]
            ],
            [
                [
                    0.0,
                    0.0,
                    0.0,
                    1.0
                ],
                [
                    0.0,
                    0.0,
                    0.0,
                    0.32930593208739656
