{
    "seed": 57,
    "ports": 4,
    "scenarios": 24,
    "obj": 1111.638828681274,
    "time": 2036.2556080818176,
    "gap": 0.0,
    "mean_load_per_port": [
        585.3065657615662,
        82.65450235706977,
        20.87010594965877
    ],
    "mean_teu_load_per_port": [
        746.9781217575073,
        3028.7272342879787,
        17851.025588428547
    ],
    "mean_load_per_location": [
        [
            [
                [
                    0.0,
                    38.20812129179634,
                    0.0,
                    0.0
                ],
                [
                    0.0,
                    37.8607168277105,
                    0.0,
                    0.0
                ]
            ],
            [
                [
                    0.0,
                    0.0,
                    0.0,
                    49.950650453567505
                ],
                [
                    0.0,
                    0.0,
                    0.0,
                    20.3071528673172
                ]
            ],
            [
                [
                    0.0,
                    0.0,
                    0.0,
                    31.83924102783203
                ],
                [
                    0.0,
                    0.0,
                    0.0,
                    25.0
                ]
            ],
            [
                [
                    0.0,
                    0.0,
                    0.0,
                    19.525461196899414
                ],
                [
                    0.0,
                    0.0,
                    0.0,
                    4.10939884185791
                ]
            ],
            [
                [
                    0.0,
                    25.5,
                    0.0,
                    0.0
                ],
                [
                    0.0,
                    4.926449775695801,
                    0.0,
                    0.0
                ]
            ],
            [
                [
                    0.0,
                    0.0,
                    41.36438226699829,
                    0.0
                ],
                [
                    0.0,
                    0.0,
                    13.055534601211548,
                    0.0
                ]
            ],
            [
                [
                    0.0,
                    30.06114101409912,
                    0.0,
                    0.0
                ],
                [
                    0.0,
                    19.111127853393555,
                    0.0,
                    0.0
                ]
            ],
            [
                [
                    0.0,
                    0.0,
                    0.0,
                    50.0
                ],
                [
                    0.0,
                    0.0,
                    0.0,
                    30.27665913105011
                ]
            ],
            [
                [
                    0.0,
                    0.0,
                    6.411476135253906,
                    0.0
                ],
                [
                    0.0,
                    0.0,
                    45.80647277832031,
                    0.0
                ]
            ],
            [
                [
                    0.0,
                    0.0,
                    50.0,
                    0.0
                ],
                [
                    0.0,
                    0.0,
                    41.99257969856262,
                    0.0
                ]
            ]
        ],
        [
            [
                [
                    0.0,
                    0.0,
                    0.0,
                    3.0
                ],
                [
                    0.0,
                    0.0,
                    0.20745372651592286,
                    1.738157440402582
                ]
            ],
            [
                [
                    0.0,
                    0.0,
                    2.26598634302723,
                    0.0
                ],
                [
                    0.0,
                    0.0,
                    0.8003056167401934,
                    0.4128313482479952
                ]
            ],
            [
                [
                    0.0,
                    0.0,
                    2.0,
                    0.0
                ],
                [
                    0.0,
                    0.0,
                    0.016012847284187632,
                    0.0
                ]
            ],
            [
                [
                    0.0,
                    0.0,
                    13.103090842564901,
                    8.343822162880658
                ],
                [
                    0.0,
                    0.0,
                    1.7027279260644004,
                    1.1141529372244172
                ]
            ],
            [
                [
                    0.0,
                    0.0,
                    5.123083829879761,
                    0.0
                ],
                [
                    0.0,
                    0.0,
                    3.4655779273410516,
                    4.172743439072311
                ]
            ],
            [
                [
                    0.0,
                    0.0,
                    0.131508598725001,
                    4.053063074747722
                ],
                [
                    0.0,
                    0.0,
                    10.905423697992388,
                    9.72731782992681
                ]
            ],
            [
                [
                    0.0,
                    0.0,
                    0.6551554997762045,
                    2.2555922468503318
                ],
                [
                    0.0,
                    0.0,
                    0.2648552555021326,
                    0.4105112835614371
                ]
            ],
            [
                [
                    0.0,
                    0.0,
                    0.0,
                    0.0
                ],
                [
                    0.0,
                    0.0,
                    0.0,
                    0.001801187100054058
                ]
            ],
            [
                [
                    0.0,
                    0.0,
                    0.0,
                    0.0
                ],
                [
                    0.0,
                    0.0,
                    0.0,
                    0.0
                ]
            ],
            [
                [
                    0.0,
                    0.0,
                    0.0,
                    1.0
                ],
                [
                    0.0,
                    0.0,
                    0.08185894846047019,
                    5.701468347181607
                ]
            ]
        ],
        [
            [
                [
                    0.0,
                    0.0,
                    0.0,
                    0.038474916782790344
                ],
                [
                    0.0,
                    0.0,
                    0.0,
                    0.49629807856081193
                ]
            ],
            [
                [
                    0.0,
                    0.0,
                    0.0,
                    0.10109953188774329
                ],
                [
                    0.0,
                    0.0,
                    0.0,
                    0.7716314139058024
                ]
            ],
            [
                [
                    0.0,
                    0.0,
                    0.0,
                    0.00018274719936105601
                ],
                [
                    0.0,
                    0.0,
                    0.0,
                    1.128485864115767
