{
    "seed": 178,
    "ports": 4,
    "scenarios": 4,
    "obj": 1403.2393613420588,
    "time": 0.8794009685516357,
    "gap": 0.0,
    "mean_load_per_port": [
        453.8435524702072,
        455.4315617172556,
        222.30774160218408
    ],
    "mean_teu_load_per_port": [
        625.0710345506668,
        2492.6032294143333,
        4677.329594421726
    ],
    "mean_load_per_location": [
        [
            [
                [
                    0.0,
                    0.0,
                    34.63886880874634,
                    0.0
                ],
                [
                    0.0,
                    0.0,
                    46.92891526222229,
                    0.0
                ]
            ],
            [
                [
                    0.0,
                    28.263218373060226,
                    0.0,
                    0.0
                ],
                [
                    0.0,
                    3.629885673522949,
                    0.0,
                    0.0
                ]
            ],
            [
                [
                    0.0,
                    0.0,
                    0.0,
                    0.0
                ],
                [
                    0.0,
                    0.0,
                    0.0,
                    0.0
                ]
            ],
            [
                [
                    0.0,
                    0.0,
                    0.0,
                    39.825293600559235
                ],
                [
                    0.0,
                    0.0,
                    0.0,
                    32.58487367630005
                ]
            ],
            [
                [
                    0.0,
                    0.0,
                    22.33738946914673,
                    0.0
                ],
                [
                    0.0,
                    0.0,
                    16.044937133789062,
                    0.0
                ]
            ],
            [
                [
                    0.0,
                    0.0,
                    0.0,
                    20.957668364048004
                ],
                [
                    0.0,
                    0.0,
                    0.0,
                    25.0
                ]
            ],
            [
                [
                    0.0,
                    25.0,
                    0.0,
                    0.0
                ],
                [
                    0.0,
                    0.0,
                    0.0,
                    0.0
                ]
            ],
            [
                [
                    0.0,
                    40.96959924697876,
                    0.0,
                    0.0
                ],
                [
                    0.0,
                    4.202014744281769,
                    0.0,
                    0.0
                ]
            ],
            [
                [
                    0.0,
                    25.0,
                    0.0,
                    0.0
                ],
                [
                    0.0,
                    43.289274126291275,
                    0.0,
                    0.0
                ]
            ],
            [
                [
                    0.0,
                    0.13682523369789124,
                    0.0,
                    0.0
                ],
                [
                    0.0,
                    45.03478875756264,
                    0.0,
                    0.0
                ]
            ]
        ],
        [
            [
                [
                    0.0,
                    0.0,
                    0.0,
                    26.296531051397324
                ],
                [
                    0.0,
                    0.0,
                    0.0,
                    28.492925714254383
                ]
            ],
            [
                [
                    0.0,
                    0.0,
                    34.01350195705891,
                    0.0
                ],
                [
                    0.0,
                    0.0,
                    8.5612074136734,
                    0.0
                ]
            ],
            [
                [
                    0.0,
                    0.0,
                    20.138408586382866,
                    7.629579618573189
                ],
                [
                    0.0,
                    0.0,
                    18.75,
                    0.07147948443889618
                ]
            ],
            [
                [
                    0.0,
                    0.0,
                    0.0,
                    25.82535131692886
                ],
                [
                    0.0,
                    0.0,
                    0.0,
                    32.179925735592846
                ]
            ],
            [
                [
                    0.0,
                    0.0,
                    25.974398136138916,
                    2.7076056003570557
                ],
                [
                    0.0,
                    0.0,
                    13.240673065185547,
                    8.472807884216309
                ]
            ],
            [
                [
                    0.0,
                    0.0,
                    5.4253876358270645,
                    0.7702512741088867
                ],
                [
                    0.0,
                    0.0,
                    18.0020751953125,
                    6.924141764640808
                ]
            ],
            [
                [
                    0.0,
                    0.0,
                    9.346171602606773,
                    18.76334708929062
                ],
                [
                    0.0,
                    0.0,
                    7.665274739265442,
                    10.336915814741106
                ]
            ],
            [
                [
                    0.0,
                    0.0,
                    18.757201954722404,
                    5.306590859293934
                ],
                [
                    0.0,
                    0.0,
                    15.444363594055176,
                    6.679943561553955
                ]
            ],
            [
                [
                    0.0,
                    0.0,
                    9.625132501125336,
                    9.346171602606773
                ],
                [
                    0.0,
                    0.0,
                    5.434167981147766,
                    0.25
                ]
            ],
            [
                [
                    0.0,
                    0.0,
                    7.233955085277557,
                    17.33356761932373
                ],
                [
                    0.0,
                    0.0,
                    12.5,
                    17.932506278157234
                ]
            ]
        ],
        [
            [
                [
                    0.0,
                    0.0,
                    0.0,
                    23.04646701334897
                ],
                [
                    0.0,
                    0.0,
                    0.0,
                    21.799020783979913
                ]
            ],
            [
                [
                    0.0,
                    0.0,
                    0.0,
                    3.7345687313803
                ],
                [
                    0.0,
                    0.0,
                    0.0,
                    6.029336274678352
                ]
            ],
            [
                [
                    0.0,
                    0.0,
                    0.0,
                    11.286132157656258
                ],
                [
                    0.0,
                    0.0,
