{
    "seed": 48,
    "ports": 4,
    "scenarios": 16,
    "obj": 1594.5934769862251,
    "time": 10.052453994750977,
    "gap": 0.0,
    "mean_load_per_port": [
        518.8128669261932,
        514.5266784756341,
        219.55481026165432
    ],
    "mean_teu_load_per_port": [
        713.2729036808014,
        11387.238160161938,
        75402.5989744626
    ],
    "mean_load_per_location": [
        [
            [
                [
                    0.0,
                    0.0,
                    32.42560267448425,
                    0.0
                ],
                [
                    0.0,
                    0.0,
                    34.08503246307373,
                    0.0
                ]
            ],
            [
                [
                    0.0,
                    30.764923459291445,
                    0.0,
                    0.0
                ],
                [
                    0.0,
                    14.648136484622981,
                    0.0,
                    0.0
                ]
            ],
            [
                [
                    0.0,
                    0.0,
                    0.0,
                    50.0
                ],
                [
                    0.0,
                    0.0,
                    0.0,
                    31.28870964050293
                ]
            ],
            [
                [
                    0.0,
                    0.0,
                    8.396124839782715,
                    0.0
                ],
                [
                    0.0,
                    0.0,
                    35.459712982177734,
                    0.0
                ]
            ],
            [
                [
                    0.0,
                    0.0,
                    0.0,
                    37.51750373840332
                ],
                [
                    0.0,
                    0.0,
                    0.0,
                    10.115195035934448
                ]
            ],
            [
                [
                    0.0,
                    0.0,
                    0.0,
                    39.95068597793579
                ],
                [
                    0.0,
                    0.0,
                    0.0,
                    25.0
                ]
            ],
            [
                [
                    0.0,
                    15.484902799129486,
                    0.0,
                    0.0
                ],
                [
                    0.0,
                    32.385539054870605,
                    0.0,
                    0.0
                ]
            ],
            [
                [
                    0.0,
                    31.832774877548218,
                    0.0,
                    0.0
                ],
                [
                    0.0,
                    50.0,
                    0.0,
                    0.0
                ]
            ],
            [
                [
                    0.0,
                    0.0,
                    0.0,
                    7.908902645111084
                ],
                [
                    0.0,
                    0.0,
                    0.0,
                    0.0
                ]
            ],
            [
                [
                    0.0,
                    31.549120253324496,
                    0.0,
                    0.0
                ],
                [
                    0.0,
                    0.0,
                    0.0,
                    0.0
                ]
            ]
        ],
        [
            [
                [
                    0.0,
                    0.0,
                    17.660470607690513,
                    16.955345456634785
                ],
                [
                    0.0,
                    0.0,
                    15.377278566360477,
                    15.698431611061096
                ]
            ],
            [
                [
                    0.0,
                    0.0,
                    13.909179521565296,
                    18.070853617042303
                ],
                [
                    0.0,
                    0.0,
                    11.17167273185368,
                    11.678328573544487
                ]
            ],
            [
                [
                    0.0,
                    0.0,
                    8.191088795661926,
                    16.057519571855664
                ],
                [
                    0.0,
                    0.0,
                    7.320149540901184,
                    21.15311482362449
                ]
            ],
            [
                [
                    0.0,
                    0.0,
                    6.394097926095128,
                    15.717330925166607
                ],
                [
                    0.0,
                    0.0,
                    15.252169154587497,
                    9.19563502818346
                ]
            ],
            [
                [
                    0.0,
                    0.0,
                    24.398228343576193,
                    10.565454104915261
                ],
                [
                    0.0,
                    0.0,
                    11.087788415141404,
                    15.758162830024958
                ]
            ],
            [
                [
                    0.0,
                    0.0,
                    10.700014843605459,
                    15.073952112346888
                ],
                [
                    0.0,
                    0.0,
                    7.564554695337044,
                    12.914199329127692
                ]
            ],
            [
                [
                    0.0,
                    0.0,
                    12.358667335983087,
                    1.6569414138793945
                ],
                [
                    0.0,
                    0.0,
                    23.98588273860514,
                    10.330563485622406
                ]
            ],
            [
                [
                    0.0,
                    0.0,
                    12.088801192119718,
                    9.447542862966657
                ],
                [
                    0.0,
                    0.0,
                    15.339811059131868,
                    9.890112191438675
                ]
            ],
            [
                [
                    0.0,
                    0.0,
                    7.478883605450392,
                    13.524599730675773
                ],
                [
                    0.0,
                    0.0,
                    13.333746459335089,
                    15.568937281332202
                ]
            ],
            [
                [
                    0.0,
                    0.0,
                    19.481018868910514,
                    5.897433891892433
                ],
                [
                    0.0,
                    0.0,
                    8.108045646920802,
                    8.170669585466385
                ]
            ]
        ],
        [
            [
                [
                    0.0,
                    0.0,
                    0.0,
                    20.750632233646428
                ],
                [
                    0.0,
                    0.0,
                    0.0,
                    13.806257454271
                ]
            ],
            [
                [
                    0.0,
                    0.0,
                    0.0,
                    10.034083691985051
                ],
                [
                    0.0,
                    0.0,
                    0.0,
                    8.543216402614046
                ]
            ],
            [
                [
                    0.0,
                    0.0,
