{
    "seed": 507,
    "ports": 4,
    "scenarios": 16,
    "obj": 1795.027907012833,
    "time": 10.341897964477539,
    "gap": 0.0007962342000155101,
    "mean_load_per_port": [
        633.4924873113632,
        477.06284295675385,
        234.59947225915303
    ],
    "mean_teu_load_per_port": [
        819.3976585865021,
        10177.372671571462,
        80432.56547608567
    ],
    "mean_load_per_location": [
        [
            [
                [
                    0.0,
                    50.0,
                    0.0,
                    0.0
                ],
                [
                    0.0,
                    47.97385227680206,
                    0.0,
                    0.0
                ]
            ],
            [
                [
                    0.0,
                    0.0,
                    8.213177680969238,
                    0.0
                ],
                [
                    0.0,
                    0.0,
                    7.504517555236816,
                    0.0
                ]
            ],
            [
                [
                    0.0,
                    0.0,
                    16.53741216659546,
                    0.0
                ],
                [
                    0.0,
                    0.0,
                    50.0,
                    0.0
                ]
            ],
            [
                [
                    0.0,
                    0.0,
                    30.380767822265625,
                    0.0
                ],
                [
                    0.0,
                    0.0,
                    50.0,
                    0.0
                ]
            ],
            [
                [
                    0.0,
                    0.0,
                    48.635512351989746,
                    0.0
                ],
                [
                    0.0,
                    0.0,
                    29.519257873296738,
                    0.0
                ]
            ],
            [
                [
                    0.0,
                    0.0,
                    1.7159067690372467,
                    0.0
                ],
                [
                    0.0,
                    0.0,
                    25.0,
                    0.0
                ]
            ],
            [
                [
                    0.0,
                    0.0,
                    0.0,
                    48.80370855331421
                ],
                [
                    0.0,
                    0.0,
                    0.0,
                    50.0
                ]
            ],
            [
                [
                    0.0,
                    17.066776871681213,
                    0.0,
                    0.0
                ],
                [
                    0.0,
                    28.805702328681946,
                    0.0,
                    0.0
                ]
            ],
            [
                [
                    0.0,
                    0.0,
                    0.0,
                    25.0
                ],
                [
                    0.0,
                    0.0,
                    0.0,
                    35.012428283691406
                ]
            ],
            [
                [
                    0.0,
                    0.0,
                    0.0,
                    37.157474517822266
                ],
                [
                    0.0,
                    0.0,
                    0.0,
                    26.165992259979248
                ]
            ]
        ],
        [
            [
                [
                    0.0,
                    0.0,
                    14.801610998809338,
                    13.37958983611408
                ],
                [
                    0.0,
                    0.0,
                    15.880027088611115,
                    8.204571562820108
                ]
            ],
            [
                [
                    0.0,
                    0.0,
                    10.847653198987246,
                    21.415751900427693
                ],
                [
                    0.0,
                    0.0,
                    8.291340892940205,
                    15.310101444095928
                ]
            ],
            [
                [
                    0.0,
                    0.0,
                    14.273880961289008,
                    14.325995031744242
                ],
                [
                    0.0,
                    0.0,
                    13.163097031414509,
                    10.449936903916948
                ]
            ],
            [
                [
                    0.0,
                    0.0,
                    12.365979061809481,
                    8.390310628255893
                ],
                [
                    0.0,
                    0.0,
                    10.403462042100728,
                    18.172157794237137
                ]
            ],
            [
                [
                    0.0,
                    0.0,
                    22.301042806357145,
                    9.732350006699562
                ],
                [
                    0.0,
                    0.0,
                    7.522154476493597,
                    13.492006164044142
                ]
            ],
            [
                [
                    0.0,
                    0.0,
                    8.00526112690568,
                    11.020574871450663
                ],
                [
                    0.0,
                    0.0,
                    13.718367247022101,
                    12.995478520169854
                ]
            ],
            [
                [
                    0.0,
                    0.0,
                    19.639565590769053,
                    4.55016802251339
                ],
                [
                    0.0,
                    0.0,
                    12.640044376254082,
                    12.435043523088098
                ]
            ],
            [
                [
                    0.0,
                    0.0,
                    13.342232197523117,
                    4.958147266963433
                ],
                [
                    0.0,
                    0.0,
                    14.249992672014042,
                    2.8934296630322933
                ]
            ],
            [
                [
                    0.0,
                    0.0,
                    7.906195160321135,
                    12.795869852739216
                ],
                [
                    0.0,
                    0.0,
                    4.975335827681123,
                    11.721948012538439
                ]
            ],
            [
                [
                    0.0,
                    0.0,
                    13.11352026496549,
                    9.615909274667501
                ],
                [
                    0.0,
                    0.0,
                    9.861664184000446,
                    13.901075470966644
                ]
            ]
        ],
        [
            [
                [
                    0.0,
                    0.0,
                    0.0,
                    22.601385109636247
                ],
                [
                    0.0,
                    0.0,
                    0.0,
                    13.881848355506577
                ]
            ],
            [
                [
                    0.0,
                    0.0,
                    0.0,
                    10.838847926406736
                ],
                [
                    0.0,
                    0.0,
                    0.0,
                    7.95602257428761
                ]
            ],
            [
                [
                    0.0,
