{
    "seed": 45,
    "ports": 4,
    "scenarios": 28,
    "obj": 1576.4583762522138,
    "time": 43.74759292602539,
    "gap": 0.0,
    "mean_load_per_port": [
        557.2878956794739,
        484.24275868578917,
        226.49899799816862
    ],
    "mean_teu_load_per_port": [
        735.8355054855347,
        18425.445508568137,
        239295.0975788679
    ],
    "mean_load_per_location": [
        [
            [
                [
                    0.0,
                    0.0,
                    18.814152727127052,
                    0.0
                ],
                [
                    0.0,
                    0.0,
                    37.9035005569458,
                    0.0
                ]
            ],
            [
                [
                    0.0,
                    0.0,
                    24.637118339538574,
                    0.0
                ],
                [
                    0.0,
                    0.0,
                    35.413015356063866,
                    0.0
                ]
            ],
            [
                [
                    0.0,
                    43.10460842609403,
                    0.0,
                    0.0
                ],
                [
                    0.0,
                    36.167231798172,
                    0.0,
                    0.0
                ]
            ],
            [
                [
                    0.0,
                    0.0,
                    25.0,
                    0.0
                ],
                [
                    0.0,
                    0.0,
                    0.0,
                    0.0
                ]
            ],
            [
                [
                    0.0,
                    0.0,
                    0.0,
                    46.560616850852966
                ],
                [
                    0.0,
                    0.0,
                    0.0,
                    1.0
                ]
            ],
            [
                [
                    0.0,
                    25.0,
                    0.0,
                    0.0
                ],
                [
                    0.0,
                    33.597264876365685,
                    0.0,
                    0.0
                ]
            ],
            [
                [
                    0.0,
                    0.0,
                    0.0,
                    31.412594318389893
                ],
                [
                    0.0,
                    0.0,
                    0.0,
                    49.31211472511289
                ]
            ],
            [
                [
                    0.0,
                    0.0,
                    0.0,
                    28.772714734077454
                ],
                [
                    0.0,
                    0.0,
                    0.0,
                    29.82455014228823
                ]
            ],
            [
                [
                    0.0,
                    29.385234832763672,
                    0.0,
                    0.0
                ],
                [
                    0.0,
                    17.0249080657959,
                    0.0,
                    0.0
                ]
            ],
            [
                [
                    0.0,
                    43.58698844909668,
                    0.0,
                    0.0
                ],
                [
                    0.0,
                    0.7712814807891846,
                    0.0,
                    0.0
                ]
            ]
        ],
        [
            [
                [
                    0.0,
                    0.0,
                    26.055196525262936,
                    6.79041742852756
                ],
                [
                    0.0,
                    0.0,
                    17.974219695569847,
                    9.39524480047621
                ]
            ],
            [
                [
                    0.0,
                    0.0,
                    16.017729682901074,
                    9.033894405307207
                ],
                [
                    0.0,
                    0.0,
                    9.104909474219001,
                    13.316589583283871
                ]
            ],
            [
                [
                    0.0,
                    0.0,
                    11.53226061803954,
                    14.952149051995505
                ],
                [
                    0.0,
                    0.0,
                    12.21013794373338,
                    11.779832019475425
                ]
            ],
            [
                [
                    0.0,
                    0.0,
                    10.770859120392505,
                    13.656581409669473
                ],
                [
                    0.0,
                    0.0,
                    9.12403048919994,
                    13.373825538445104
                ]
            ],
            [
                [
                    0.0,
                    0.0,
                    17.325650399284704,
                    10.763702724661146
                ],
                [
                    0.0,
                    0.0,
                    10.824282939235369,
                    9.755269707313605
                ]
            ],
            [
                [
                    0.0,
                    0.0,
                    10.282235210850127,
                    9.691996263606208
                ],
                [
                    0.0,
                    0.0,
                    8.553358942788238,
                    13.442340451762789
                ]
            ],
            [
                [
                    0.0,
                    0.0,
                    8.29452514623185,
                    13.281878925263058
                ],
                [
                    0.0,
                    0.0,
                    11.449724551580378,
                    13.430518251250417
                ]
            ],
            [
                [
                    0.0,
                    0.0,
                    10.819787781334972,
                    9.67815224536869
                ],
                [
                    0.0,
                    0.0,
                    8.78344472948638,
                    17.27044963730233
                ]
            ],
            [
                [
                    0.0,
                    0.0,
                    13.668319061043716,
                    12.724446145480586
                ],
                [
                    0.0,
                    0.0,
                    10.300989778663231,
                    9.93260687091073
                ]
            ],
            [
                [
                    0.0,
                    0.0,
                    11.850330875985277,
                    11.8452217610819
                ],
                [
                    0.0,
                    0.0,
                    12.21078541078032,
                    12.974863088024515
                ]
            ]
        ],
        [
            [
                [
                    0.0,
                    0.0,
                    0.0,
                    21.87963479487674
                ],
                [
                    0.0,
                    0.0,
                    0.0,
                    13.947998105261659
                ]
            ],
            [
                [
                    0.0,
                    0.0,
                    0.0,
                    11.36259753334786
                ],
                [
                    0.0,
                    0.0,
                    0.0,
                    7.383536346278085
                ]
            ],
            [
                [
                    0.0,
                    0.0,
