{
    "seed": 120,
    "ports": 4,
    "scenarios": 16,
    "obj": 1869.1784042260715,
    "time": 8.995933055877686,
    "gap": 0.0,
    "mean_load_per_port": [
        654.4960660934448,
        513.7400495846737,
        221.2637231250792
    ],
    "mean_teu_load_per_port": [
        831.0743827819824,
        10859.9266776703,
        76584.8354132257
    ],
    "mean_load_per_location": [
        [
            [
                [
                    0.0,
                    0.0,
                    0.0,
                    40.51476240158081
                ],
                [
                    0.0,
                    0.0,
                    0.0,
                    10.556503295898438
                ]
            ],
            [
                [
                    0.0,
                    0.0,
                    0.0,
                    42.504411324858644
                ],
                [
                    0.0,
                    0.0,
                    0.0,
                    46.119605198502555
                ]
            ],
            [
                [
                    0.0,
                    50.0,
                    0.0,
                    0.0
                ],
                [
                    0.0,
                    25.0,
                    0.0,
                    0.0
                ]
            ],
            [
                [
                    0.0,
                    0.0,
                    0.0,
                    41.66617560386658
                ],
                [
                    0.0,
                    0.0,
                    0.0,
                    18.995347157120726
                ]
            ],
            [
                [
                    0.0,
                    47.3376202583313,
                    0.0,
                    0.0
                ],
                [
                    0.0,
                    25.0,
                    0.0,
                    0.0
                ]
            ],
            [
                [
                    0.0,
                    0.0,
                    0.0,
                    39.72502003610133
                ],
                [
                    0.0,
                    0.0,
                    0.0,
                    35.82465744018555
                ]
            ],
            [
                [
                    0.0,
                    0.0,
                    50.0,
                    0.0
                ],
                [
                    0.0,
                    0.0,
                    38.07433904707433,
                    0.0
                ]
            ],
            [
                [
                    0.0,
                    0.0,
                    0.0,
                    0.0
                ],
                [
                    0.0,
                    0.0,
                    0.0,
                    25.0
                ]
            ],
            [
                [
                    0.0,
                    0.0,
                    25.0,
                    0.0
                ],
                [
                    0.0,
                    0.0,
                    37.914537534117684,
                    0.0
                ]
            ],
            [
                [
                    0.0,
                    20.07784080505371,
                    0.0,
                    0.0
                ],
                [
                    0.0,
                    35.185245990753174,
                    0.0,
                    0.0
                ]
            ]
        ],
        [
            [
                [
                    0.0,
                    0.0,
                    15.174300098791718,
                    16.253122980706394
                ],
                [
                    0.0,
                    0.0,
                    12.4819869203493,
                    13.651893821023172
                ]
            ],
            [
                [
                    0.0,
                    0.0,
                    12.505711899615363,
                    13.250118535874279
                ],
                [
                    0.0,
                    0.0,
                    11.21830491349101,
                    15.484134889815309
                ]
            ],
            [
                [
                    0.0,
                    0.0,
                    7.623742001954033,
                    20.362773556494894
                ],
                [
                    0.0,
                    0.0,
                    11.798331947997212,
                    12.353478889881776
                ]
            ],
            [
                [
                    0.0,
                    0.0,
                    18.334995697252452,
                    10.879288077354431
                ],
                [
                    0.0,
                    0.0,
                    18.673269744139596,
                    10.927437293754673
                ]
            ],
            [
                [
                    0.0,
                    0.0,
                    14.569243973121047,
                    16.514915788546208
                ],
                [
                    0.0,
                    0.0,
                    17.460021305829287,
                    12.419749579392372
                ]
            ],
            [
                [
                    0.0,
                    0.0,
                    13.78145235845198,
                    11.215141709893942
                ],
                [
                    0.0,
                    0.0,
                    14.417571122199298,
                    5.327147342264652
                ]
            ],
            [
                [
                    0.0,
                    0.0,
                    6.551507420465348,
                    5.783468246459961
                ],
                [
                    0.0,
                    0.0,
                    24.30339821375817,
                    11.110473234206438
                ]
            ],
            [
                [
                    0.0,
                    0.0,
                    7.678538801148534,
                    13.5974967311466
                ],
                [
                    0.0,
                    0.0,
                    5.636492293576401,
                    9.758185651213498
                ]
            ],
            [
                [
                    0.0,
                    0.0,
                    12.831839490681887,
                    12.446519935503602
                ],
                [
                    0.0,
                    0.0,
                    14.165540629715634,
                    13.07992668373111
                ]
            ],
            [
                [
                    0.0,
                    0.0,
                    11.1732831671834,
                    24.406991163330176
                ],
                [
                    0.0,
                    0.0,
                    2.8609116934239864,
                    11.67734178093456
                ]
            ]
        ],
        [
            [
                [
                    0.0,
                    0.0,
                    0.0,
                    21.759708263754334
                ],
                [
                    0.0,
                    0.0,
                    0.0,
                    12.203037147788415
                ]
            ],
            [
                [
                    0.0,
                    0.0,
                    0.0,
                    10.477979637478686
                ],
                [
                    0.0,
                    0.0,
                    0.0,
                    7.57249186140495
                ]
            ],
            [
                [
                    0.0,
                    0.0,
                    0.0,
