{
    "seed": 195,
    "ports": 4,
    "scenarios": 16,
    "obj": 1701.5893295981803,
    "time": 10.030802965164185,
    "gap": 0.0,
    "mean_load_per_port": [
        552.9393365383148,
        512.3136634410736,
        219.7219172183648
    ],
    "mean_teu_load_per_port": [
        757.5121641159058,
        10525.477826178841,
        75142.17848079269
    ],
    "mean_load_per_location": [
        [
            [
                [
                    0.0,
                    0.0,
                    25.0,
                    0.0
                ],
                [
                    0.0,
                    0.0,
                    50.0,
                    0.0
                ]
            ],
            [
                [
                    0.0,
                    0.0,
                    0.0,
                    25.0
                ],
                [
                    0.0,
                    0.0,
                    0.0,
                    37.78004574775696
                ]
            ],
            [
                [
                    0.0,
                    0.0,
                    38.85010242462158,
                    0.0
                ],
                [
                    0.0,
                    0.0,
                    12.321310043334961,
                    0.0
                ]
            ],
            [
                [
                    0.0,
                    41.722100257873535,
                    0.0,
                    0.0
                ],
                [
                    0.0,
                    19.95733070373535,
                    0.0,
                    0.0
                ]
            ],
            [
                [
                    0.0,
                    6.020776271820068,
                    0.0,
                    0.0
                ],
                [
                    0.0,
                    18.667477905750275,
                    0.0,
                    0.0
                ]
            ],
            [
                [
                    0.0,
                    15.27643483877182,
                    0.0,
                    0.0
                ],
                [
                    0.0,
                    50.0,
                    0.0,
                    0.0
                ]
            ],
            [
                [
                    0.0,
                    0.0,
                    26.072904109954834,
                    0.0
                ],
                [
                    0.0,
                    0.0,
                    46.88549518585205,
                    0.0
                ]
            ],
            [
                [
                    0.0,
                    0.0,
                    7.83350944519043,
                    0.0
                ],
                [
                    0.0,
                    0.0,
                    17.611315727233887,
                    0.0
                ]
            ],
            [
                [
                    0.0,
                    0.0,
                    0.0,
                    20.002775192260742
                ],
                [
                    0.0,
                    0.0,
                    0.0,
                    22.380882263183594
                ]
            ],
            [
                [
                    0.0,
                    0.0,
                    0.0,
                    34.37081813812256
                ],
                [
                    0.0,
                    0.0,
                    0.0,
                    37.18605828285217
                ]
            ]
        ],
        [
            [
                [
                    0.0,
                    0.0,
                    8.95300910249965,
                    24.264453730965442
                ],
                [
                    0.0,
                    0.0,
                    8.841083630919456,
                    25.40915720692526
                ]
            ],
            [
                [
                    0.0,
                    0.0,
                    9.091362610490577,
                    19.433556333888326
                ],
                [
                    0.0,
                    0.0,
                    12.380362559109926,
                    17.32654416732423
                ]
            ],
            [
                [
                    0.0,
                    0.0,
                    16.970958625929015,
                    11.036774086888107
                ],
                [
                    0.0,
                    0.0,
                    17.286642591919744,
                    12.129763749212183
                ]
            ],
            [
                [
                    0.0,
                    0.0,
                    10.532947218510536,
                    13.463396750453029
                ],
                [
                    0.0,
                    0.0,
                    6.831804033431326,
                    13.22487642429769
                ]
            ],
            [
                [
                    0.0,
                    0.0,
                    12.29100887427468,
                    17.074331620136647
                ],
                [
                    0.0,
                    0.0,
                    14.053367407493184,
                    12.756741794790228
                ]
            ],
            [
                [
                    0.0,
                    0.0,
                    11.488512973751867,
                    12.885381639003754
                ],
                [
                    0.0,
                    0.0,
                    4.004653186105301,
                    17.355850834491115
                ]
            ],
            [
                [
                    0.0,
                    0.0,
                    9.439522849374121,
                    5.880321890115738
                ],
                [
                    0.0,
                    0.0,
                    20.130286298692226,
                    6.263215936720371
                ]
            ],
            [
                [
                    0.0,
                    0.0,
                    14.077609837956713,
                    2.941565126180649
                ],
                [
                    0.0,
                    0.0,
                    20.52043932912866,
                    3.3964017726480993
                ]
            ],
            [
                [
                    0.0,
                    0.0,
                    14.08821453154087,
                    11.818021831194987
                ],
                [
                    0.0,
                    0.0,
                    11.800312308086596,
                    10.865457320585847
                ]
            ],
            [
                [
                    0.0,
                    0.0,
                    17.677259719960404,
                    10.234655780941248
                ],
                [
                    0.0,
                    0.0,
                    12.33109612756678,
                    11.762741627568996
                ]
            ]
        ],
        [
            [
                [
                    0.0,
                    0.0,
                    0.0,
                    19.857353916857587
                ],
                [
                    0.0,
                    0.0,
                    0.0,
                    14.926038855869848
                ]
            ],
            [
                [
                    0.0,
                    0.0,
                    0.0,
                    10.243362781094515
                ],
                [
                    0.0,
                    0.0,
                    0.0,
                    6.935178570409397
                ]
            ],
            [
                [
                    0.0,
