{
    "seed": 133,
    "ports": 4,
    "scenarios": 16,
    "obj": 2040.724163013434,
    "time": 102.9179859161377,
    "gap": 0.0,
    "mean_load_per_port": [
        708.128180027008,
        494.26182676048023,
        223.82076375544247
    ],
    "mean_teu_load_per_port": [
        918.491641998291,
        10340.06687237265,
        77057.71644447184
    ],
    "mean_load_per_location": [
        [
            [
                [
                    0.0,
                    0.0,
                    0.0,
                    45.35894775390625
                ],
                [
                    0.0,
                    0.0,
                    0.0,
                    50.0
                ]
            ],
            [
                [
                    0.0,
                    0.0,
                    36.031551361083984,
                    0.0
                ],
                [
                    0.0,
                    0.0,
                    25.0,
                    0.0
                ]
            ],
            [
                [
                    0.0,
                    0.0,
                    0.0,
                    35.704145431518555
                ],
                [
                    0.0,
                    0.0,
                    0.0,
                    26.868072509765625
                ]
            ],
            [
                [
                    0.0,
                    0.0,
                    37.055025577545166,
                    0.0
                ],
                [
                    0.0,
                    0.0,
                    44.939831256866455,
                    0.0
                ]
            ],
            [
                [
                    0.0,
                    0.0,
                    0.0,
                    25.0
                ],
                [
                    0.0,
                    0.0,
                    0.0,
                    50.0
                ]
            ],
            [
                [
                    0.0,
                    0.0,
                    41.82103729248047,
                    0.0
                ],
                [
                    0.0,
                    0.0,
                    38.90376853942871,
                    0.0
                ]
            ],
            [
                [
                    0.0,
                    0.0,
                    0.0,
                    25.0
                ],
                [
                    0.0,
                    0.0,
                    0.0,
                    20.571279525756836
                ]
            ],
            [
                [
                    0.0,
                    33.38422107696533,
                    0.0,
                    0.0
                ],
                [
                    0.0,
                    26.859848499298096,
                    0.0,
                    0.0
                ]
            ],
            [
                [
                    0.0,
                    0.0,
                    50.0,
                    0.0
                ],
                [
                    0.0,
                    0.0,
                    14.615513324737549,
                    0.0
                ]
            ],
            [
                [
                    0.0,
                    37.07861280441284,
                    0.0,
                    0.0
                ],
                [
                    0.0,
                    43.93632507324219,
                    0.0,
                    0.0
                ]
            ]
        ],
        [
            [
                [
                    0.0,
                    0.0,
                    22.499092515495505,
                    9.623480904847383
                ],
                [
                    0.0,
                    0.0,
                    12.708417809568346,
                    9.893648732453585
                ]
            ],
            [
                [
                    0.0,
                    0.0,
                    8.928721565753222,
                    25.947749144285915
                ],
                [
                    0.0,
                    0.0,
                    5.917722633108497,
                    19.645534773034356
                ]
            ],
            [
                [
                    0.0,
                    0.0,
                    9.264239199459553,
                    20.310985748667683
                ],
                [
                    0.0,
                    0.0,
                    9.1598439514637,
                    15.873130109669436
                ]
            ],
            [
                [
                    0.0,
                    0.0,
                    19.424621049314737,
                    10.072817387059331
                ],
                [
                    0.0,
                    0.0,
                    10.169543461789463,
                    17.370800015701338
                ]
            ],
            [
                [
                    0.0,
                    0.0,
                    10.787196421234214,
                    11.290530124679208
                ],
                [
                    0.0,
                    0.0,
                    14.741807855665684,
                    11.771168628707528
                ]
            ],
            [
                [
                    0.0,
                    0.0,
                    11.306578177283516,
                    10.394095862284303
                ],
                [
                    0.0,
                    0.0,
                    11.847821069851344,
                    5.261749476194382
                ]
            ],
            [
                [
                    0.0,
                    0.0,
                    9.789862284436822,
                    10.517816942185163
                ],
                [
                    0.0,
                    0.0,
                    18.45753737917832,
                    7.456399010494351
                ]
            ],
            [
                [
                    0.0,
                    0.0,
                    13.635524390327845,
                    16.114992098453637
                ],
                [
                    0.0,
                    0.0,
                    15.25548926226641,
                    14.47441362818778
                ]
            ],
            [
                [
                    0.0,
                    0.0,
                    8.529937259852886,
                    11.54458110488951
                ],
                [
                    0.0,
                    0.0,
                    3.615618571639061,
                    13.125153264784664
                ]
            ],
            [
                [
                    0.0,
                    0.0,
                    11.293259501394715,
                    9.984930396080017
                ],
                [
                    0.0,
                    0.0,
                    10.648207754154209,
                    5.60680729458259
                ]
            ]
        ],
        [
            [
                [
                    0.0,
                    0.0,
                    0.0,
                    21.912752079083635
                ],
                [
                    0.0,
                    0.0,
                    0.0,
                    14.338742185923742
                ]
            ],
            [
                [
                    0.0,
                    0.0,
                    0.0,
                    10.163940656979623
                ],
                [
                    0.0,
                    0.0,
                    0.0,
                    7.168737835866973
                ]
            ],
            [
                [
                    0.0,
                    0.0,
