{
    "seed": 48,
    "ports": 4,
    "scenarios": 28,
    "obj": 1599.5681593308268,
    "time": 45.85586595535278,
    "gap": 0.000513607276685093,
    "mean_load_per_port": [
        518.8128669261932,
        520.3809361545902,
        223.30769194604602
    ],
    "mean_teu_load_per_port": [
        713.2729036808014,
        19597.976838158735,
        234225.89086810502
    ],
    "mean_load_per_location": [
        [
            [
                [
                    0.0,
                    0.0,
                    0.0,
                    25.0
                ],
                [
                    0.0,
                    0.0,
                    0.0,
                    38.23546540737152
                ]
            ],
            [
                [
                    0.0,
                    0.0,
                    39.854177474975586,
                    0.0
                ],
                [
                    0.0,
                    0.0,
                    26.613573849201202,
                    0.0
                ]
            ],
            [
                [
                    0.0,
                    33.28233057260513,
                    0.0,
                    0.0
                ],
                [
                    0.0,
                    29.625723958015442,
                    0.0,
                    0.0
                ]
            ],
            [
                [
                    0.0,
                    32.69648742675781,
                    0.0,
                    0.0
                ],
                [
                    0.0,
                    34.09867477416992,
                    0.0,
                    0.0
                ]
            ],
            [
                [
                    0.0,
                    0.0,
                    0.0,
                    27.47057342529297
                ],
                [
                    0.0,
                    0.0,
                    0.0,
                    35.437481105327606
                ]
            ],
            [
                [
                    0.0,
                    0.0,
                    0.0,
                    5.587641716003418
                ],
                [
                    0.0,
                    0.0,
                    0.0,
                    50.0
                ]
            ],
            [
                [
                    0.0,
                    0.0,
                    0.0,
                    0.0
                ],
                [
                    0.0,
                    0.0,
                    0.0,
                    20.04983538389206
                ]
            ],
            [
                [
                    0.0,
                    29.461925387382507,
                    0.0,
                    0.0
                ],
                [
                    0.0,
                    47.500254809856415,
                    0.0,
                    0.0
                ]
            ],
            [
                [
                    0.0,
                    0.0,
                    0.0,
                    0.0
                ],
                [
                    0.0,
                    0.0,
                    37.54548454284668,
                    0.0
                ]
            ],
            [
                [
                    0.0,
                    0.0,
                    1.1249260902404785,
                    0.0
                ],
                [
                    0.0,
                    0.0,
                    5.228311002254486,
                    0.0
                ]
            ]
        ],
        [
            [
                [
                    0.0,
                    0.0,
                    20.17415309110201,
                    6.268479213118553
                ],
                [
                    0.0,
                    0.0,
                    19.322851772783533,
                    7.922937057702194
                ]
            ],
            [
                [
                    0.0,
                    0.0,
                    21.828727518535647,
                    12.043477366545371
                ],
                [
                    0.0,
                    0.0,
                    17.24611426917934,
                    10.546958178210005
                ]
            ],
            [
                [
                    0.0,
                    0.0,
                    10.7161365725624,
                    13.428627236324363
                ],
                [
                    0.0,
                    0.0,
                    12.286259086982156,
                    15.3002432915074
                ]
            ],
            [
                [
                    0.0,
                    0.0,
                    14.885779121408637,
                    11.154366763070312
                ],
                [
                    0.0,
                    0.0,
                    14.02955742179994,
                    16.279845405071985
                ]
            ],
            [
                [
                    0.0,
                    0.0,
                    17.227585305803434,
                    7.332032627484635
                ],
                [
                    0.0,
                    0.0,
                    16.99730250002464,
                    16.72739764633221
                ]
            ],
            [
                [
                    0.0,
                    0.0,
                    5.1373416321135545,
                    17.294236609892014
                ],
                [
                    0.0,
                    0.0,
                    10.242973131846457,
                    15.459885060751487
                ]
            ],
            [
                [
                    0.0,
                    0.0,
                    9.304281579222183,
                    10.477279361266467
                ],
                [
                    0.0,
                    0.0,
                    8.955526715969576,
                    19.280040866787722
                ]
            ],
            [
                [
                    0.0,
                    0.0,
                    12.243074683615205,
                    10.805385759898595
                ],
                [
                    0.0,
                    0.0,
                    11.190399177385268,
                    13.452823100723274
                ]
            ],
            [
                [
                    0.0,
                    0.0,
                    3.4251023984738262,
                    15.547823820208217
                ],
                [
                    0.0,
                    0.0,
                    7.52607641899503,
                    17.294342300793005
                ]
            ],
            [
                [
                    0.0,
                    0.0,
                    14.586509493356926,
                    8.39916115147727
                ],
                [
                    0.0,
                    0.0,
                    16.2094358895177,
                    11.830405556747719
                ]
            ]
        ],
        [
            [
                [
                    0.0,
                    0.0,
                    0.0,
                    22.147461354959628
                ],
                [
                    0.0,
                    0.0,
                    0.0,
                    13.872867364782145
                ]
            ],
            [
                [
                    0.0,
                    0.0,
                    0.0,
                    10.026796779549164
                ],
                [
                    0.0,
                    0.0,
                    0.0,
                    7.3952006842230125
                ]
            ],
            [
                [
                    0.0,
