{
    "seed": 78,
    "ports": 4,
    "scenarios": 16,
    "obj": 1838.3938289061662,
    "time": 126.56671094894409,
    "gap": 0.0,
    "mean_load_per_port": [
        680.9835522174835,
        493.7901853760582,
        226.46513834763797
    ],
    "mean_teu_load_per_port": [
        964.4218325614929,
        10769.869007068884,
        77886.62803533883
    ],
    "mean_load_per_location": [
        [
            [
                [
                    0.0,
                    0.0,
                    0.0,
                    46.73734629154205
                ],
                [
                    0.0,
                    0.0,
                    0.0,
                    25.0
                ]
            ],
            [
                [
                    0.0,
                    0.0,
                    50.0,
                    0.0
                ],
                [
                    0.0,
                    0.0,
                    50.0,
                    0.0
                ]
            ],
            [
                [
                    0.0,
                    29.080812454223633,
                    0.0,
                    0.0
                ],
                [
                    0.0,
                    25.0,
                    0.0,
                    0.0
                ]
            ],
            [
                [
                    0.0,
                    0.0,
                    0.0,
                    25.5
                ],
                [
                    0.0,
                    0.0,
                    0.0,
                    35.294742703437805
                ]
            ],
            [
                [
                    0.0,
                    0.0,
                    0.0,
                    25.0
                ],
                [
                    0.0,
                    0.0,
                    0.0,
                    25.5
                ]
            ],
            [
                [
                    0.0,
                    0.0,
                    38.655616760253906,
                    0.0
                ],
                [
                    0.0,
                    0.0,
                    50.0,
                    0.0
                ]
            ],
            [
                [
                    0.0,
                    26.547390460968018,
                    0.0,
                    0.0
                ],
                [
                    0.0,
                    49.28875541687012,
                    0.0,
                    0.0
                ]
            ],
            [
                [
                    0.0,
                    0.0,
                    25.0,
                    0.0
                ],
                [
                    0.0,
                    0.0,
                    11.225093603134155,
                    0.0
                ]
            ],
            [
                [
                    0.0,
                    25.0,
                    0.0,
                    0.0
                ],
                [
                    0.0,
                    41.97164535522461,
                    0.0,
                    0.0
                ]
            ],
            [
                [
                    0.0,
                    0.0,
                    31.68818235397339,
                    0.0
                ],
                [
                    0.0,
                    0.0,
                    44.493966817855835,
                    0.0
                ]
            ]
        ],
        [
            [
                [
                    0.0,
                    0.0,
                    8.122251222145046,
                    21.765828449161607
                ],
                [
                    0.0,
                    0.0,
                    4.010388128459454,
                    26.306218977535202
                ]
            ],
            [
                [
                    0.0,
                    0.0,
                    20.398499711539916,
                    12.607842719278686
                ],
                [
                    0.0,
                    0.0,
                    8.839164378177946,
                    9.02148530416914
                ]
            ],
            [
                [
                    0.0,
                    0.0,
                    4.032534502333762,
                    22.11538040940208
                ],
                [
                    0.0,
                    0.0,
                    5.27335684478396,
                    17.516341214762818
                ]
            ],
            [
                [
                    0.0,
                    0.0,
                    15.875461686277559,
                    10.980279250663795
                ],
                [
                    0.0,
                    0.0,
                    5.698422491612946,
                    12.179648660123348
                ]
            ],
            [
                [
                    0.0,
                    0.0,
                    14.257038915529847,
                    13.422755109146237
                ],
                [
                    0.0,
                    0.0,
                    15.53438978213487,
                    9.773914834453208
                ]
            ],
            [
                [
                    0.0,
                    0.0,
                    7.374743862077594,
                    12.10486227273941
                ],
                [
                    0.0,
                    0.0,
                    12.707931898474829,
                    12.734210120077288
                ]
            ],
            [
                [
                    0.0,
                    0.0,
                    8.60358143470911,
                    11.658136968784108
                ],
                [
                    0.0,
                    0.0,
                    12.960035365043623,
                    7.56508257796497
                ]
            ],
            [
                [
                    0.0,
                    0.0,
                    14.2779947854266,
                    7.157106777653098
                ],
                [
                    0.0,
                    0.0,
                    14.639276770777425,
                    13.191478072775201
                ]
            ],
            [
                [
                    0.0,
                    0.0,
                    10.121983173835893,
                    11.343630806977227
                ],
                [
                    0.0,
                    0.0,
                    10.228225662710987,
                    13.869518644588796
                ]
            ],
            [
                [
                    0.0,
                    0.0,
                    23.14470457481282,
                    6.069473460316658
                ],
                [
                    0.0,
                    0.0,
                    21.16549298516265,
                    5.141512569458455
                ]
            ]
        ],
        [
            [
                [
                    0.0,
                    0.0,
                    0.0,
                    19.89679111313794
                ],
                [
                    0.0,
                    0.0,
                    0.0,
                    14.445485231079143
                ]
            ],
            [
                [
                    0.0,
                    0.0,
                    0.0,
                    11.380305608897583
                ],
                [
                    0.0,
                    0.0,
                    0.0,
                    8.210827460370972
                ]
            ],
            [
                [
                    0.0,
                    0.0,
                    0.0,
                    16.793310580932438
