{
    "seed": 63,
    "ports": 4,
    "scenarios": 1,
    "obj": 1682.1752866174297,
    "time": 0.19298601150512695,
    "gap": 0.0,
    "mean_load_per_port": [
        569.7602205276489,
        619.1648659706116,
        490.0805190445385
    ],
    "mean_teu_load_per_port": [
        777.0859750509262,
        808.8347868919373,
        680.0882188815824
    ],
    "mean_load_per_location": [
        [
            [
                [
                    0.0,
                    0.0,
                    25.0,
                    0.0
                ],
                [
                    0.0,
                    0.0,
                    12.740081787109375,
                    0.0
                ]
            ],
            [
                [
                    0.0,
                    0.0,
                    35.17546525002716,
                    0.0
                ],
                [
                    0.0,
                    0.0,
                    30.085198879241943,
                    0.0
                ]
            ],
            [
                [
                    0.0,
                    35.481770753860474,
                    0.0,
                    0.0
                ],
                [
                    0.0,
                    37.236820936203,
                    0.0,
                    0.0
                ]
            ],
            [
                [
                    0.0,
                    45.090073585510254,
                    0.0,
                    0.0
                ],
                [
                    0.0,
                    1.23452627658844,
                    0.0,
                    0.0
                ]
            ],
            [
                [
                    0.0,
                    0.0,
                    30.767613410949707,
                    0.0
                ],
                [
                    0.0,
                    0.0,
                    36.419745534652535,
                    0.0
                ]
            ],
            [
                [
                    0.0,
                    0.0,
                    0.0,
                    5.967570781707764
                ],
                [
                    0.0,
                    0.0,
                    0.0,
                    41.89128017425537
                ]
            ],
            [
                [
                    0.0,
                    11.508374214172363,
                    0.0,
                    0.0
                ],
                [
                    0.0,
                    18.499980926513672,
                    0.0,
                    0.0
                ]
            ],
            [
                [
                    0.0,
                    0.0,
                    0.0,
                    46.269068479537964
                ],
                [
                    0.0,
                    0.0,
                    0.0,
                    25.0
                ]
            ],
            [
                [
                    0.0,
                    0.0,
                    0.0,
                    33.52919340133667
                ],
                [
                    0.0,
                    0.0,
                    0.0,
                    37.6417932510376
                ]
            ],
            [
                [
                    0.0,
                    0.0,
                    37.37750683425065,
                    0.0
                ],
                [
                    0.0,
                    0.0,
                    22.84415605069397,
                    0.0
                ]
            ]
        ],
        [
            [
                [
                    0.0,
                    0.0,
                    32.101368812308905,
                    0.0
                ],
                [
                    0.0,
                    0.0,
                    41.805904388427734,
                    0.0
                ]
            ],
            [
                [
                    0.0,
                    0.0,
                    0.0,
                    13.569062526198628
                ],
                [
                    0.0,
                    0.0,
                    28.17249936344981,
                    0.0
                ]
            ],
            [
                [
                    0.0,
                    0.0,
                    50.0,
                    0.0
                ],
                [
                    0.0,
                    0.0,
                    42.51169080021739,
                    7.488309199782613
                ]
            ],
            [
                [
                    0.0,
                    0.0,
                    0.0,
                    2.0
                ],
                [
                    0.0,
                    0.0,
                    8.450456326035258,
                    21.530024821730855
                ]
            ],
            [
                [
                    0.0,
                    0.0,
                    0.0,
                    26.63314700126648
                ],
                [
                    0.0,
                    0.0,
                    7.851699352264404,
                    30.47793936729431
                ]
            ],
            [
                [
                    0.0,
                    0.0,
                    0.0,
                    25.0
                ],
                [
                    0.0,
                    0.0,
                    12.092926979064941,
                    37.90707302093506
                ]
            ],
            [
                [
                    0.0,
                    0.0,
                    22.793238639831543,
                    0.0
                ],
                [
                    0.0,
                    0.0,
                    20.008755353675486,
                    9.982489292649028
                ]
            ],
            [
                [
                    0.0,
                    0.0,
                    0.0,
                    0.0
                ],
                [
                    0.0,
                    0.0,
                    32.71727596754313,
                    14.99025143151998
                ]
            ],
            [
                [
                    0.0,
                    0.0,
                    0.0,
                    41.93645477294922
                ],
                [
                    0.0,
                    0.0,
                    0.0,
                    25.0
                ]
            ],
            [
                [
                    0.0,
                    0.0,
                    14.144298553466797,
                    0.0
                ],
                [
                    0.0,
                    0.0,
                    50.0,
                    0.0
                ]
            ]
        ],
        [
            [
                [
                    0.0,
                    0.0,
                    0.0,
                    24.410734045248887
                ],
                [
                    0.0,
                    0.0,
                    0.0,
                    0.2672714932613367
                ]
            ],
            [
                [
                    0.0,
                    0.0,
                    0.0,
                    25.0
                ],
                [
                    0.0,
                    0.0,
                    0.0,
                    50.0
                ]
            ],
            [
                [
                    0.0,
                    0.0,
                    0.0,
                    25.0
                ],
                [
                    0.0,
                    0.0,
                    0.0,
                    9.828649401664734
                ]
            ],
            [
                [
