{
    "seed": 97,
    "ports": 4,
    "scenarios": 28,
    "obj": 1859.736786058826,
    "time": 332.2376937866211,
    "gap": 0.0,
    "mean_load_per_port": [
        667.6267631053925,
        486.33446210922284,
        229.6436878707667
    ],
    "mean_teu_load_per_port": [
        904.4050815105438,
        17986.744768332464,
        241834.30701040203
    ],
    "mean_load_per_location": [
        [
            [
                [
                    0.0,
                    39.18808841705322,
                    0.0,
                    0.0
                ],
                [
                    0.0,
                    33.817129611968994,
                    0.0,
                    0.0
                ]
            ],
            [
                [
                    0.0,
                    25.0,
                    0.0,
                    0.0
                ],
                [
                    0.0,
                    26.753116846084595,
                    0.0,
                    0.0
                ]
            ],
            [
                [
                    0.0,
                    0.0,
                    44.39953136444092,
                    0.0
                ],
                [
                    0.0,
                    0.0,
                    34.894569396972656,
                    0.0
                ]
            ],
            [
                [
                    0.0,
                    35.964179039001465,
                    0.0,
                    0.0
                ],
                [
                    0.0,
                    13.601527452468872,
                    0.0,
                    0.0
                ]
            ],
            [
                [
                    0.0,
                    0.0,
                    45.19375419616699,
                    0.0
                ],
                [
                    0.0,
                    0.0,
                    50.0,
                    0.0
                ]
            ],
            [
                [
                    0.0,
                    0.0,
                    0.0,
                    26.97033417224884
                ],
                [
                    0.0,
                    0.0,
                    0.0,
                    27.947620391845703
                ]
            ],
            [
                [
                    0.0,
                    0.0,
                    34.28366470336914,
                    0.0
                ],
                [
                    0.0,
                    0.0,
                    50.0,
                    0.0
                ]
            ],
            [
                [
                    0.0,
                    0.0,
                    0.0,
                    23.132951736450195
                ],
                [
                    0.0,
                    0.0,
                    0.0,
                    33.94136047363281
                ]
            ],
            [
                [
                    0.0,
                    0.0,
                    0.0,
                    7.373198986053467
                ],
                [
                    0.0,
                    0.0,
                    0.0,
                    50.0
                ]
            ],
            [
                [
                    0.0,
                    0.0,
                    0.0,
                    25.0
                ],
                [
                    0.0,
                    0.0,
                    0.0,
                    40.16573631763458
                ]
            ]
        ],
        [
            [
                [
                    0.0,
                    0.0,
                    28.623658181301185,
                    8.386876804062299
                ],
                [
                    0.0,
                    0.0,
                    19.443575464189053,
                    8.349258087209913
                ]
            ],
            [
                [
                    0.0,
                    0.0,
                    18.530360254582604,
                    12.937886916473506
                ],
                [
                    0.0,
                    0.0,
                    14.284437448599125,
                    7.285621748066376
                ]
            ],
            [
                [
                    0.0,
                    0.0,
                    8.027347089598575,
                    17.343638242355414
                ],
                [
                    0.0,
                    0.0,
                    11.540112234836199,
                    14.850613588618984
                ]
            ],
            [
                [
                    0.0,
                    0.0,
                    15.55819500557014,
                    7.099920489958355
                ],
                [
                    0.0,
                    0.0,
                    16.55908734254653,
                    8.697284679993473
                ]
            ],
            [
                [
                    0.0,
                    0.0,
                    14.650164694658347,
                    14.121939897261614
                ],
                [
                    0.0,
                    0.0,
                    11.780093131901387,
                    7.033271090260574
                ]
            ],
            [
                [
                    0.0,
                    0.0,
                    6.357895065631185,
                    13.14370733634347
                ],
                [
                    0.0,
                    0.0,
                    8.406288815396172,
                    10.265223991374175
                ]
            ],
            [
                [
                    0.0,
                    0.0,
                    10.813754421259675,
                    11.234765908051104
                ],
                [
                    0.0,
                    0.0,
                    17.812344956610882,
                    10.307605764837493
                ]
            ],
            [
                [
                    0.0,
                    0.0,
                    5.564436924244676,
                    12.829423930602413
                ],
                [
                    0.0,
                    0.0,
                    7.3168801001140045,
                    20.438537638953758
                ]
            ],
            [
                [
                    0.0,
                    0.0,
                    4.418773135968617,
                    17.96051403915598
                ],
                [
                    0.0,
                    0.0,
                    3.369874196393149,
                    19.06327015587262
                ]
            ],
            [
                [
                    0.0,
                    0.0,
                    11.33937248055424,
                    15.968133447199332
                ],
                [
                    0.0,
                    0.0,
                    4.329862326481057,
                    10.290455082135153
                ]
            ]
        ],
        [
            [
                [
                    0.0,
                    0.0,
                    0.0,
                    21.849000288440095
                ],
                [
                    0.0,
                    0.0,
                    0.0,
                    15.279784960690959
                ]
            ],
            [
                [
                    0.0,
                    0.0,
                    0.0,
                    10.830369531413393
                ],
                [
                    0.0,
                    0.0,
                    0.0,
                    7.668998634723961
                ]
            ],
            [
                [
                    0.0,
                    0.0,
