{
    "seed": 295,
    "ports": 4,
    "scenarios": 12,
    "obj": 1716.4702277080046,
    "time": 5.243876934051514,
    "gap": 0.0006027157455340572,
    "mean_load_per_port": [
        557.7721061706543,
        540.3407321316053,
        226.45656474089105
    ],
    "mean_teu_load_per_port": [
        735.3940327167511,
        8671.710808468562,
        42953.15317216868
    ],
    "mean_load_per_location": [
        [
            [
                [
                    0.0,
                    0.0,
                    12.117944820721911,
                    0.0
                ],
                [
                    0.0,
                    0.0,
                    25.0,
                    0.0
                ]
            ],
            [
                [
                    0.0,
                    0.0,
                    25.0,
                    0.0
                ],
                [
                    0.0,
                    0.0,
                    25.297559634844497,
                    0.0
                ]
            ],
            [
                [
                    0.0,
                    0.0,
                    50.0,
                    0.0
                ],
                [
                    0.0,
                    0.0,
                    7.7591052055358904,
                    0.0
                ]
            ],
            [
                [
                    0.0,
                    0.0,
                    0.0,
                    46.9411358833313
                ],
                [
                    0.0,
                    0.0,
                    0.0,
                    34.74278545379639
                ]
            ],
            [
                [
                    0.0,
                    0.0,
                    32.58105945587158,
                    0.0
                ],
                [
                    0.0,
                    0.0,
                    25.178045749664307,
                    0.0
                ]
            ],
            [
                [
                    0.0,
                    0.0,
                    0.0,
                    39.16938400268555
                ],
                [
                    0.0,
                    0.0,
                    0.0,
                    0.0
                ]
            ],
            [
                [
                    0.0,
                    30.4436092376709,
                    0.0,
                    0.0
                ],
                [
                    0.0,
                    27.557814836502075,
                    0.0,
                    0.0
                ]
            ],
            [
                [
                    0.0,
                    50.0,
                    0.0,
                    0.0
                ],
                [
                    0.0,
                    31.4416024684906,
                    0.0,
                    0.0
                ]
            ],
            [
                [
                    0.0,
                    0.0,
                    0.0,
                    8.001424074172974
                ],
                [
                    0.0,
                    0.0,
                    0.0,
                    50.0
                ]
            ],
            [
                [
                    0.0,
                    23.6671621799469,
                    0.0,
                    0.0
                ],
                [
                    0.0,
                    12.873473167419434,
                    0.0,
                    0.0
                ]
            ]
        ],
        [
            [
                [
                    0.0,
                    0.0,
                    6.415377835432689,
                    23.52939330847857
                ],
                [
                    0.0,
                    0.0,
                    3.1190748955965897,
                    27.40315999308329
                ]
            ],
            [
                [
                    0.0,
                    0.0,
                    7.4920651478072005,
                    26.405953358204766
                ],
                [
                    0.0,
                    0.0,
                    7.676026981323957,
                    22.439432704200346
                ]
            ],
            [
                [
                    0.0,
                    0.0,
                    6.412111520767212,
                    20.418813337908563
                ],
                [
                    0.0,
                    0.0,
                    12.726314386228722,
                    13.851424147071464
                ]
            ],
            [
                [
                    0.0,
                    0.0,
                    15.95197316666466,
                    10.795588731765747
                ],
                [
                    0.0,
                    0.0,
                    15.461711037270518,
                    6.008655029038587
                ]
            ],
            [
                [
                    0.0,
                    0.0,
                    26.77971138060093,
                    3.2163253923257193
                ],
                [
                    0.0,
                    0.0,
                    22.756044442454975,
                    9.720562465488907
                ]
            ],
            [
                [
                    0.0,
                    0.0,
                    15.371566499272982,
                    12.14217758178711
                ],
                [
                    0.0,
                    0.0,
                    10.964383979638418,
                    11.709493736426035
                ]
            ],
            [
                [
                    0.0,
                    0.0,
                    13.451159986051225,
                    16.3095876177152
                ],
                [
                    0.0,
                    0.0,
                    16.98399167602678,
                    15.12313007315
                ]
            ],
            [
                [
                    0.0,
                    0.0,
                    9.20661940017422,
                    19.53323723251621
                ],
                [
                    0.0,
                    0.0,
                    11.633291243165168,
                    7.583165463060141
                ]
            ],
            [
                [
                    0.0,
                    0.0,
                    9.511072062543631,
                    11.38273530950149
                ],
                [
                    0.0,
                    0.0,
                    11.148394588224177,
                    6.9818320618660215
                ]
            ],
            [
                [
                    0.0,
                    0.0,
                    25.601227273543675,
                    4.78115867326657
                ],
                [
                    0.0,
                    0.0,
                    15.00035348534584,
                    7.342434926617028
                ]
            ]
        ],
        [
            [
                [
                    0.0,
                    0.0,
                    0.0,
                    21.193219934380426
                ],
                [
                    0.0,
                    0.0,
                    0.0,
                    12.809586477916051
                ]
            ],
            [
                [
                    0.0,
                    0.0,
                    0.0,
                    11.278726462872703
                ],
                [
                    0.0,
                    0.0,
                    0.0,
                    8.760309851692888
                ]
            ],
            [
                [
                    0.0,
                    0.0,
