{
    "seed": 48,
    "ports": 4,
    "scenarios": 12,
    "obj": 1599.718672552528,
    "time": 4.663369178771973,
    "gap": 0.0006344512152622106,
    "mean_load_per_port": [
        518.8128669261932,
        509.23860088904667,
        223.97234846576487
    ],
    "mean_teu_load_per_port": [
        713.2729036808014,
        8390.043728436907,
        43136.510538399045
    ],
    "mean_load_per_location": [
        [
            [
                [
                    0.0,
                    0.0,
                    21.860126733779907,
                    0.0
                ],
                [
                    0.0,
                    0.0,
                    20.933734893798828,
                    0.0
                ]
            ],
            [
                [
                    0.0,
                    0.0,
                    0.0,
                    0.0
                ],
                [
                    0.0,
                    0.0,
                    0.0,
                    0.0
                ]
            ],
            [
                [
                    0.0,
                    0.0,
                    0.0,
                    24.89020800590515
                ],
                [
                    0.0,
                    0.0,
                    0.0,
                    37.24039739370346
                ]
            ],
            [
                [
                    0.0,
                    0.0,
                    28.279367923736572,
                    0.0
                ],
                [
                    0.0,
                    0.0,
                    39.293243408203125,
                    0.0
                ]
            ],
            [
                [
                    0.0,
                    0.0,
                    0.0,
                    35.404296815395355
                ],
                [
                    0.0,
                    0.0,
                    0.0,
                    25.0
                ]
            ],
            [
                [
                    0.0,
                    44.960994720458984,
                    0.0,
                    0.0
                ],
                [
                    0.0,
                    5.8268842697143555,
                    0.0,
                    0.0
                ]
            ],
            [
                [
                    0.0,
                    38.68557184934616,
                    0.0,
                    0.0
                ],
                [
                    0.0,
                    40.22976589202881,
                    0.0,
                    0.0
                ]
            ],
            [
                [
                    0.0,
                    14.061451435089111,
                    0.0,
                    0.0
                ],
                [
                    0.0,
                    36.39567047357559,
                    0.0,
                    0.0
                ]
            ],
            [
                [
                    0.0,
                    0.0,
                    0.0,
                    45.84417825937271
                ],
                [
                    0.0,
                    0.0,
                    0.0,
                    33.401916563510895
                ]
            ],
            [
                [
                    0.0,
                    25.0,
                    0.0,
                    0.0
                ],
                [
                    0.0,
                    1.5050582885742188,
                    0.0,
                    0.0
                ]
            ]
        ],
        [
            [
                [
                    0.0,
                    0.0,
                    0.07881716390450795,
                    32.366344491640724
                ],
                [
                    0.0,
                    0.0,
                    1.4611222272117932,
                    24.814264490998593
                ]
            ],
            [
                [
                    0.0,
                    0.0,
                    4.32038379576471,
                    28.937123579283554
                ],
                [
                    0.0,
                    0.0,
                    4.649593040347099,
                    19.486336859563988
                ]
            ],
            [
                [
                    0.0,
                    0.0,
                    16.084345566729706,
                    8.211414301064279
                ],
                [
                    0.0,
                    0.0,
                    13.121098816394806,
                    11.388100099382987
                ]
            ],
            [
                [
                    0.0,
                    0.0,
                    11.711310598254206,
                    7.432893296082814
                ],
                [
                    0.0,
                    0.0,
                    21.422671402494114,
                    8.977647433678309
                ]
            ],
            [
                [
                    0.0,
                    0.0,
                    21.08861210569739,
                    3.536104426615768
                ],
                [
                    0.0,
                    0.0,
                    14.394732395807901,
                    11.369985374508218
                ]
            ],
            [
                [
                    0.0,
                    0.0,
                    15.472502125654785,
                    12.012427111466726
                ],
                [
                    0.0,
                    0.0,
                    24.40448328917832,
                    13.736849131357616
                ]
            ],
            [
                [
                    0.0,
                    0.0,
                    8.066807443896929,
                    10.223803298340902
                ],
                [
                    0.0,
                    0.0,
                    13.119041994724506,
                    9.377885619799295
                ]
            ],
            [
                [
                    0.0,
                    0.0,
                    18.59853106737137,
                    4.375131045778592
                ],
                [
                    0.0,
                    0.0,
                    19.955616017182667,
                    5.1941403845946
                ]
            ],
            [
                [
                    0.0,
                    0.0,
                    21.064813065032165,
                    6.242503207590844
                ],
                [
                    0.0,
                    0.0,
                    15.999088443135937,
                    5.71681793530782
                ]
            ],
            [
                [
                    0.0,
                    0.0,
                    13.944210177287458,
                    11.923008235792318
                ],
                [
                    0.0,
                    0.0,
                    8.470220228036245,
                    6.487819602092107
                ]
            ]
        ],
        [
            [
                [
                    0.0,
                    0.0,
                    0.0,
                    20.92841328423895
                ],
                [
                    0.0,
                    0.0,
                    0.0,
                    14.578821737566102
                ]
            ],
            [
                [
                    0.0,
                    0.0,
                    0.0,
                    11.184275140544747
                ],
                [
                    0.0,
                    0.0,
                    0.0,
                    8.483929272095544
                ]
            ],
            [
                [
                    0.0,
