{
    "seed": 63,
    "ports": 4,
    "scenarios": 8,
    "obj": 1500.3403323619273,
    "time": 2.233489990234375,
    "gap": 0.0009647407988993798,
    "mean_load_per_port": [
        485.6066451072693,
        494.70863020779865,
        215.02348199066515
    ],
    "mean_teu_load_per_port": [
        651.2808218002319,
        5160.040466843935,
        18335.20359545222
    ],
    "mean_load_per_location": [
        [
            [
                [
                    0.0,
                    26.24765968322754,
                    0.0,
                    0.0
                ],
                [
                    0.0,
                    15.06309986114502,
                    0.0,
                    0.0
                ]
            ],
            [
                [
                    0.0,
                    0.0,
                    41.62048872311911,
                    0.0
                ],
                [
                    0.0,
                    0.0,
                    28.891523361206055,
                    0.0
                ]
            ],
            [
                [
                    0.0,
                    0.0,
                    0.0,
                    37.2280482451121
                ],
                [
                    0.0,
                    0.0,
                    0.0,
                    15.660855213801067
                ]
            ],
            [
                [
                    0.0,
                    37.06478953361511,
                    0.0,
                    0.0
                ],
                [
                    0.0,
                    2.7000772953033447,
                    0.0,
                    0.0
                ]
            ],
            [
                [
                    0.0,
                    0.0,
                    0.0,
                    45.86355665326116
                ],
                [
                    0.0,
                    0.0,
                    0.0,
                    37.772492061058706
                ]
            ],
            [
                [
                    0.0,
                    0.0,
                    14.764866828918457,
                    0.0
                ],
                [
                    0.0,
                    0.0,
                    25.0,
                    0.0
                ]
            ],
            [
                [
                    0.0,
                    0.0,
                    36.763511657714844,
                    0.0
                ],
                [
                    0.0,
                    0.0,
                    46.87253705660501,
                    0.0
                ]
            ],
            [
                [
                    0.0,
                    17.762285232543945,
                    0.0,
                    0.0
                ],
                [
                    0.0,
                    22.00258159637451,
                    0.0,
                    0.0
                ]
            ],
            [
                [
                    0.0,
                    6.376045227050781,
                    0.0,
                    0.0
                ],
                [
                    0.0,
                    0.0,
                    0.0,
                    0.0
                ]
            ],
            [
                [
                    0.0,
                    17.390300989151,
                    0.0,
                    0.0
                ],
                [
                    0.0,
                    10.561925888061523,
                    0.0,
                    0.0
                ]
            ]
        ],
        [
            [
                [
                    0.0,
                    0.0,
                    14.854804024100304,
                    13.36410686204644
                ],
                [
                    0.0,
                    0.0,
                    15.19262033354678,
                    19.919491905401358
                ]
            ],
            [
                [
                    0.0,
                    0.0,
                    21.66663282364607,
                    10.457636088132858
                ],
                [
                    0.0,
                    0.0,
                    12.059993847583732,
                    3.931144416332245
                ]
            ],
            [
                [
                    0.0,
                    0.0,
                    0.0,
                    17.50348663330078
                ],
                [
                    0.0,
                    0.0,
                    1.4073116779327393,
                    25.737287253141403
                ]
            ],
            [
                [
                    0.0,
                    0.0,
                    21.17612540440046,
                    8.166171465069056
                ],
                [
                    0.0,
                    0.0,
                    13.40074830784119,
                    7.183645029527774
                ]
            ],
            [
                [
                    0.0,
                    0.0,
                    19.835719108581543,
                    5.21302299015224
                ],
                [
                    0.0,
                    0.0,
                    17.88724598661065,
                    13.725236680358648
                ]
            ],
            [
                [
                    0.0,
                    0.0,
                    12.264818479617436,
                    5.355449914932251
                ],
                [
                    0.0,
                    0.0,
                    20.814854229818096,
                    12.50663611292839
                ]
            ],
            [
                [
                    0.0,
                    0.0,
                    7.331955958157778,
                    15.65121490880847
                ],
                [
                    0.0,
                    0.0,
                    6.012454152107239,
                    16.310525121167302
                ]
            ],
            [
                [
                    0.0,
                    0.0,
                    18.44360952458034,
                    3.6022730414110007
                ],
                [
                    0.0,
                    0.0,
                    19.53359654918313,
                    10.831658512353897
                ]
            ],
            [
                [
                    0.0,
                    0.0,
                    11.487073539410414,
                    6.491442538052794
                ],
                [
                    0.0,
                    0.0,
                    6.339088946587702,
                    1.3003255724906921
                ]
            ],
            [
                [
                    0.0,
                    0.0,
                    27.90564940495916,
                    6.25
                ],
                [
                    0.0,
                    0.0,
                    19.51120963353631,
                    4.082363229990009
                ]
            ]
        ],
        [
            [
                [
                    0.0,
                    0.0,
                    0.0,
                    20.42067543584467
                ],
                [
                    0.0,
                    0.0,
                    0.0,
                    15.4684511432713
                ]
            ],
            [
                [
                    0.0,
                    0.0,
                    0.0,
                    8.413416912506177
                ],
                [
                    0.0,
                    0.0,
                    0.0,
                    7.51925655018165
                ]
            ],
            [
                [
                    0.0,
