{
    "seed": 133,
    "ports": 4,
    "scenarios": 8,
    "obj": 2091.401875422778,
    "time": 38.45190405845642,
    "gap": 0.0,
    "mean_load_per_port": [
        708.128180027008,
        525.5647598732731,
        215.54093515385088
    ],
    "mean_teu_load_per_port": [
        918.491641998291,
        5412.0548880843835,
        18698.816346394848
    ],
    "mean_load_per_location": [
        [
            [
                [
                    0.0,
                    36.923452377319336,
                    0.0,
                    0.0
                ],
                [
                    0.0,
                    48.407822608947754,
                    0.0,
                    0.0
                ]
            ],
            [
                [
                    0.0,
                    0.0,
                    47.77377223968506,
                    0.0
                ],
                [
                    0.0,
                    0.0,
                    13.75611000755767,
                    0.0
                ]
            ],
            [
                [
                    0.0,
                    0.0,
                    38.800159161296094,
                    0.0
                ],
                [
                    0.0,
                    0.0,
                    50.0,
                    0.0
                ]
            ],
            [
                [
                    0.0,
                    0.0,
                    0.0,
                    42.90498161315918
                ],
                [
                    0.0,
                    0.0,
                    0.0,
                    25.000000001
                ]
            ],
            [
                [
                    0.0,
                    0.0,
                    25.0,
                    0.0
                ],
                [
                    0.0,
                    0.0,
                    20.27519416809082,
                    0.0
                ]
            ],
            [
                [
                    0.0,
                    0.0,
                    0.0,
                    40.17567253112793
                ],
                [
                    0.0,
                    0.0,
                    0.0,
                    37.88846302032471
                ]
            ],
            [
                [
                    0.0,
                    0.0,
                    0.0,
                    50.0
                ],
                [
                    0.0,
                    0.0,
                    0.0,
                    25.0
                ]
            ],
            [
                [
                    0.0,
                    0.0,
                    0.0,
                    7.533328055335449
                ],
                [
                    0.0,
                    0.0,
                    0.0,
                    50.0
                ]
            ],
            [
                [
                    0.0,
                    25.0,
                    0.0,
                    0.0
                ],
                [
                    0.0,
                    30.927732467651367,
                    0.0,
                    0.0
                ]
            ],
            [
                [
                    0.0,
                    0.0,
                    50.0,
                    0.0
                ],
                [
                    0.0,
                    0.0,
                    42.761491775512695,
                    0.0
                ]
            ]
        ],
        [
            [
                [
                    0.0,
                    0.0,
                    6.77276374399662,
                    15.526340676043308
                ],
                [
                    0.0,
                    0.0,
                    7.824126348083524,
                    21.77091857593794
                ]
            ],
            [
                [
                    0.0,
                    0.0,
                    20.52983678883945,
                    9.375
                ],
                [
                    0.0,
                    0.0,
                    20.83754830218622,
                    9.969441069910925
                ]
            ],
            [
                [
                    0.0,
                    0.0,
                    15.499999999937499,
                    9.419233668823626
                ],
                [
                    0.0,
                    0.0,
                    14.220391805925749,
                    21.972579927717618
                ]
            ],
            [
                [
                    0.0,
                    0.0,
                    18.735489845213376,
                    3.125
                ],
                [
                    0.0,
                    0.0,
                    8.783265255391598,
                    3.9081620275974274
                ]
            ],
            [
                [
                    0.0,
                    0.0,
                    17.09024460110772,
                    6.504693113267422
                ],
                [
                    0.0,
                    0.0,
                    14.736189723077333,
                    26.499011039733887
                ]
            ],
            [
                [
                    0.0,
                    0.0,
                    4.049849152565002,
                    24.110833525657654
                ],
                [
                    0.0,
                    0.0,
                    5.127710074186323,
                    20.05802812799812
                ]
            ],
            [
                [
                    0.0,
                    0.0,
                    11.821417013804119,
                    14.894355781376362
                ],
                [
                    0.0,
                    0.0,
                    17.866556279361248,
                    4.669294655323029
                ]
            ],
            [
                [
                    0.0,
                    0.0,
                    15.378868353926059,
                    12.884665608406067
                ],
                [
                    0.0,
                    0.0,
                    19.833592618505165,
                    12.458552735547224
                ]
            ],
            [
                [
                    0.0,
                    0.0,
                    12.71963082998991,
                    14.17287744728683
                ],
                [
                    0.0,
                    0.0,
                    3.187040686607361,
                    10.11108815545837
                ]
            ],
            [
                [
                    0.0,
                    0.0,
                    12.361889101439884,
                    14.210672909628393
                ],
                [
                    0.0,
                    0.0,
                    6.2024500370025635,
                    16.345150266412173
                ]
            ]
        ],
        [
            [
                [
                    0.0,
                    0.0,
                    0.0,
                    23.6299762539516
                ],
                [
                    0.0,
                    0.0,
                    0.0,
                    12.841192208618619
                ]
            ],
            [
                [
                    0.0,
                    0.0,
                    0.0,
                    11.291409847686761
                ],
                [
                    0.0,
                    0.0,
                    0.0,
                    6.438255930150777
                ]
            ],
            [
                [
                    0.0,
                    0.0,
                    0.0,
                    13.218623476996495
