{
    "seed": 147,
    "ports": 4,
    "scenarios": 16,
    "obj": 1805.9625920108551,
    "time": 8.863893985748291,
    "gap": 6.882108274771428e-05,
    "mean_load_per_port": [
        594.9725657701492,
        524.6699247797335,
        227.11992427123883
    ],
    "mean_teu_load_per_port": [
        745.2673312425613,
        11131.982853290441,
        77199.49578200825
    ],
    "mean_load_per_location": [
        [
            [
                [
                    0.0,
                    34.804734230041504,
                    0.0,
                    0.0
                ],
                [
                    0.0,
                    25.0,
                    0.0,
                    0.0
                ]
            ],
            [
                [
                    0.0,
                    0.0,
                    0.0,
                    12.806295297543175
                ],
                [
                    0.0,
                    0.0,
                    0.0,
                    25.0
                ]
            ],
            [
                [
                    0.0,
                    0.0,
                    0.0,
                    32.82879131237662
                ],
                [
                    0.0,
                    0.0,
                    0.0,
                    19.58696375091874
                ]
            ],
            [
                [
                    0.0,
                    0.0,
                    0.0,
                    49.0
                ],
                [
                    0.0,
                    0.0,
                    0.0,
                    47.32738637924194
                ]
            ],
            [
                [
                    0.0,
                    9.16561509668827,
                    0.0,
                    0.0
                ],
                [
                    0.0,
                    43.250139966607094,
                    0.0,
                    0.0
                ]
            ],
            [
                [
                    0.0,
                    0.0,
                    17.763916075229645,
                    0.0
                ],
                [
                    0.0,
                    0.0,
                    50.0,
                    0.0
                ]
            ],
            [
                [
                    0.0,
                    0.0,
                    27.888390600681305,
                    0.0
                ],
                [
                    0.0,
                    0.0,
                    40.37680959701538,
                    0.0
                ]
            ],
            [
                [
                    0.0,
                    0.0,
                    0.0,
                    50.0
                ],
                [
                    0.0,
                    0.0,
                    0.0,
                    25.360858984788294
                ]
            ],
            [
                [
                    0.0,
                    47.241787910461426,
                    0.0,
                    0.0
                ],
                [
                    0.0,
                    2.454851120710373,
                    0.0,
                    0.0
                ]
            ],
            [
                [
                    0.0,
                    0.0,
                    0.0,
                    35.11602544784546
                ],
                [
                    0.0,
                    0.0,
                    0.0,
                    0.0
                ]
            ]
        ],
        [
            [
                [
                    0.0,
                    0.0,
                    17.11722664782443,
                    15.118826263584197
                ],
                [
                    0.0,
                    0.0,
                    17.73889892634095,
                    10.2615117854912
                ]
            ],
            [
                [
                    0.0,
                    0.0,
                    16.09897853407373,
                    12.839445192366838
                ],
                [
                    0.0,
                    0.0,
                    9.75461387594048,
                    16.478256326642704
                ]
            ],
            [
                [
                    0.0,
                    0.0,
                    17.934966264292598,
                    13.626844920594964
                ],
                [
                    0.0,
                    0.0,
                    10.859634572472238,
                    17.331449264172257
                ]
            ],
            [
                [
                    0.0,
                    0.0,
                    12.05687473108992,
                    11.087145906178383
                ],
                [
                    0.0,
                    0.0,
                    17.065691917690707,
                    8.388430871492766
                ]
            ],
            [
                [
                    0.0,
                    0.0,
                    13.766498950620491,
                    13.274166539311409
                ],
                [
                    0.0,
                    0.0,
                    9.497522400289428,
                    15.79980310657993
                ]
            ],
            [
                [
                    0.0,
                    0.0,
                    7.0041410790725696,
                    14.399170275777578
                ],
                [
                    0.0,
                    0.0,
                    10.072835355997086,
                    17.08363067638129
                ]
            ],
            [
                [
                    0.0,
                    0.0,
                    11.930100977420807,
                    14.310691783204675
                ],
                [
                    0.0,
                    0.0,
                    10.657948982310005,
                    13.675991828193059
                ]
            ],
            [
                [
                    0.0,
                    0.0,
                    5.616838438940215,
                    10.72794587529308
                ],
                [
                    0.0,
                    0.0,
                    14.643109634518623,
                    7.892908978275955
                ]
            ],
            [
                [
                    0.0,
                    0.0,
                    12.053369559385795,
                    12.32557087613182
                ],
                [
                    0.0,
                    0.0,
                    10.833853731869315,
                    13.68332133228935
                ]
            ],
            [
                [
                    0.0,
                    0.0,
                    21.408300736453384,
                    12.51647363603115
                ],
                [
                    0.0,
                    0.0,
                    9.821198144985956,
                    17.91573588015222
                ]
            ]
        ],
        [
            [
                [
                    0.0,
                    0.0,
                    0.0,
                    20.227538041884404
                ],
                [
                    0.0,
                    0.0,
                    0.0,
                    14.51646813845451
                ]
            ],
            [
                [
                    0.0,
                    0.0,
                    0.0,
                    10.83469075219729
                ],
                [
                    0.0,
                    0.0,
                    0.0,
                    8.31012885836859
                ]
            ],
            [
                [
                    0.0,
                    0.0,
