{
    "seed": 108,
    "ports": 4,
    "scenarios": 12,
    "obj": 1552.8378846350765,
    "time": 5.312525987625122,
    "gap": 3.31117449306267e-05,
    "mean_load_per_port": [
        481.600976228714,
        471.73534374274436,
        225.7535131901359
    ],
    "mean_teu_load_per_port": [
        665.5085165500641,
        7653.061901692248,
        43828.401103733464
    ],
    "mean_load_per_location": [
        [
            [
                [
                    0.0,
                    23.31984242995577,
                    0.0,
                    0.0
                ],
                [
                    0.0,
                    31.832477569580078,
                    0.0,
                    0.0
                ]
            ],
            [
                [
                    0.0,
                    0.0,
                    39.01390552520752,
                    0.0
                ],
                [
                    0.0,
                    0.0,
                    26.23401853243513,
                    0.0
                ]
            ],
            [
                [
                    0.0,
                    31.889463424682617,
                    0.0,
                    0.0
                ],
                [
                    0.0,
                    6.777963638305664,
                    0.0,
                    0.0
                ]
            ],
            [
                [
                    0.0,
                    0.0,
                    0.0,
                    19.63456964492798
                ],
                [
                    0.0,
                    0.0,
                    0.0,
                    1.8702232837677002
                ]
            ],
            [
                [
                    0.0,
                    0.0,
                    27.178224714597036,
                    0.0
                ],
                [
                    0.0,
                    0.0,
                    16.094341278076172,
                    0.0
                ]
            ],
            [
                [
                    0.0,
                    0.0,
                    0.0,
                    6.992557525634766
                ],
                [
                    0.0,
                    0.0,
                    0.0,
                    44.533671379089355
                ]
            ],
            [
                [
                    0.0,
                    0.0,
                    23.759873688220978,
                    0.0
                ],
                [
                    0.0,
                    0.0,
                    45.1141414642334,
                    0.0
                ]
            ],
            [
                [
                    0.0,
                    0.0,
                    31.976001739501953,
                    0.0
                ],
                [
                    0.0,
                    0.0,
                    10.428098976612091,
                    0.0
                ]
            ],
            [
                [
                    0.0,
                    0.0,
                    0.0,
                    37.54575824737549
                ],
                [
                    0.0,
                    0.0,
                    0.0,
                    40.450385093688965
                ]
            ],
            [
                [
                    0.0,
                    10.430441764990519,
                    0.0,
                    0.0
                ],
                [
                    0.0,
                    6.5250163078308105,
                    0.0,
                    0.0
                ]
            ]
        ],
        [
            [
                [
                    0.0,
                    0.0,
                    13.21705237776041,
                    21.483067910518695
                ],
                [
                    0.0,
                    0.0,
                    8.130991481244564,
                    15.911759465932846
                ]
            ],
            [
                [
                    0.0,
                    0.0,
                    7.952257011685326,
                    15.912047276894251
                ],
                [
                    0.0,
                    0.0,
                    12.986466433288468,
                    18.428788692888
                ]
            ],
            [
                [
                    0.0,
                    0.0,
                    16.583318727711838,
                    6.438363057871659
                ],
                [
                    0.0,
                    0.0,
                    18.979632979879778,
                    7.6822855820258455
                ]
            ],
            [
                [
                    0.0,
                    0.0,
                    6.335147778193156,
                    12.807221152530557
                ],
                [
                    0.0,
                    0.0,
                    7.9907462833254455,
                    19.757534060584614
                ]
            ],
            [
                [
                    0.0,
                    0.0,
                    14.769563729564348,
                    2.0833333333333335
                ],
                [
                    0.0,
                    0.0,
                    11.921578819553057,
                    11.005234211683273
                ]
            ],
            [
                [
                    0.0,
                    0.0,
                    11.285811034341654,
                    8.575669785340628
                ],
                [
                    0.0,
                    0.0,
                    8.818334111586365,
                    18.785095234711964
                ]
            ],
            [
                [
                    0.0,
                    0.0,
                    9.815607197582722,
                    4.6987732003132505
                ],
                [
                    0.0,
                    0.0,
                    17.623426723625705,
                    3.452065279086431
                ]
            ],
            [
                [
                    0.0,
                    0.0,
                    16.03182319800059,
                    10.8977024157842
                ],
                [
                    0.0,
                    0.0,
                    7.740850718267088,
                    9.57848403106133
                ]
            ],
            [
                [
                    0.0,
                    0.0,
                    13.08862715959549,
                    7.894077827533086
                ],
                [
                    0.0,
                    0.0,
                    15.105602993123407,
                    12.869700272878012
                ]
            ],
            [
                [
                    0.0,
                    0.0,
                    9.303954665859541,
                    15.67243042588234
                ],
                [
                    0.0,
                    0.0,
                    7.7361172785361605,
                    12.38479982316494
                ]
            ]
        ],
        [
            [
                [
                    0.0,
                    0.0,
                    0.0,
                    22.02769414072148
                ],
                [
                    0.0,
                    0.0,
                    0.0,
                    14.082946282737622
                ]
            ],
            [
                [
                    0.0,
                    0.0,
                    0.0,
                    11.110051545611569
                ],
                [
                    0.0,
                    0.0,
                    0.0,
                    8.679076266624351
                ]
            ],
