{
    "seed": 97,
    "ports": 4,
    "scenarios": 12,
    "obj": 1885.0968656631096,
    "time": 84.03605389595032,
    "gap": 0.0,
    "mean_load_per_port": [
        667.6267631053925,
        517.3986525783698,
        226.2420795861083
    ],
    "mean_teu_load_per_port": [
        904.4050815105438,
        8146.723680103958,
        44105.907296485784
    ],
    "mean_load_per_location": [
        [
            [
                [
                    0.0,
                    0.0,
                    0.0,
                    50.0
                ],
                [
                    0.0,
                    0.0,
                    0.0,
                    33.238128140831414
                ]
            ],
            [
                [
                    0.0,
                    37.83076786994934,
                    0.0,
                    0.0
                ],
                [
                    0.0,
                    35.964179039001465,
                    0.0,
                    0.0
                ]
            ],
            [
                [
                    0.0,
                    0.0,
                    28.977418899536133,
                    0.0
                ],
                [
                    0.0,
                    0.0,
                    50.0,
                    0.0
                ]
            ],
            [
                [
                    0.0,
                    0.0,
                    47.8162956237793,
                    0.0
                ],
                [
                    0.0,
                    0.0,
                    31.977805137634277,
                    0.0
                ]
            ],
            [
                [
                    0.0,
                    0.0,
                    0.0,
                    50.0
                ],
                [
                    0.0,
                    0.0,
                    0.0,
                    25.0
                ]
            ],
            [
                [
                    0.0,
                    39.68808841705322,
                    0.0,
                    0.0
                ],
                [
                    0.0,
                    25.0,
                    0.0,
                    0.0
                ]
            ],
            [
                [
                    0.0,
                    0.0,
                    50.0,
                    0.0
                ],
                [
                    0.0,
                    0.0,
                    50.0,
                    0.0
                ]
            ],
            [
                [
                    0.0,
                    0.0,
                    0.0,
                    19.824183508491096
                ],
                [
                    0.0,
                    0.0,
                    0.0,
                    29.49855625629425
                ]
            ],
            [
                [
                    0.0,
                    10.84100604057312,
                    0.0,
                    0.0
                ],
                [
                    0.0,
                    25.0,
                    0.0,
                    0.0
                ]
            ],
            [
                [
                    0.0,
                    0.0,
                    0.0,
                    26.97033417224884
                ],
                [
                    0.0,
                    0.0,
                    0.0,
                    0.0
                ]
            ]
        ],
        [
            [
                [
                    0.0,
                    0.0,
                    15.195586736003557,
                    13.842275033394495
                ],
                [
                    0.0,
                    0.0,
                    18.11147513430423,
                    22.07847312341134
                ]
            ],
            [
                [
                    0.0,
                    0.0,
                    1.4539191072135658,
                    26.287583438058693
                ],
                [
                    0.0,
                    0.0,
                    9.343500604232153,
                    17.861842110836392
                ]
            ],
            [
                [
                    0.0,
                    0.0,
                    8.361208101030304,
                    21.450890380889177
                ],
                [
                    0.0,
                    0.0,
                    6.455458601315816,
                    10.695665279638975
                ]
            ],
            [
                [
                    0.0,
                    0.0,
                    12.928675351043543,
                    13.306835701068243
                ],
                [
                    0.0,
                    0.0,
                    13.538071386516094,
                    14.654884695923442
                ]
            ],
            [
                [
                    0.0,
                    0.0,
                    2.837738590025238,
                    16.93210592567419
                ],
                [
                    0.0,
                    0.0,
                    11.777886090489844,
                    18.05647853770245
                ]
            ],
            [
                [
                    0.0,
                    0.0,
                    8.097206458449364,
                    13.716106394424983
                ],
                [
                    0.0,
                    0.0,
                    16.342422688431313,
                    8.474011401252065
                ]
            ],
            [
                [
                    0.0,
                    0.0,
                    19.62219102183978,
                    13.92122366477544
                ],
                [
                    0.0,
                    0.0,
                    20.05431728747584,
                    7.267875850200653
                ]
            ],
            [
                [
                    0.0,
                    0.0,
                    13.398031006256739,
                    7.344680666923523
                ],
                [
                    0.0,
                    0.0,
                    9.37604016562303,
                    9.35721900810798
                ]
            ],
            [
                [
                    0.0,
                    0.0,
                    11.499883968557738,
                    7.441871603329976
                ],
                [
                    0.0,
                    0.0,
                    18.656314353148144,
                    7.469089498122533
                ]
            ],
            [
                [
                    0.0,
                    0.0,
                    26.54519548267126,
                    8.676807321608067
                ],
                [
                    0.0,
                    0.0,
                    5.945826234606286,
                    9.021784573793411
                ]
            ]
        ],
        [
            [
                [
                    0.0,
                    0.0,
                    0.0,
                    19.87028882884956
                ],
                [
                    0.0,
                    0.0,
                    0.0,
                    15.625757243185518
                ]
            ],
            [
                [
                    0.0,
                    0.0,
                    0.0,
                    10.31204210892905
                ],
                [
                    0.0,
                    0.0,
                    0.0,
                    9.184014122858354
                ]
            ],
            [
                [
                    0.0,
                    0.0,
                    0.0,
                    17.297022912121143
