{
    "seed": 108,
    "ports": 4,
    "scenarios": 16,
    "obj": 1547.3171018715436,
    "time": 8.43814992904663,
    "gap": 4.2449101216931e-05,
    "mean_load_per_port": [
        481.600976228714,
        472.06405478719506,
        223.54043973552436
    ],
    "mean_teu_load_per_port": [
        665.5085165500641,
        10204.91974399758,
        76637.98639327256
    ],
    "mean_load_per_location": [
        [
            [
                [
                    0.0,
                    0.0,
                    0.0,
                    46.08850508928299
                ],
                [
                    0.0,
                    0.0,
                    0.0,
                    25.0
                ]
            ],
            [
                [
                    0.0,
                    0.0,
                    24.311738967895508,
                    0.0
                ],
                [
                    0.0,
                    0.0,
                    25.0,
                    0.0
                ]
            ],
            [
                [
                    0.0,
                    0.0,
                    0.0,
                    0.0
                ],
                [
                    0.0,
                    0.0,
                    25.611695528030396,
                    0.0
                ]
            ],
            [
                [
                    0.0,
                    34.88215208053589,
                    0.0,
                    0.0
                ],
                [
                    0.0,
                    28.262508153915405,
                    0.0,
                    0.0
                ]
            ],
            [
                [
                    0.0,
                    0.0,
                    7.2723915576934814,
                    0.0
                ],
                [
                    0.0,
                    0.0,
                    33.18919241428375,
                    0.0
                ]
            ],
            [
                [
                    0.0,
                    0.0,
                    0.0,
                    42.84873980283737
                ],
                [
                    0.0,
                    0.0,
                    0.0,
                    37.08992028236389
                ]
            ],
            [
                [
                    0.0,
                    0.0,
                    12.732432687282538,
                    0.0
                ],
                [
                    0.0,
                    0.0,
                    27.729151284694694,
                    0.0
                ]
            ],
            [
                [
                    0.0,
                    0.0,
                    50.0,
                    0.0
                ],
                [
                    0.0,
                    0.0,
                    13.952003479003906,
                    0.0
                ]
            ],
            [
                [
                    0.0,
                    0.0,
                    0.0,
                    0.0
                ],
                [
                    0.0,
                    25.0,
                    0.0,
                    0.0
                ]
            ],
            [
                [
                    0.0,
                    22.56461477279663,
                    0.0,
                    0.0
                ],
                [
                    0.0,
                    0.06593012809753418,
                    0.0,
                    0.0
                ]
            ]
        ],
        [
            [
                [
                    0.0,
                    0.0,
                    15.604601057572287,
                    17.43221089243889
                ],
                [
                    0.0,
                    0.0,
                    11.304176680329205,
                    10.486961676253415
                ]
            ],
            [
                [
                    0.0,
                    0.0,
                    8.627346770837903,
                    17.336084379002862
                ],
                [
                    0.0,
                    0.0,
                    12.829848043620586,
                    13.532960714772344
                ]
            ],
            [
                [
                    0.0,
                    0.0,
                    4.429644366260616,
                    9.05395976407884
                ],
                [
                    0.0,
                    0.0,
                    12.919155849609526,
                    15.366108516461857
                ]
            ],
            [
                [
                    0.0,
                    0.0,
                    6.108374636620283,
                    20.949642158550496
                ],
                [
                    0.0,
                    0.0,
                    7.884751629545705,
                    17.327078642203993
                ]
            ],
            [
                [
                    0.0,
                    0.0,
                    10.502101605296716,
                    14.248428819652931
                ],
                [
                    0.0,
                    0.0,
                    9.282484712198789,
                    21.548101845631813
                ]
            ],
            [
                [
                    0.0,
                    0.0,
                    8.801327423751353,
                    8.940159970774832
                ],
                [
                    0.0,
                    0.0,
                    8.516884062439203,
                    11.346355840563774
                ]
            ],
            [
                [
                    0.0,
                    0.0,
                    13.327129458547219,
                    9.73773117091278
                ],
                [
                    0.0,
                    0.0,
                    15.039201497747914,
                    10.257403895004153
                ]
            ],
            [
                [
                    0.0,
                    0.0,
                    14.824987163805233,
                    5.543880952522159
                ],
                [
                    0.0,
                    0.0,
                    15.997266577003586,
                    4.296716462494809
                ]
            ],
            [
                [
                    0.0,
                    0.0,
                    11.014396386547011,
                    2.674193664477996
                ],
                [
                    0.0,
                    0.0,
                    9.093176033347845,
                    7.176307396031916
                ]
            ],
            [
                [
                    0.0,
                    0.0,
                    20.76942040853057,
                    5.398588323965669
                ],
                [
                    0.0,
                    0.0,
                    25.770413615619088,
                    6.764491722168894
                ]
            ]
        ],
        [
            [
                [
                    0.0,
                    0.0,
                    0.0,
                    20.26247407596751
                ],
                [
                    0.0,
                    0.0,
                    0.0,
                    14.278628284191974
                ]
            ],
            [
                [
                    0.0,
                    0.0,
                    0.0,
                    9.987663573095224
                ],
                [
                    0.0,
                    0.0,
                    0.0,
                    9.280180057361036
                ]
            ],
            [
                [
                    0.0,
                    0.0,
