{
    "seed": 52,
    "ports": 4,
    "scenarios": 28,
    "obj": 1959.8389198356797,
    "time": 45.28278207778931,
    "gap": 0.0008598637070131982,
    "mean_load_per_port": [
        733.7058610916138,
        500.6899439872038,
        220.1190775157739
    ],
    "mean_teu_load_per_port": [
        950.6275105476379,
        18652.225424760345,
        233745.1331359221
    ],
    "mean_load_per_location": [
        [
            [
                [
                    0.0,
                    0.0,
                    48.88269805908203,
                    0.0
                ],
                [
                    0.0,
                    0.0,
                    50.0,
                    0.0
                ]
            ],
            [
                [
                    0.0,
                    27.19758915951184,
                    0.0,
                    0.0
                ],
                [
                    0.0,
                    31.984786033630375,
                    0.0,
                    0.0
                ]
            ],
            [
                [
                    0.0,
                    0.0,
                    0.0,
                    50.0
                ],
                [
                    0.0,
                    0.0,
                    0.0,
                    28.41088342666626
                ]
            ],
            [
                [
                    0.0,
                    0.0,
                    26.854066848754883,
                    0.0
                ],
                [
                    0.0,
                    0.0,
                    25.0,
                    0.0
                ]
            ],
            [
                [
                    0.0,
                    0.0,
                    39.65425109863281,
                    0.0
                ],
                [
                    0.0,
                    0.0,
                    25.0,
                    0.0
                ]
            ],
            [
                [
                    0.0,
                    50.0,
                    0.0,
                    0.0
                ],
                [
                    0.0,
                    33.257052660488405,
                    0.0,
                    0.0
                ]
            ],
            [
                [
                    0.0,
                    32.560213087989254,
                    0.0,
                    0.0
                ],
                [
                    0.0,
                    34.902310371398926,
                    0.0,
                    0.0
                ]
            ],
            [
                [
                    0.0,
                    0.0,
                    0.0,
                    41.22351789474487
                ],
                [
                    0.0,
                    0.0,
                    0.0,
                    50.0
                ]
            ],
            [
                [
                    0.0,
                    0.0,
                    47.94543936292591,
                    0.0
                ],
                [
                    0.0,
                    0.0,
                    38.58147427995739,
                    0.0
                ]
            ],
            [
                [
                    0.0,
                    0.0,
                    0.0,
                    22.97438406944275
                ],
                [
                    0.0,
                    0.0,
                    0.0,
                    29.27719473838806
                ]
            ]
        ],
        [
            [
                [
                    0.0,
                    0.0,
                    21.423510044813156,
                    8.858585170337133
                ],
                [
                    0.0,
                    0.0,
                    21.022787561259978,
                    11.236138661748173
                ]
            ],
            [
                [
                    0.0,
                    0.0,
                    16.727682124309005,
                    12.492075040474086
                ],
                [
                    0.0,
                    0.0,
                    13.090964506642724,
                    12.500211224589675
                ]
            ],
            [
                [
                    0.0,
                    0.0,
                    15.240344940587404,
                    11.949373987076854
                ],
                [
                    0.0,
                    0.0,
                    11.861125871963427,
                    9.93250263828864
                ]
            ],
            [
                [
                    0.0,
                    0.0,
                    8.893925293931256,
                    17.343752750384372
                ],
                [
                    0.0,
                    0.0,
                    9.834917640579599,
                    14.608462544797286
                ]
            ],
            [
                [
                    0.0,
                    0.0,
                    22.23638240001414,
                    7.722914958638804
                ],
                [
                    0.0,
                    0.0,
                    13.325493264411177,
                    11.419821295226527
                ]
            ],
            [
                [
                    0.0,
                    0.0,
                    6.302648155816963,
                    12.68274839882196
                ],
                [
                    0.0,
                    0.0,
                    12.188826065874682,
                    12.699436091522198
                ]
            ],
            [
                [
                    0.0,
                    0.0,
                    8.982751763257008,
                    13.163124357068815
                ],
                [
                    0.0,
                    0.0,
                    8.000336081836078,
                    14.567252198464578
                ]
            ],
            [
                [
                    0.0,
                    0.0,
                    7.754764597330775,
                    11.641185552632066
                ],
                [
                    0.0,
                    0.0,
                    8.15947924387967,
                    21.415299983559656
                ]
            ],
            [
                [
                    0.0,
                    0.0,
                    9.927094181538454,
                    8.803089775145054
                ],
                [
                    0.0,
                    0.0,
                    9.746605240726865,
                    15.42737243496741
                ]
            ],
            [
                [
                    0.0,
                    0.0,
                    8.236244788616322,
                    13.148457332574152
                ],
                [
                    0.0,
                    0.0,
                    9.904483964382775,
                    16.21777185911494
                ]
            ]
        ],
        [
            [
                [
                    0.0,
                    0.0,
                    0.0,
                    20.167478161331324
                ],
                [
                    0.0,
                    0.0,
                    0.0,
                    14.174726378605943
                ]
            ],
            [
                [
                    0.0,
                    0.0,
                    0.0,
                    11.439780349611722
                ],
                [
                    0.0,
                    0.0,
                    0.0,
                    6.255910278105291
                ]
            ],
            [
                [
                    0.0,
                    0.0,
