{
    "seed": 213,
    "ports": 4,
    "scenarios": 16,
    "obj": 1917.8074804014127,
    "time": 156.38472700119019,
    "gap": 0.0,
    "mean_load_per_port": [
        728.7855023145676,
        474.8089967786175,
        228.19212328466293
    ],
    "mean_teu_load_per_port": [
        929.4422011375427,
        10247.535147046628,
        78153.94012779332
    ],
    "mean_load_per_location": [
        [
            [
                [
                    0.0,
                    0.0,
                    47.65685510635376,
                    0.0
                ],
                [
                    0.0,
                    0.0,
                    35.731821060180664,
                    0.0
                ]
            ],
            [
                [
                    0.0,
                    25.0,
                    0.0,
                    0.0
                ],
                [
                    0.0,
                    50.0,
                    0.0,
                    0.0
                ]
            ],
            [
                [
                    0.0,
                    0.0,
                    13.080224692154758,
                    0.0
                ],
                [
                    0.0,
                    0.0,
                    9.200482368469238,
                    0.0
                ]
            ],
            [
                [
                    0.0,
                    0.0,
                    0.0,
                    25.0
                ],
                [
                    0.0,
                    0.0,
                    0.0,
                    30.06135368347168
                ]
            ],
            [
                [
                    0.0,
                    0.0,
                    0.0,
                    49.0
                ],
                [
                    0.0,
                    0.0,
                    0.0,
                    43.7802529335022
                ]
            ],
            [
                [
                    0.0,
                    0.0,
                    0.0,
                    50.0
                ],
                [
                    0.0,
                    0.0,
                    0.0,
                    36.418302059173584
                ]
            ],
            [
                [
                    0.0,
                    0.0,
                    47.31524458560902,
                    0.0
                ],
                [
                    0.0,
                    0.0,
                    26.882281691169325,
                    0.0
                ]
            ],
            [
                [
                    0.0,
                    42.16389465332031,
                    0.0,
                    0.0
                ],
                [
                    0.0,
                    50.0,
                    0.0,
                    0.0
                ]
            ],
            [
                [
                    0.0,
                    50.0,
                    0.0,
                    0.0
                ],
                [
                    0.0,
                    34.334389090538025,
                    0.0,
                    0.0
                ]
            ],
            [
                [
                    0.0,
                    0.0,
                    25.0,
                    0.0
                ],
                [
                    0.0,
                    0.0,
                    38.160400390625,
                    0.0
                ]
            ]
        ],
        [
            [
                [
                    0.0,
                    0.0,
                    10.902233999191267,
                    17.67086116983267
                ],
                [
                    0.0,
                    0.0,
                    9.605681452075412,
                    20.89845623448491
                ]
            ],
            [
                [
                    0.0,
                    0.0,
                    12.765326081167636,
                    16.052697400562465
                ],
                [
                    0.0,
                    0.0,
                    4.416933000087738,
                    17.11568246849135
                ]
            ],
            [
                [
                    0.0,
                    0.0,
                    6.254301435832986,
                    17.4467089175553
                ],
                [
                    0.0,
                    0.0,
                    3.8043187271570233,
                    16.457695984783527
                ]
            ],
            [
                [
                    0.0,
                    0.0,
                    9.02720663510263,
                    10.679662466918018
                ],
                [
                    0.0,
                    0.0,
                    11.493465066605221,
                    15.916117841732934
                ]
            ],
            [
                [
                    0.0,
                    0.0,
                    17.075275010429323,
                    10.281146816855358
                ],
                [
                    0.0,
                    0.0,
                    16.84288996021651,
                    12.033907316314677
                ]
            ],
            [
                [
                    0.0,
                    0.0,
                    11.674804594678184,
                    6.7280848529189825
                ],
                [
                    0.0,
                    0.0,
                    18.30132209509611,
                    7.391845524311066
                ]
            ],
            [
                [
                    0.0,
                    0.0,
                    8.74955110438168,
                    8.422928143292665
                ],
                [
                    0.0,
                    0.0,
                    13.995349334863324,
                    13.44021388325557
                ]
            ],
            [
                [
                    0.0,
                    0.0,
                    14.688275869904501,
                    8.256291776958022
                ],
                [
                    0.0,
                    0.0,
                    18.51659777074452,
                    7.030221463181078
                ]
            ],
            [
                [
                    0.0,
                    0.0,
                    8.043290872064318,
                    10.32665084861219
                ],
                [
                    0.0,
                    0.0,
                    7.624244310582677,
                    9.137957367018688
                ]
            ],
            [
                [
                    0.0,
                    0.0,
                    16.000078033655882,
                    7.959582001024796
                ],
                [
                    0.0,
                    0.0,
                    17.625191728648144,
                    4.155947218028208
                ]
            ]
        ],
        [
            [
                [
                    0.0,
                    0.0,
                    0.0,
                    21.060225827430102
                ],
                [
                    0.0,
                    0.0,
                    0.0,
                    14.306469605997865
                ]
            ],
            [
                [
                    0.0,
                    0.0,
                    0.0,
                    10.844597708275877
                ],
                [
                    0.0,
                    0.0,
                    0.0,
                    8.754398021941642
                ]
            ],
            [
                [
                    0.0,
                    0.0,
                    0.0,
