{
    "seed": 295,
    "ports": 4,
    "scenarios": 8,
    "obj": 1759.6008833353867,
    "time": 2.0735151767730713,
    "gap": 0.000379713285770557,
    "mean_load_per_port": [
        557.7721061706543,
        569.3742408588032,
        235.88582012022252
    ],
    "mean_teu_load_per_port": [
        735.3940327167511,
        6083.665516364177,
        19944.849009188172
    ],
    "mean_load_per_location": [
        [
            [
                [
                    0.0,
                    0.0,
                    30.263015747070312,
                    0.0
                ],
                [
                    0.0,
                    0.0,
                    39.069825172424316,
                    0.0
                ]
            ],
            [
                [
                    0.0,
                    0.0,
                    0.0,
                    20.110185623168945
                ],
                [
                    0.0,
                    0.0,
                    0.0,
                    50.0
                ]
            ],
            [
                [
                    0.0,
                    0.0,
                    25.0,
                    0.0
                ],
                [
                    0.0,
                    0.0,
                    26.045173978805558,
                    0.0
                ]
            ],
            [
                [
                    0.0,
                    0.0,
                    0.0,
                    28.803151845932007
                ],
                [
                    0.0,
                    0.0,
                    0.0,
                    0.0
                ]
            ],
            [
                [
                    0.0,
                    31.23967630863189,
                    0.0,
                    0.0
                ],
                [
                    0.0,
                    25.29610974788665,
                    0.0,
                    0.0
                ]
            ],
            [
                [
                    0.0,
                    0.0,
                    0.0,
                    26.36485195159912
                ],
                [
                    0.0,
                    0.0,
                    0.0,
                    47.66290855407715
                ]
            ],
            [
                [
                    0.0,
                    43.51260440349579,
                    0.0,
                    0.0
                ],
                [
                    0.0,
                    13.37472217082978,
                    0.0,
                    0.0
                ]
            ],
            [
                [
                    0.0,
                    0.0,
                    32.555699968338,
                    0.0
                ],
                [
                    0.0,
                    0.0,
                    50.0,
                    0.0
                ]
            ],
            [
                [
                    0.0,
                    0.0,
                    0.0,
                    0.6222786903381348
                ],
                [
                    0.0,
                    0.0,
                    0.0,
                    5.29135274887085
                ]
            ],
            [
                [
                    0.0,
                    50.0,
                    0.0,
                    0.0
                ],
                [
                    0.0,
                    12.560549259185791,
                    0.0,
                    0.0
                ]
            ]
        ],
        [
            [
                [
                    0.0,
                    0.0,
                    21.64081037044525,
                    11.153959468007088
                ],
                [
                    0.0,
                    0.0,
                    12.191531777381897,
                    10.554524008253432
                ]
            ],
            [
                [
                    0.0,
                    0.0,
                    4.49649715423584,
                    18.729185661549366
                ],
                [
                    0.0,
                    0.0,
                    1.4108033552765846,
                    17.44259910285473
                ]
            ],
            [
                [
                    0.0,
                    0.0,
                    7.951417922973633,
                    23.14253407716751
                ],
                [
                    0.0,
                    0.0,
                    9.009342916309834,
                    22.390635952353477
                ]
            ],
            [
                [
                    0.0,
                    0.0,
                    15.43489021807909,
                    14.226793363690376
                ],
                [
                    0.0,
                    0.0,
                    16.384682929664855,
                    16.952602211385965
                ]
            ],
            [
                [
                    0.0,
                    0.0,
                    8.15932760414926,
                    19.631412237882614
                ],
                [
                    0.0,
                    0.0,
                    12.25044905513525,
                    21.70152623206377
                ]
            ],
            [
                [
                    0.0,
                    0.0,
                    10.609388530254364,
                    21.07885110423169
                ],
                [
                    0.0,
                    0.0,
                    17.032223721119514,
                    17.244702244699003
                ]
            ],
            [
                [
                    0.0,
                    0.0,
                    10.633766455575824,
                    9.05595157134036
                ],
                [
                    0.0,
                    0.0,
                    25.47942467033863,
                    9.869001928220197
                ]
            ],
            [
                [
                    0.0,
                    0.0,
                    14.670907179713245,
                    0.7370395064353943
                ],
                [
                    0.0,
                    0.0,
                    32.863910202980044,
                    1.946458828985952
                ]
            ],
            [
                [
                    0.0,
                    0.0,
                    14.591029420495033,
                    20.434921823441982
                ],
                [
                    0.0,
                    0.0,
                    6.730875536799431,
                    13.713956274530641
                ]
            ],
            [
                [
                    0.0,
                    0.0,
                    21.559009300693866,
                    8.543203175067902
                ],
                [
                    0.0,
                    0.0,
                    9.851429268717766,
                    17.872664496302605
                ]
            ]
        ],
        [
            [
                [
                    0.0,
                    0.0,
                    0.0,
                    21.563112135537146
                ],
                [
                    0.0,
                    0.0,
                    0.0,
                    15.870801561428566
                ]
            ],
            [
                [
                    0.0,
                    0.0,
                    0.0,
                    10.898766117489412
                ],
                [
                    0.0,
                    0.0,
                    0.0,
                    9.285105579627231
                ]
            ],
            [
                [
                    0.0,
