{
    "seed": 273,
    "ports": 4,
    "scenarios": 4,
    "obj": 1707.3412729662246,
    "time": 0.742840051651001,
    "gap": 0.0,
    "mean_load_per_port": [
        636.268129825592,
        474.79466183114437,
        261.0978746763126
    ],
    "mean_teu_load_per_port": [
        853.3685216903687,
        2568.6585783337987,
        5392.509425461337
    ],
    "mean_load_per_location": [
        [
            [
                [
                    0.0,
                    0.0,
                    0.0,
                    42.13505220413208
                ],
                [
                    0.0,
                    0.0,
                    0.0,
                    32.8619287610054
                ]
            ],
            [
                [
                    0.0,
                    25.0,
                    0.0,
                    0.0
                ],
                [
                    0.0,
                    48.620707511901855,
                    0.0,
                    0.0
                ]
            ],
            [
                [
                    0.0,
                    25.0,
                    0.0,
                    0.0
                ],
                [
                    0.0,
                    2.3603658676147354,
                    0.0,
                    0.0
                ]
            ],
            [
                [
                    0.0,
                    26.95636558532715,
                    0.0,
                    0.0
                ],
                [
                    0.0,
                    31.189351081848145,
                    0.0,
                    0.0
                ]
            ],
            [
                [
                    0.0,
                    0.0,
                    0.0,
                    5.806271851062775
                ],
                [
                    0.0,
                    0.0,
                    0.0,
                    25.0
                ]
            ],
            [
                [
                    0.0,
                    0.0,
                    50.0,
                    0.0
                ],
                [
                    0.0,
                    0.0,
                    50.0,
                    0.0
                ]
            ],
            [
                [
                    0.0,
                    0.0,
                    18.210127115249634,
                    0.0
                ],
                [
                    0.0,
                    0.0,
                    13.3892240524292,
                    0.0
                ]
            ],
            [
                [
                    0.0,
                    40.334285736083984,
                    0.0,
                    0.0
                ],
                [
                    0.0,
                    40.33741760253908,
                    0.0,
                    0.0
                ]
            ],
            [
                [
                    0.0,
                    0.0,
                    35.16738319396973,
                    0.0
                ],
                [
                    0.0,
                    0.0,
                    34.080097913742065,
                    0.0
                ]
            ],
            [
                [
                    0.0,
                    0.0,
                    0.0,
                    49.0
                ],
                [
                    0.0,
                    0.0,
                    0.0,
                    40.81955134868622
                ]
            ]
        ],
        [
            [
                [
                    0.0,
                    0.0,
                    15.072493772019593,
                    19.411417856812477
                ],
                [
                    0.0,
                    0.0,
                    12.75,
                    11.97743746638298
                ]
            ],
            [
                [
                    0.0,
                    0.0,
                    6.334096153269561,
                    7.214498415589333
                ],
                [
                    0.0,
                    0.0,
                    8.119655698537827,
                    11.85670280456543
                ]
            ],
            [
                [
                    0.0,
                    0.0,
                    13.940952094254776,
                    12.5
                ],
                [
                    0.0,
                    0.0,
                    12.5,
                    15.901962041854858
                ]
            ],
            [
                [
                    0.0,
                    0.0,
                    15.826229969045226,
                    12.5
                ],
                [
                    0.0,
                    0.0,
                    10.174974002621402,
                    11.436185672879219
                ]
            ],
            [
                [
                    0.0,
                    0.0,
                    6.9564114063978195,
                    7.977902054786682
                ],
                [
                    0.0,
                    0.0,
                    6.270956814289093,
                    12.313638427785339
                ]
            ],
            [
                [
                    0.0,
                    0.0,
                    31.950619052384646,
                    10.157587885856628
                ],
                [
                    0.0,
                    0.0,
                    12.118656575679779,
                    13.092860698699951
                ]
            ],
            [
                [
                    0.0,
                    0.0,
                    13.546747088432312,
                    0.0
                ],
                [
                    0.0,
                    0.0,
                    14.524995489553985,
                    0.0
                ]
            ],
            [
                [
                    0.0,
                    0.0,
                    17.8252446695821,
                    12.5
                ],
                [
                    0.0,
                    0.0,
                    11.521399249102325,
                    11.991281688213348
                ]
            ],
            [
                [
                    0.0,
                    0.0,
                    6.80635996628836,
                    18.019165596434174
                ],
                [
                    0.0,
                    0.0,
                    3.37648469209671,
                    12.5
                ]
            ],
            [
                [
                    0.0,
                    0.0,
                    6.83666044381366,
                    25.24161858856678
                ],
                [
                    0.0,
                    0.0,
                    8.380775332450867,
                    13.36869016289711
                ]
            ]
        ],
        [
            [
                [
                    0.0,
                    0.0,
                    0.0,
                    24.275014848448336
                ],
                [
                    0.0,
                    0.0,
                    0.0,
                    34.71592665024296
                ]
            ],
            [
                [
                    0.0,
                    0.0,
                    0.0,
                    0.742696663364768
                ],
                [
                    0.0,
                    0.0,
                    0.0,
                    1.7572556577808736
                ]
            ],
            [
                [
                    0.0,
                    0.0,
                    0.0,
                    15.177857692518394
                ],
                [
                    0.0,
