{
    "seed": 52,
    "ports": 4,
    "scenarios": 4,
    "obj": 1988.7231864819246,
    "time": 0.820810079574585,
    "gap": 0.0,
    "mean_load_per_port": [
        733.7058610916138,
        487.04418399575115,
        236.54948630638947
    ],
    "mean_teu_load_per_port": [
        950.6275105476379,
        2521.225232095938,
        5179.984757355565
    ],
    "mean_load_per_location": [
        [
            [
                [
                    0.0,
                    0.0,
                    50.0,
                    0.0
                ],
                [
                    0.0,
                    0.0,
                    50.0,
                    0.0
                ]
            ],
            [
                [
                    0.0,
                    0.0,
                    31.123619079589844,
                    0.0
                ],
                [
                    0.0,
                    0.0,
                    42.30117988586426,
                    0.0
                ]
            ],
            [
                [
                    0.0,
                    0.0,
                    0.0,
                    27.579282760620117
                ],
                [
                    0.0,
                    0.0,
                    0.0,
                    44.63440132141113
                ]
            ],
            [
                [
                    0.0,
                    0.0,
                    50.0,
                    0.0
                ],
                [
                    0.0,
                    0.0,
                    35.45496368408203,
                    0.0
                ]
            ],
            [
                [
                    0.0,
                    50.0,
                    0.0,
                    0.0
                ],
                [
                    0.0,
                    47.97150158882141,
                    0.0,
                    0.0
                ]
            ],
            [
                [
                    0.0,
                    0.0,
                    0.0,
                    27.28147554397583
                ],
                [
                    0.0,
                    0.0,
                    0.0,
                    22.390820503234863
                ]
            ],
            [
                [
                    0.0,
                    0.0,
                    28.437652111053467,
                    0.0
                ],
                [
                    0.0,
                    0.0,
                    14.600514888763428,
                    0.0
                ]
            ],
            [
                [
                    0.0,
                    26.496520280838013,
                    0.0,
                    0.0
                ],
                [
                    0.0,
                    16.347880840301514,
                    0.0,
                    0.0
                ]
            ],
            [
                [
                    0.0,
                    0.0,
                    0.0,
                    50.0
                ],
                [
                    0.0,
                    0.0,
                    0.0,
                    50.0
                ]
            ],
            [
                [
                    0.0,
                    33.06172013282776,
                    0.0,
                    0.0
                ],
                [
                    0.0,
                    36.0243284702301,
                    0.0,
                    0.0
                ]
            ]
        ],
        [
            [
                [
                    0.0,
                    0.0,
                    25.94121840596199,
                    12.5
                ],
                [
                    0.0,
                    0.0,
                    31.476117196471687,
                    0.3436723053455353
                ]
            ],
            [
                [
                    0.0,
                    0.0,
                    10.323847897350792,
                    20.00784841370345
                ],
                [
                    0.0,
                    0.0,
                    2.077589988708496,
                    3.0312933921813965
                ]
            ],
            [
                [
                    0.0,
                    0.0,
                    6.4256496131420135,
                    14.782602459192276
                ],
                [
                    0.0,
                    0.0,
                    18.055678203701294,
                    24.155237389686103
                ]
            ],
            [
                [
                    0.0,
                    0.0,
                    11.738390505314552,
                    7.043542616069317
                ],
                [
                    0.0,
                    0.0,
                    34.52265810966492,
                    6.980190634727478
                ]
            ],
            [
                [
                    0.0,
                    0.0,
                    0.10891765355995986,
                    10.252401351928711
                ],
                [
                    0.0,
                    0.0,
                    9.44249153137207,
                    29.925619781017303
                ]
            ],
            [
                [
                    0.0,
                    0.0,
                    15.353142119944096,
                    10.494659520686348
                ],
                [
                    0.0,
                    0.0,
                    12.364903688430786,
                    19.631072849035263
                ]
            ],
            [
                [
                    0.0,
                    0.0,
                    8.145593635738233,
                    5.6952089667306725
                ],
                [
                    0.0,
                    0.0,
                    0.03766735756070905,
                    4.590968608856201
                ]
            ],
            [
                [
                    0.0,
                    0.0,
                    14.302248643753535,
                    20.828762084246357
                ],
                [
                    0.0,
                    0.0,
                    1.7723864223384798,
                    18.75
                ]
            ],
            [
                [
                    0.0,
                    0.0,
                    18.65968034416437,
                    12.0
                ],
                [
                    0.0,
                    0.0,
                    9.90770149230957,
                    4.119079619646072
                ]
            ],
            [
                [
                    0.0,
                    0.0,
                    10.15583549439907,
                    5.215335093438625
                ],
                [
                    0.0,
                    0.0,
                    0.0,
                    15.884970605373383
                ]
            ]
        ],
        [
            [
                [
                    0.0,
                    0.0,
                    0.0,
                    29.206359976585826
                ],
                [
                    0.0,
                    0.0,
                    0.0,
                    18.706795252051407
                ]
            ],
            [
                [
                    0.0,
                    0.0,
                    0.0,
                    3.489751396086199
                ],
                [
                    0.0,
                    0.0,
                    0.0,
                    0.9434094783676628
                ]
            ],
            [
                [
                    0.0,
                    0.0,
                    0.0,
                    12.912408397235241
