{
    "seed": 63,
    "ports": 4,
    "scenarios": 24,
    "obj": 1546.780613056003,
    "time": 29.208019018173218,
    "gap": 0.0,
    "mean_load_per_port": [
        485.6066451072693,
        507.94484586155403,
        224.38174697704133
    ],
    "mean_teu_load_per_port": [
        651.2808218002319,
        16046.527340455023,
        173443.9461555104
    ],
    "mean_load_per_location": [
        [
            [
                [
                    0.0,
                    38.140249371528625,
                    0.0,
                    0.0
                ],
                [
                    0.0,
                    46.5684130191803,
                    0.0,
                    0.0
                ]
            ],
            [
                [
                    0.0,
                    0.0,
                    35.6929988861084,
                    0.0
                ],
                [
                    0.0,
                    0.0,
                    1.0,
                    0.0
                ]
            ],
            [
                [
                    0.0,
                    0.0,
                    0.0,
                    31.754445830980906
                ],
                [
                    0.0,
                    0.0,
                    0.0,
                    12.674978812535635
                ]
            ],
            [
                [
                    0.0,
                    0.0,
                    42.62983322143555,
                    0.0
                ],
                [
                    0.0,
                    0.0,
                    34.342403411865234,
                    0.0
                ]
            ],
            [
                [
                    0.0,
                    0.0,
                    17.658649444580078,
                    0.0
                ],
                [
                    0.0,
                    0.0,
                    0.0,
                    0.0
                ]
            ],
            [
                [
                    0.0,
                    0.0,
                    0.0,
                    45.346914410591125
                ],
                [
                    0.0,
                    0.0,
                    0.0,
                    26.054746866226196
                ]
            ],
            [
                [
                    0.0,
                    0.0,
                    25.0,
                    0.0
                ],
                [
                    0.0,
                    0.0,
                    25.0,
                    0.0
                ]
            ],
            [
                [
                    0.0,
                    29.980669856071472,
                    0.0,
                    0.0
                ],
                [
                    0.0,
                    40.47943305969238,
                    0.0,
                    0.0
                ]
            ],
            [
                [
                    0.0,
                    0.0,
                    9.028583526611328,
                    0.0
                ],
                [
                    0.0,
                    0.0,
                    3.5604591369628906,
                    0.0
                ]
            ],
            [
                [
                    0.0,
                    0.0,
                    0.0,
                    4.484635829925537
                ],
                [
                    0.0,
                    0.0,
                    0.0,
                    16.209230422973633
                ]
            ]
        ],
        [
            [
                [
                    0.0,
                    0.0,
                    16.73062886671575,
                    14.184581461464711
                ],
                [
                    0.0,
                    0.0,
                    16.56360112014971,
                    14.208066093413876
                ]
            ],
            [
                [
                    0.0,
                    0.0,
                    23.368312286154474,
                    10.497926394144693
                ],
                [
                    0.0,
                    0.0,
                    15.039099422018163,
                    10.534997818448774
                ]
            ],
            [
                [
                    0.0,
                    0.0,
                    11.16680140296618,
                    9.91074632294476
                ],
                [
                    0.0,
                    0.0,
                    12.288222132120339,
                    12.761420702412602
                ]
            ],
            [
                [
                    0.0,
                    0.0,
                    11.975443387216757,
                    7.374633890246698
                ],
                [
                    0.0,
                    0.0,
                    11.588074812269687,
                    14.6390500326688
                ]
            ],
            [
                [
                    0.0,
                    0.0,
                    16.179869650787783,
                    11.115543365141086
                ],
                [
                    0.0,
                    0.0,
                    21.50464216278836,
                    11.195303140829006
                ]
            ],
            [
                [
                    0.0,
                    0.0,
                    10.881096189162177,
                    12.610236539032968
                ],
                [
                    0.0,
                    0.0,
                    6.649492541948955,
                    15.179273966699839
                ]
            ],
            [
                [
                    0.0,
                    0.0,
                    18.380992218910613,
                    8.455145661128475
                ],
                [
                    0.0,
                    0.0,
                    12.681915351018972,
                    9.135750909646353
                ]
            ],
            [
                [
                    0.0,
                    0.0,
                    9.606275666272081,
                    19.539437012837375
                ],
                [
                    0.0,
                    0.0,
                    2.5524000487596648,
                    18.47208554625508
                ]
            ],
            [
                [
                    0.0,
                    0.0,
                    12.130749218457831,
                    10.568787428052543
                ],
                [
                    0.0,
                    0.0,
                    11.369059588829757,
                    9.397129955485136
                ]
            ],
            [
                [
                    0.0,
                    0.0,
                    10.849651393667926,
                    15.372560958067575
                ],
                [
                    0.0,
                    0.0,
                    12.38481363966811,
                    8.901027562750444
                ]
            ]
        ],
        [
            [
                [
                    0.0,
                    0.0,
                    0.0,
                    21.066073351018463
                ],
                [
                    0.0,
                    0.0,
                    0.0,
                    14.467334819859015
                ]
            ],
            [
                [
                    0.0,
                    0.0,
                    0.0,
                    10.523038370359767
                ],
                [
                    0.0,
                    0.0,
                    0.0,
                    7.10385490737121
                ]
            ],
            [
                [
                    0.0,
