{
    "seed": 232,
    "ports": 4,
    "scenarios": 12,
    "obj": 1736.111435903401,
    "time": 5.544236898422241,
    "gap": 0.0,
    "mean_load_per_port": [
        604.7184337377548,
        474.25773331983464,
        232.90704064208512
    ],
    "mean_teu_load_per_port": [
        765.9343158006668,
        7712.388343549464,
        44274.7463658858
    ],
    "mean_load_per_location": [
        [
            [
                [
                    0.0,
                    47.27706226706505,
                    0.0,
                    0.0
                ],
                [
                    0.0,
                    35.08586359024048,
                    0.0,
                    0.0
                ]
            ],
            [
                [
                    0.0,
                    22.469093084335327,
                    0.0,
                    0.0
                ],
                [
                    0.0,
                    46.34758949279785,
                    0.0,
                    0.0
                ]
            ],
            [
                [
                    0.0,
                    0.0,
                    25.0,
                    0.0
                ],
                [
                    0.0,
                    0.0,
                    12.855142951011658,
                    0.0
                ]
            ],
            [
                [
                    0.0,
                    0.0,
                    0.0,
                    0.0
                ],
                [
                    0.0,
                    19.304601729416166,
                    0.0,
                    0.0
                ]
            ],
            [
                [
                    0.0,
                    0.0,
                    0.0,
                    26.273723125457764
                ],
                [
                    0.0,
                    0.0,
                    0.0,
                    25.0
                ]
            ],
            [
                [
                    0.0,
                    0.0,
                    0.0,
                    49.31228685329029
                ],
                [
                    0.0,
                    0.0,
                    0.0,
                    50.000000001
                ]
            ],
            [
                [
                    0.0,
                    1.867321580148424,
                    0.0,
                    0.0
                ],
                [
                    0.0,
                    50.0,
                    0.0,
                    0.0
                ]
            ],
            [
                [
                    0.0,
                    0.0,
                    41.90046453475952,
                    0.0
                ],
                [
                    0.0,
                    0.0,
                    48.50376796722412,
                    0.0
                ]
            ],
            [
                [
                    0.0,
                    0.0,
                    0.0,
                    34.57426428794861
                ],
                [
                    0.0,
                    0.0,
                    0.0,
                    0.46864509532519705
                ]
            ],
            [
                [
                    0.0,
                    0.0,
                    0.0,
                    50.0
                ],
                [
                    0.0,
                    0.0,
                    0.0,
                    18.478607177734375
                ]
            ]
        ],
        [
            [
                [
                    0.0,
                    0.0,
                    23.923735173294943,
                    12.233481298015343
                ],
                [
                    0.0,
                    0.0,
                    12.90528721580614,
                    9.465363801210819
                ]
            ],
            [
                [
                    0.0,
                    0.0,
                    13.969100928637383,
                    8.083506981531778
                ],
                [
                    0.0,
                    0.0,
                    12.792519134488986,
                    14.184977276600677
                ]
            ],
            [
                [
                    0.0,
                    0.0,
                    7.965564092000325,
                    19.10417814925313
                ],
                [
                    0.0,
                    0.0,
                    9.705959210793177,
                    9.212839040905237
                ]
            ],
            [
                [
                    0.0,
                    0.0,
                    15.634509100268284,
                    13.013808461527029
                ],
                [
                    0.0,
                    0.0,
                    8.7019320727228,
                    19.161147658856937
                ]
            ],
            [
                [
                    0.0,
                    0.0,
                    4.846297780672709,
                    10.961262467006842
                ],
                [
                    0.0,
                    0.0,
                    16.28756955692128,
                    19.328074001045362
                ]
            ],
            [
                [
                    0.0,
                    0.0,
                    10.1919631883502,
                    11.951826268186167
                ],
                [
                    0.0,
                    0.0,
                    14.036631872256597,
                    10.706928525120025
                ]
            ],
            [
                [
                    0.0,
                    0.0,
                    3.5781355102856955,
                    11.809430877367655
                ],
                [
                    0.0,
                    0.0,
                    7.4531636734803515,
                    12.461052576700846
                ]
            ],
            [
                [
                    0.0,
                    0.0,
                    14.437268992265066,
                    12.086556339760621
                ],
                [
                    0.0,
                    0.0,
                    9.670116116728215,
                    10.634916664163272
                ]
            ],
            [
                [
                    0.0,
                    0.0,
                    17.596785646677017,
                    6.793631116549174
                ],
                [
                    0.0,
                    0.0,
                    11.561499179013538,
                    2.0833333333333335
                ]
            ],
            [
                [
                    0.0,
                    0.0,
                    13.180936417231957,
                    8.186153044344925
                ],
                [
                    0.0,
                    0.0,
                    15.92448370417244,
                    8.431806872288385
                ]
            ]
        ],
        [
            [
                [
                    0.0,
                    0.0,
                    0.0,
                    20.12582580386461
                ],
                [
                    0.0,
                    0.0,
                    0.0,
                    16.511163271188714
                ]
            ],
            [
                [
                    0.0,
                    0.0,
                    0.0,
                    11.2334252622738
                ],
                [
                    0.0,
                    0.0,
                    0.0,
                    8.003388430414134
                ]
            ],
            [
                [
                    0.0,
                    0.0,
