{
    "seed": 477,
    "ports": 4,
    "scenarios": 8,
    "obj": 1843.3521638678103,
    "time": 2.512127161026001,
    "gap": 0.0,
    "mean_load_per_port": [
        646.2103999853134,
        535.9011233076081,
        224.1905668933587
    ],
    "mean_teu_load_per_port": [
        799.66517329216,
        5719.52124564245,
        19451.199014042
    ],
    "mean_load_per_location": [
        [
            [
                [
                    0.0,
                    0.0,
                    0.0,
                    38.889018058776855
                ],
                [
                    0.0,
                    0.0,
                    0.0,
                    50.0
                ]
            ],
            [
                [
                    0.0,
                    0.0,
                    0.0,
                    22.6635819375515
                ],
                [
                    0.0,
                    0.0,
                    0.0,
                    50.0
                ]
            ],
            [
                [
                    0.0,
                    0.0,
                    0.0,
                    2.1541285514831543
                ],
                [
                    0.0,
                    0.0,
                    0.0,
                    29.750104904174805
                ]
            ],
            [
                [
                    0.0,
                    0.0,
                    33.30674910545349,
                    0.0
                ],
                [
                    0.0,
                    0.0,
                    50.0,
                    0.0
                ]
            ],
            [
                [
                    0.0,
                    30.7288236618042,
                    0.0,
                    0.0
                ],
                [
                    0.0,
                    42.5924072265625,
                    0.0,
                    0.0
                ]
            ],
            [
                [
                    0.0,
                    2.9267728328704834,
                    0.0,
                    0.0
                ],
                [
                    0.0,
                    18.78195571899414,
                    0.0,
                    0.0
                ]
            ],
            [
                [
                    0.0,
                    50.0,
                    0.0,
                    0.0
                ],
                [
                    0.0,
                    38.546234130859375,
                    0.0,
                    0.0
                ]
            ],
            [
                [
                    0.0,
                    0.0,
                    0.0,
                    50.0
                ],
                [
                    0.0,
                    0.0,
                    0.0,
                    11.474950700998306
                ]
            ],
            [
                [
                    0.0,
                    0.0,
                    17.15829885005951,
                    0.0
                ],
                [
                    0.0,
                    0.0,
                    31.0423641204834,
                    0.0
                ]
            ],
            [
                [
                    0.0,
                    32.65608501434326,
                    0.0,
                    0.0
                ],
                [
                    0.0,
                    43.53892517089844,
                    0.0,
                    0.0
                ]
            ]
        ],
        [
            [
                [
                    0.0,
                    0.0,
                    20.030345030128956,
                    16.385204182844088
                ],
                [
                    0.0,
                    0.0,
                    9.571523211151364,
                    16.828163757920265
                ]
            ],
            [
                [
                    0.0,
                    0.0,
                    14.961077693849802,
                    17.56949782371521
                ],
                [
                    0.0,
                    0.0,
                    9.760407119989395,
                    7.837014084775522
                ]
            ],
            [
                [
                    0.0,
                    0.0,
                    8.206884596309514,
                    13.241186700761318
                ],
                [
                    0.0,
                    0.0,
                    16.902505477984025,
                    13.75203613191843
                ]
            ],
            [
                [
                    0.0,
                    0.0,
                    3.826565206050873,
                    29.952803920954466
                ],
                [
                    0.0,
                    0.0,
                    8.30046298923023,
                    21.18230181618288
                ]
            ],
            [
                [
                    0.0,
                    0.0,
                    18.32453116774559,
                    8.045921981334686
                ],
                [
                    0.0,
                    0.0,
                    24.120178177952766,
                    7.9825544729828835
                ]
            ],
            [
                [
                    0.0,
                    0.0,
                    10.35315166413784,
                    19.65939149260521
                ],
                [
                    0.0,
                    0.0,
                    7.0052192917706275,
                    16.329061855195153
                ]
            ],
            [
                [
                    0.0,
                    0.0,
                    13.039026465266943,
                    0.7466411301397908
                ],
                [
                    0.0,
                    0.0,
                    14.207162082195282,
                    11.903801835188903
                ]
            ],
            [
                [
                    0.0,
                    0.0,
                    14.002355765551329,
                    19.012187898159027
                ],
                [
                    0.0,
                    0.0,
                    25.26495897769928,
                    13.522950325161219
                ]
            ],
            [
                [
                    0.0,
                    0.0,
                    4.486130007356402,
                    5.120472513139248
                ],
                [
                    0.0,
                    0.0,
                    12.021026235198805,
                    9.488743007183075
                ]
            ],
            [
                [
                    0.0,
                    0.0,
                    16.250542759895325,
                    18.444742739200592
                ],
                [
                    0.0,
                    0.0,
                    6.713357925415039,
                    11.549033793366775
                ]
            ]
        ],
        [
            [
                [
                    0.0,
                    0.0,
                    0.0,
                    20.694600675266166
                ],
                [
                    0.0,
                    0.0,
                    0.0,
                    17.912050802346073
                ]
            ],
            [
                [
                    0.0,
                    0.0,
                    0.0,
                    9.171554356442854
                ],
                [
                    0.0,
                    0.0,
                    0.0,
                    9.008356776056482
                ]
            ],
            [
                [
                    0.0,
                    0.0,
