{
    "seed": 70,
    "ports": 4,
    "scenarios": 4,
    "obj": 1609.793485580566,
    "time": 0.8704180717468262,
    "gap": 0.0,
    "mean_load_per_port": [
        494.769477725029,
        524.7483475320041,
        217.41428376611145
    ],
    "mean_teu_load_per_port": [
        666.5199888944626,
        2935.505650728941,
        4667.976946959527
    ],
    "mean_load_per_location": [
        [
            [
                [
                    0.0,
                    0.0,
                    0.0,
                    48.278618812561035
                ],
                [
                    0.0,
                    0.0,
                    0.0,
                    48.34235763549805
                ]
            ],
            [
                [
                    0.0,
                    0.0,
                    0.0,
                    1.0
                ],
                [
                    0.0,
                    0.0,
                    0.0,
                    6.2376470855670725
                ]
            ],
            [
                [
                    0.0,
                    0.0,
                    35.97191906075342,
                    0.0
                ],
                [
                    0.0,
                    0.0,
                    30.11955213546753,
                    0.0
                ]
            ],
            [
                [
                    0.0,
                    5.122998237609863,
                    0.0,
                    0.0
                ],
                [
                    0.0,
                    20.59014320373535,
                    0.0,
                    0.0
                ]
            ],
            [
                [
                    0.0,
                    0.0,
                    0.0,
                    0.0
                ],
                [
                    0.0,
                    0.0,
                    0.0,
                    0.0
                ]
            ],
            [
                [
                    0.0,
                    35.3388671875,
                    0.0,
                    0.0
                ],
                [
                    0.0,
                    29.901073455810547,
                    0.0,
                    0.0
                ]
            ],
            [
                [
                    0.0,
                    0.0,
                    50.0,
                    0.0
                ],
                [
                    0.0,
                    0.0,
                    8.380802064134048,
                    0.0
                ]
            ],
            [
                [
                    0.0,
                    0.0,
                    32.681397914886475,
                    0.0
                ],
                [
                    0.0,
                    0.0,
                    25.777172654867172,
                    0.0
                ]
            ],
            [
                [
                    0.0,
                    33.66699981689453,
                    0.0,
                    0.0
                ],
                [
                    0.0,
                    31.56679904460907,
                    0.0,
                    0.0
                ]
            ],
            [
                [
                    0.0,
                    0.0,
                    0.0,
                    21.88428544998169
                ],
                [
                    0.0,
                    0.0,
                    0.0,
                    29.90884396515314
                ]
            ]
        ],
        [
            [
                [
                    0.0,
                    0.0,
                    21.238600492477417,
                    11.42476761341095
                ],
                [
                    0.0,
                    0.0,
                    29.33730435371399,
                    9.099099218845367
                ]
            ],
            [
                [
                    0.0,
                    0.0,
                    0.0,
                    27.726717814803123
                ],
                [
                    0.0,
                    0.0,
                    1.0812512636184692,
                    39.1716765537858
                ]
            ],
            [
                [
                    0.0,
                    0.0,
                    10.314407882514939,
                    5.355485439300537
                ],
                [
                    0.0,
                    0.0,
                    6.25,
                    11.328353881835938
                ]
            ],
            [
                [
                    0.0,
                    0.0,
                    0.0,
                    26.915476448833942
                ],
                [
                    0.0,
                    0.0,
                    0.0,
                    42.592428743839264
                ]
            ],
            [
                [
                    0.0,
                    0.0,
                    0.9533016681671143,
                    6.835423946380615
                ],
                [
                    0.0,
                    0.0,
                    1.3497836589813232,
                    25.931082487106323
                ]
            ],
            [
                [
                    0.0,
                    0.0,
                    18.261225032271618,
                    4.496737666428089
                ],
                [
                    0.0,
                    0.0,
                    5.733189692137964,
                    8.340396702289581
                ]
            ],
            [
                [
                    0.0,
                    0.0,
                    27.324591614305973,
                    6.25
                ],
                [
                    0.0,
                    0.0,
                    19.484706163406372,
                    0.21759366989135742
                ]
            ],
            [
                [
                    0.0,
                    0.0,
                    11.07638768851757,
                    17.454512119293213
                ],
                [
                    0.0,
                    0.0,
                    16.272715584798277,
                    15.889271351085485
                ]
            ],
            [
                [
                    0.0,
                    0.0,
                    15.491461468277699,
                    10.09285219758749
                ],
                [
                    0.0,
                    0.0,
                    17.104508757591248,
                    7.2259156703948975
                ]
            ],
            [
                [
                    0.0,
                    0.0,
                    21.486307633457905,
                    9.043415784835815
                ],
                [
                    0.0,
                    0.0,
                    11.861586451530457,
                    4.735810816287994
                ]
            ]
        ],
        [
            [
                [
                    0.0,
                    0.0,
                    0.0,
                    23.370227007195354
                ],
                [
                    0.0,
                    0.0,
                    0.0,
                    25.88380734443769
                ]
            ],
            [
                [
                    0.0,
                    0.0,
                    0.0,
                    2.4357981141656637
                ],
                [
                    0.0,
                    0.0,
                    0.0,
                    3.473963740285159
                ]
            ],
            [
                [
                    0.0,
                    0.0,
                    0.0,
                    10.199877600650625
