{
    "seed": 507,
    "ports": 4,
    "scenarios": 12,
    "obj": 1787.9011210868734,
    "time": 5.529136896133423,
    "gap": 0.0,
    "mean_load_per_port": [
        634.1421521902084,
        472.9494286513391,
        232.66297543691599
    ],
    "mean_teu_load_per_port": [
        820.6969883441925,
        7606.482939792948,
        44912.85398412685
    ],
    "mean_load_per_location": [
        [
            [
                [
                    0.0,
                    0.0,
                    44.36531734466553,
                    0.0
                ],
                [
                    0.0,
                    0.0,
                    50.0,
                    0.0
                ]
            ],
            [
                [
                    0.0,
                    0.0,
                    0.0,
                    17.152969360351562
                ],
                [
                    0.0,
                    0.0,
                    0.0,
                    43.00981521606445
                ]
            ],
            [
                [
                    0.0,
                    0.0,
                    25.0,
                    0.0
                ],
                [
                    0.0,
                    0.0,
                    8.213177680969238,
                    0.0
                ]
            ],
            [
                [
                    0.0,
                    0.0,
                    44.71486282348633,
                    0.0
                ],
                [
                    0.0,
                    0.0,
                    25.0,
                    0.0
                ]
            ],
            [
                [
                    0.0,
                    0.0,
                    50.0,
                    0.0
                ],
                [
                    0.0,
                    0.0,
                    20.213194370269775,
                    0.0
                ]
            ],
            [
                [
                    0.0,
                    0.0,
                    0.0,
                    1.0
                ],
                [
                    0.0,
                    0.0,
                    0.0,
                    50.0
                ]
            ],
            [
                [
                    0.0,
                    0.0,
                    0.0,
                    21.734814643859863
                ],
                [
                    0.0,
                    0.0,
                    0.0,
                    37.974926949047365
                ]
            ],
            [
                [
                    0.0,
                    48.108469128608704,
                    0.0,
                    0.0
                ],
                [
                    0.0,
                    49.0,
                    0.0,
                    0.0
                ]
            ],
            [
                [
                    0.0,
                    25.0,
                    0.0,
                    0.0
                ],
                [
                    0.0,
                    21.73786234855652,
                    0.0,
                    0.0
                ]
            ],
            [
                [
                    0.0,
                    0.0,
                    0.0,
                    18.914259910583496
                ],
                [
                    0.0,
                    0.0,
                    0.0,
                    33.002482413745604
                ]
            ]
        ],
        [
            [
                [
                    0.0,
                    0.0,
                    9.143329918384552,
                    19.609330039040543
                ],
                [
                    0.0,
                    0.0,
                    9.794393642453151,
                    22.062865741910475
                ]
            ],
            [
                [
                    0.0,
                    0.0,
                    16.53170120716095,
                    21.148042767163687
                ],
                [
                    0.0,
                    0.0,
                    4.684519410491723,
                    12.71098591105824
                ]
            ],
            [
                [
                    0.0,
                    0.0,
                    10.23431859715044,
                    11.979492967244104
                ],
                [
                    0.0,
                    0.0,
                    16.200067805218108,
                    11.928994019826254
                ]
            ],
            [
                [
                    0.0,
                    0.0,
                    13.260957140475512,
                    13.782420488113845
                ],
                [
                    0.0,
                    0.0,
                    11.781421765685081,
                    6.797388050128222
                ]
            ],
            [
                [
                    0.0,
                    0.0,
                    32.42458891529121,
                    1.7432920982440312
                ],
                [
                    0.0,
                    0.0,
                    12.772735206845175,
                    5.145942217841552
                ]
            ],
            [
                [
                    0.0,
                    0.0,
                    13.175442724178234,
                    5.011286398437285
                ],
                [
                    0.0,
                    0.0,
                    13.648818626999855,
                    8.954690138498941
                ]
            ],
            [
                [
                    0.0,
                    0.0,
                    10.687870313723883,
                    13.742383137345314
                ],
                [
                    0.0,
                    0.0,
                    6.4763127366701765,
                    13.11396437883377
                ]
            ],
            [
                [
                    0.0,
                    0.0,
                    13.693451043218374,
                    12.668574099739393
                ],
                [
                    0.0,
                    0.0,
                    11.642621276868304,
                    12.924383303172881
                ]
            ],
            [
                [
                    0.0,
                    0.0,
                    6.251495731373628,
                    9.849741507221703
                ],
                [
                    0.0,
                    0.0,
                    12.768401951839527,
                    9.477799457477385
                ]
            ],
            [
                [
                    0.0,
                    0.0,
                    8.064739669446038,
                    9.94761594136556
                ],
                [
                    0.0,
                    0.0,
                    7.0608599882210745,
                    10.052188316980997
                ]
            ]
        ],
        [
            [
                [
                    0.0,
                    0.0,
                    0.0,
                    20.5514025391919
                ],
                [
                    0.0,
                    0.0,
                    0.0,
                    14.478807168433015
                ]
            ],
            [
                [
                    0.0,
                    0.0,
                    0.0,
                    12.834354212780296
                ],
                [
                    0.0,
                    0.0,
                    0.0,
                    8.20133844027999
                ]
            ],
            [
                [
                    0.0,
                    0.0,
                    0.0,
