{
    "Objective": {
        "n": 30,
        "mean": 33763.70255886299,
        "std": 2318.1399526579257,
        "95% CI": [
            32934.16683042685,
            34593.23828729913
        ],
        "min": 28946.427294834088,
        "max": 39060.94692928611
    },
    "Time": {
        "n": 30,
        "mean": 62.99269928137461,
        "std": 3.1610997924276547,
        "95% CI": [
            61.861514248320766,
            64.12388431442847
        ],
        "min": 57.46770215034485,
        "max": 71.1638491153717
    },
    "Load": {
        "n": 30,
        "mean": 25066.025640996566,
        "std": 1406.9026107069403,
        "95% CI": [
            24562.57200754646,
            25569.479274446672
        ],
        "min": 22294.58084979002,
        "max": 28303.498873241788
    },
    "Demand": {
        "n": 30,
        "mean": 23733.023478754865,
        "std": 1427.5418669141259,
        "95% CI": [
            23222.184182324156,
            24243.862775185575
        ],
        "min": 20847.692188401474,
        "max": 27075.587798568624
    },
    "Revenue": {
        "n": 30,
        "mean": 35359.17909251699,
        "std": 2273.874788057182,
        "95% CI": [
            34545.48344980101,
            36172.874735232974
        ],
        "min": 30738.992340695113,
        "max": 40739.42337900864
    },
    "Cost": {
        "n": 30,
        "mean": 0.0,
        "std": 0.0,
        "95% CI": [
            0.0,
            0.0
        ],
        "min": 0.0,
        "max": 0.0
    }
}