{
    "Objective": {
        "n": 30,
        "mean": 33787.630779587664,
        "std": 2292.4805005775625,
        "95% CI": [
            32967.27716815371,
            34607.984391021615
        ],
        "min": 28840.366310063775,
        "max": 39182.8554669368
    },
    "Time": {
        "n": 30,
        "mean": 40.9067359606425,
        "std": 3.3521021784458522,
        "95% CI": [
            39.70720160155379,
            42.10627031973121
        ],
        "min": 36.23000693321228,
        "max": 48.40738010406494
    },
    "Load": {
        "n": 30,
        "mean": 25224.341644053224,
        "std": 1423.4975044621885,
        "95% CI": [
            24714.949604139005,
            25733.733683967443
        ],
        "min": 22304.185733471844,
        "max": 28568.18486367755
    },
    "Demand": {
        "n": 30,
        "mean": 23740.273588121327,
        "std": 1399.3154714059676,
        "95% CI": [
            23239.53497760138,
            24241.012198641274
        ],
        "min": 20753.469044490306,
        "max": 26920.058775803223
    },
    "Revenue": {
        "n": 30,
        "mean": 35580.17483083412,
        "std": 2320.3381601097476,
        "95% CI": [
            34749.85248396378,
            36410.497177704456
        ],
        "min": 30669.859311197735,
        "max": 41214.837342056795
    },
    "Cost": {
        "n": 30,
        "mean": 0.0,
        "std": 0.0,
        "95% CI": [
            0.0,
            0.0
        ],
        "min": 0.0,
        "max": 0.0
    }
}