{
    "Objective": {
        "n": 30,
        "mean": 33857.1615721242,
        "std": 2336.130962528254,
        "95% CI": [
            33021.187843488384,
            34693.13530076001
        ],
        "min": 29106.74941244146,
        "max": 39308.78801948737
    },
    "Time": {
        "n": 30,
        "mean": 24.385965545972187,
        "std": 2.3389928762940477,
        "95% CI": [
            23.548967694647963,
            25.22296339729641
        ],
        "min": 20.954421043395996,
        "max": 30.904644012451172
    },
    "Load": {
        "n": 30,
        "mean": 25090.20504797232,
        "std": 1476.1643025474466,
        "95% CI": [
            24561.966436407427,
            25618.44365953721
        ],
        "min": 22051.45561844358,
        "max": 28543.297282743108
    },
    "Demand": {
        "n": 30,
        "mean": 23797.392740395135,
        "std": 1440.4744079213829,
        "95% CI": [
            23281.925593599874,
            24312.859887190396
        ],
        "min": 20964.664002498263,
        "max": 27251.56373112707
    },
    "Revenue": {
        "n": 30,
        "mean": 35403.48498042962,
        "std": 2384.8773507741907,
        "95% CI": [
            34550.067580786854,
            36256.90238007238
        ],
        "min": 30355.497186963956,
        "max": 41229.05413628278
    },
    "Cost": {
        "n": 30,
        "mean": 0.0,
        "std": 0.0,
        "95% CI": [
            0.0,
            0.0
        ],
        "min": 0.0,
        "max": 0.0
    }
}