{
    "Objective": {
        "n": 30,
        "mean": 33986.67447522575,
        "std": 2509.26475972706,
        "95% CI": [
            33088.745612944294,
            34884.60333750721
        ],
        "min": 28697.10982417246,
        "max": 39824.227213066115
    },
    "Time": {
        "n": 30,
        "mean": 1.6068402210871378,
        "std": 0.13074592864105852,
        "95% CI": [
            1.5600533914002743,
            1.6536270507740012
        ],
        "min": 1.3834590911865234,
        "max": 1.9027040004730225
    },
    "Load": {
        "n": 30,
        "mean": 25252.957477260457,
        "std": 1716.3191314598455,
        "95% CI": [
            24638.780563864013,
            25867.1343906569
        ],
        "min": 21117.7459114768,
        "max": 28933.260632730606
    },
    "Demand": {
        "n": 30,
        "mean": 23869.976956385406,
        "std": 1666.1708187113256,
        "95% CI": [
            23273.745386236245,
            24466.208526534567
        ],
        "min": 20206.87272632122,
        "max": 27392.23608380556
    },
    "Revenue": {
        "n": 30,
        "mean": 35627.28136394722,
        "std": 2586.89215743871,
        "95% CI": [
            34701.5738941518,
            36552.988833742646
        ],
        "min": 30558.531493032067,
        "max": 41572.83805464475
    },
    "Cost": {
        "n": 30,
        "mean": 0.0,
        "std": 0.0,
        "95% CI": [
            0.0,
            0.0
        ],
        "min": 0.0,
        "max": 0.0
    }
}