{
    "Objective": {
        "n": 30,
        "mean": 33910.8266739243,
        "std": 2362.6333455623017,
        "95% CI": [
            33065.36918931843,
            34756.284158530165
        ],
        "min": 28616.94920042149,
        "max": 39483.248817639804
    },
    "Time": {
        "n": 30,
        "mean": 5.505700914065043,
        "std": 0.4874927100939998,
        "95% CI": [
            5.331253888159007,
            5.6801479399710795
        ],
        "min": 4.903719186782837,
        "max": 6.381261110305786
    },
    "Load": {
        "n": 30,
        "mean": 25056.712830130276,
        "std": 1550.9818527265675,
        "95% CI": [
            24501.70110207754,
            25611.724558183014
        ],
        "min": 21593.767168002996,
        "max": 28200.933991528036
    },
    "Demand": {
        "n": 30,
        "mean": 23804.060544867185,
        "std": 1517.143739322402,
        "95% CI": [
            23261.157630184167,
            24346.963459550203
        ],
        "min": 20546.400913004298,
        "max": 27126.241363903508
    },
    "Revenue": {
        "n": 30,
        "mean": 35395.94585672684,
        "std": 2412.3997175507875,
        "95% CI": [
            34532.67970461935,
            36259.21200883432
        ],
        "min": 29861.808082049647,
        "max": 40712.25329040473
    },
    "Cost": {
        "n": 30,
        "mean": 0.0,
        "std": 0.0,
        "95% CI": [
            0.0,
            0.0
        ],
        "min": 0.0,
        "max": 0.0
    }
}