{
    "Objective": {
        "n": 30,
        "mean": 33837.18555047891,
        "std": 2348.594280183005,
        "95% CI": [
            32996.7518808988,
            34677.61922005902
        ],
        "min": 29029.267277301886,
        "max": 39505.05365525391
    },
    "Time": {
        "n": 30,
        "mean": 12.071509623527527,
        "std": 0.8277987537421101,
        "95% CI": [
            11.775285643868038,
            12.367733603187016
        ],
        "min": 10.927934169769287,
        "max": 14.104640007019043
    },
    "Load": {
        "n": 30,
        "mean": 25197.820999402316,
        "std": 1493.613751394008,
        "95% CI": [
            24663.33818276122,
            25732.30381604341
        ],
        "min": 22199.72711128865,
        "max": 28562.77434929014
    },
    "Demand": {
        "n": 30,
        "mean": 23760.979667583022,
        "std": 1465.8846578116168,
        "95% CI": [
            23236.419579644036,
            24285.539755522008
        ],
        "min": 20783.058821691615,
        "max": 27116.78762615451
    },
    "Revenue": {
        "n": 30,
        "mean": 35568.06170561391,
        "std": 2370.883781423097,
        "95% CI": [
            34719.6518404523,
            36416.47157077552
        ],
        "min": 30816.065517344963,
        "max": 41187.63494014974
    },
    "Cost": {
        "n": 30,
        "mean": 0.0,
        "std": 0.0,
        "95% CI": [
            0.0,
            0.0
        ],
        "min": 0.0,
        "max": 0.0
    }
}