{
    "seed": 147,
    "ports": 4,
    "scenarios": 4,
    "obj": 23911.62236660948,
    "time": 1.3961670398712158,
    "gap": 0.00013777328698503366,
    "mean_load_per_port": [
        11189.38333004713,
        2844.77481341362,
        465.9926540129765
    ],
    "mean_teu_load_per_port": [
        15084.086477637291,
        17882.39434337616,
        10131.634973167487
    ],
    "mean_load_per_location": [
        [
            [
                [
                    0.0,
                    389.53753662109375,
                    0.0,
                    0.0
                ],
                [
                    0.0,
                    250.0,
                    0.0,
                    0.0
                ]
            ],
            [
                [
                    0.0,
                    250.0,
                    0.0,
                    0.0
                ],
                [
                    0.0,
                    83.0,
                    0.0,
                    0.0
                ]
            ],
            [
                [
                    0.0,
                    0.0,
                    334.0,
                    166.0
                ],
                [
                    0.0,
                    0.0,
                    167.0,
                    166.0
                ]
            ],
            [
                [
                    0.0,
                    0.0,
                    0.0,
                    231.94744815677404
                ],
                [
                    0.0,
                    0.0,
                    0.0,
                    334.0
                ]
            ],
            [
                [
                    0.0,
                    110.4915771484375,
                    0.0,
                    166.0
                ],
                [
                    0.0,
                    0.0,
                    0.0,
                    83.0
                ]
            ],
            [
                [
                    0.0,
                    0.0,
                    0.0,
                    166.0
                ],
                [
                    0.0,
                    0.0,
                    0.0,
                    83.0
                ]
            ],
            [
                [
                    0.0,
                    166.0,
                    334.0,
                    0.0
                ],
                [
                    0.0,
                    0.0,
                    334.0,
                    0.0
                ]
            ],
            [
                [
                    0.0,
                    103.91240692138672,
                    0.0,
                    167.0
                ],
                [
                    0.0,
                    0.0,
                    0.0,
                    167.0
                ]
            ],
            [
                [
                    0.0,
                    182.49179077148438,
                    166.0,
                    0.0
                ],
                [
                    0.0,
                    167.0,
                    83.0,
                    0.0
                ]
            ],
            [
                [
                    0.0,
                    166.0,
                    167.0,
                    0.0
                ],
                [
                    0.0,
                    0.0,
                    263.4189910888672,
                    0.0
                ]
            ],
            [
                [
                    0.0,
                    0.0,
                    0.0,
                    404.44873046875
                ],
                [
                    0.0,
                    0.0,
                    0.0,
                    83.0
                ]
            ],
            [
                [
                    0.0,
                    0.0,
                    172.95145273208618,
                    0.0
                ],
                [
                    0.0,
                    166.0,
                    334.0,
                    0.0
                ]
            ],
            [
                [
                    0.0,
                    57.99599542468786,
                    0.0,
                    334.0
                ],
                [
                    0.0,
                    0.0,
                    0.0,
                    334.0
                ]
            ],
            [
                [
                    0.0,
                    0.0,
                    166.0,
                    167.0
                ],
                [
                    0.0,
                    0.0,
                    83.0,
                    167.0
                ]
            ],
            [
                [
                    0.0,
                    0.0,
                    0.0,
                    178.9490966796875
                ],
                [
                    0.0,
                    0.0,
                    0.0,
                    500.0
                ]
            ],
            [
                [
                    0.0,
                    111.39595603942871,
                    0.0,
                    0.0
                ],
                [
                    0.0,
                    166.0,
                    0.0,
                    167.0
                ]
            ],
            [
                [
                    0.0,
                    0.0,
                    83.0,
                    334.0
                ],
                [
                    0.0,
                    0.0,
                    141.04433250427246,
                    76.94115447998047
                ]
            ],
            [
                [
                    0.0,
                    0.0,
                    0.0,
                    132.58033752441406
                ],
                [
                    0.0,
                    0.0,
                    0.0,
                    83.0
                ]
            ],
            [
                [
                    0.0,
                    235.81816015392542,
                    0.0,
                    0.0
                ],
                [
                    0.0,
                    210.76159876585007,
                    0.0,
                    0.0
                ]
            ],
            [
                [
                    0.0,
                    334.0,
                    0.0,
                    83.0
                ],
                [
                    0.0,
                    334.0,
                    0.0,
                    101.69676456600428
                ]
            ]
        ],
        [
            [
                [
                    0.0,
                    0.0,
                    26.683189392089844,
                    0.0
                ],
                [
                    0.0,
                    0.0,
                    0.0,
                    0.0
                ]
            ],
            [
                [
                    0.0,
                    0.0,
                    0.0,
                    0.0
                ],
                [
                    0.0,
                    0.0,
                    0.0,
                    179.35140991210938
                ]
            ],
            [
                [
                    0.0,
                    0.0,
                    35.72696304321289,
                    0.0
                ],
                [
                    0.0,
                    0.0,
                    0.0,
                    0.0
                ]
            ],
            [
                [
                    0.0,
                    0.0,
                    0.0,
                    0.0
                ],
                [
                    0.0,
                    0.0,
                    0.0,
                    136.2560577392578
