{
    "seed": 45,
    "ports": 4,
    "scenarios": 4,
    "obj": 25658.502433564267,
    "time": 1.4072520732879639,
    "gap": 0.0,
    "mean_load_per_port": [
        12688.17241191864,
        3012.659303877056,
        638.6492909859164
    ],
    "mean_teu_load_per_port": [
        16342.929485321045,
        16113.250186196146,
        15924.610143774375
    ],
    "mean_load_per_location": [
        [
            [
                [
                    0.0,
                    83.0,
                    196.89319610595703,
                    0.0
                ],
                [
                    0.0,
                    166.0,
                    334.0,
                    0.0
                ]
            ],
            [
                [
                    0.0,
                    500.0,
                    0.0,
                    0.0
                ],
                [
                    0.0,
                    167.0,
                    0.0,
                    0.0
                ]
            ],
            [
                [
                    0.0,
                    0.0,
                    0.0,
                    500.0
                ],
                [
                    0.0,
                    0.0,
                    0.0,
                    348.1383361816406
                ]
            ],
            [
                [
                    0.0,
                    0.0,
                    0.0,
                    82.06600231329526
                ],
                [
                    0.0,
                    0.0,
                    0.0,
                    333.0
                ]
            ],
            [
                [
                    0.0,
                    0.0,
                    132.9523162841797,
                    167.0
                ],
                [
                    0.0,
                    0.0,
                    69.25870323181152,
                    334.0
                ]
            ],
            [
                [
                    0.0,
                    0.0,
                    333.0,
                    0.0
                ],
                [
                    0.0,
                    0.0,
                    333.0,
                    0.0
                ]
            ],
            [
                [
                    0.0,
                    334.0,
                    0.0,
                    166.0
                ],
                [
                    0.0,
                    181.69881534576416,
                    0.0,
                    166.0
                ]
            ],
            [
                [
                    0.0,
                    0.0,
                    250.0,
                    0.0
                ],
                [
                    0.0,
                    0.0,
                    332.99806213378906,
                    0.0
                ]
            ],
            [
                [
                    0.0,
                    0.0,
                    0.0,
                    500.0
                ],
                [
                    0.0,
                    0.0,
                    0.0,
                    333.15631103515625
                ]
            ],
            [
                [
                    0.0,
                    166.0,
                    325.6468505859375,
                    0.0
                ],
                [
                    0.0,
                    0.0,
                    167.0,
                    0.0
                ]
            ],
            [
                [
                    0.0,
                    83.0,
                    242.12217712402344,
                    0.0
                ],
                [
                    0.0,
                    83.0,
                    334.0,
                    0.0
                ]
            ],
            [
                [
                    0.0,
                    43.1311559677124,
                    83.0,
                    0.0
                ],
                [
                    0.0,
                    167.0,
                    104.37161254882812,
                    0.0
                ]
            ],
            [
                [
                    0.0,
                    166.0,
                    0.0,
                    67.8756103515625
                ],
                [
                    0.0,
                    166.0,
                    0.0,
                    167.0
                ]
            ],
            [
                [
                    0.0,
                    166.0,
                    0.0,
                    0.0
                ],
                [
                    0.0,
                    0.0,
                    334.0,
                    0.0
                ]
            ],
            [
                [
                    0.0,
                    181.02692413330078,
                    0.0,
                    0.0
                ],
                [
                    0.0,
                    0.0,
                    0.0,
                    0.0
                ]
            ],
            [
                [
                    0.0,
                    166.0,
                    0.0,
                    0.0
                ],
                [
                    0.0,
                    324.5398826599121,
                    0.0,
                    0.0
                ]
            ],
            [
                [
                    0.0,
                    63.399566650390625,
                    0.0,
                    167.0
                ],
                [
                    0.0,
                    0.0,
                    0.0,
                    325.62204187711154
                ]
            ],
            [
                [
                    0.0,
                    0.0,
                    0.0,
                    323.55914914608
                ],
                [
                    0.0,
                    0.0,
                    0.0,
                    500.0
                ]
            ],
            [
                [
                    0.0,
                    334.0,
                    83.0,
                    0.0
                ],
                [
                    0.0,
                    179.46240234375,
                    166.0,
                    0.0
                ]
            ],
            [
                [
                    0.0,
                    250.2532958984375,
                    83.0,
                    0.0
                ],
                [
                    0.0,
                    167.0,
                    166.0,
                    0.0
                ]
            ]
        ],
        [
            [
                [
                    0.0,
                    0.0,
                    166.0,
                    0.0
                ],
                [
                    0.0,
                    0.0,
                    90.7945556640625,
                    163.47071838378906
                ]
            ],
            [
                [
                    0.0,
                    0.0,
                    0.0,
                    166.0
                ],
                [
                    0.0,
                    0.0,
                    0.0,
                    0.0
                ]
            ],
            [
                [
                    0.0,
                    0.0,
                    0.0,
                    0.0
                ],
                [
                    0.0,
                    0.0,
                    0.0,
                    0.0
                ]
            ],
            [
                [
                    0.0,
                    0.0,
                    32.627891540527344,
                    0.0
                ],
                [
                    0.0,
                    0.0,
                    0.0,
                    0.0
