{
    "seed": 87,
    "ports": 4,
    "scenarios": 4,
    "obj": 26640.631124069903,
    "time": 1.3778660297393799,
    "gap": 0.0,
    "mean_load_per_port": [
        12508.490421772003,
        3783.4841119647026,
        445.4979458900704
    ],
    "mean_teu_load_per_port": [
        16936.127940654755,
        20767.574440717697,
        10284.030817431461
    ],
    "mean_load_per_location": [
        [
            [
                [
                    0.0,
                    167.0,
                    83.0,
                    0.0
                ],
                [
                    0.0,
                    334.0,
                    166.0,
                    0.0
                ]
            ],
            [
                [
                    0.0,
                    334.0,
                    0.0,
                    83.0
                ],
                [
                    0.0,
                    25.183189392089844,
                    0.0,
                    166.0
                ]
            ],
            [
                [
                    0.0,
                    334.0,
                    0.0,
                    83.0
                ],
                [
                    0.0,
                    110.72243452072144,
                    0.0,
                    83.0
                ]
            ],
            [
                [
                    0.0,
                    0.0,
                    95.76326751708984,
                    334.0
                ],
                [
                    0.0,
                    0.0,
                    166.0,
                    167.0
                ]
            ],
            [
                [
                    0.0,
                    0.0,
                    0.0,
                    0.0
                ],
                [
                    0.0,
                    386.3540344238281,
                    0.0,
                    0.0
                ]
            ],
            [
                [
                    0.0,
                    0.0,
                    0.0,
                    333.0
                ],
                [
                    0.0,
                    0.0,
                    0.0,
                    426.9122543334961
                ]
            ],
            [
                [
                    0.0,
                    0.0,
                    126.53528499603271,
                    0.0
                ],
                [
                    0.0,
                    0.0,
                    334.0,
                    0.0
                ]
            ],
            [
                [
                    0.0,
                    250.0,
                    0.0,
                    0.0
                ],
                [
                    0.0,
                    174.07647705078125,
                    0.0,
                    0.0
                ]
            ],
            [
                [
                    0.0,
                    166.0,
                    334.0,
                    0.0
                ],
                [
                    0.0,
                    40.80975341796875,
                    334.0,
                    0.0
                ]
            ],
            [
                [
                    0.0,
                    0.0,
                    0.0,
                    252.95339965820312
                ],
                [
                    0.0,
                    0.0,
                    0.0,
                    323.1326909661293
                ]
            ],
            [
                [
                    0.0,
                    0.0,
                    0.0,
                    487.47521209716797
                ],
                [
                    0.0,
                    0.0,
                    0.0,
                    500.0
                ]
            ],
            [
                [
                    0.0,
                    83.0,
                    0.0,
                    0.0
                ],
                [
                    0.0,
                    333.0,
                    0.0,
                    0.0
                ]
            ],
            [
                [
                    0.0,
                    0.0,
                    0.0,
                    333.0
                ],
                [
                    0.0,
                    0.0,
                    0.0,
                    241.71049404144287
                ]
            ],
            [
                [
                    0.0,
                    78.73001861572266,
                    166.0,
                    0.0
                ],
                [
                    0.0,
                    83.44549560546875,
                    109.80388641357422,
                    0.0
                ]
            ],
            [
                [
                    0.0,
                    83.0,
                    0.0,
                    213.88252872228622
                ],
                [
                    0.0,
                    166.0,
                    0.0,
                    334.0
                ]
            ],
            [
                [
                    0.0,
                    0.0,
                    250.0,
                    0.0
                ],
                [
                    0.0,
                    0.0,
                    333.0,
                    0.0
                ]
            ],
            [
                [
                    0.0,
                    0.0,
                    333.0,
                    0.0
                ],
                [
                    0.0,
                    0.0,
                    500.0,
                    0.0
                ]
            ],
            [
                [
                    0.0,
                    83.0,
                    167.0,
                    0.0
                ],
                [
                    0.0,
                    0.0,
                    167.0,
                    0.0
                ]
            ],
            [
                [
                    0.0,
                    334.0,
                    0.0,
                    166.0
                ],
                [
                    0.0,
                    0.0,
                    0.0,
                    166.0
                ]
            ],
            [
                [
                    0.0,
                    167.0,
                    0.0,
                    83.0
                ],
                [
                    0.0,
                    167.0,
                    0.0,
                    166.0
                ]
            ]
        ],
        [
            [
                [
                    0.0,
                    0.0,
                    204.24491119384766,
                    166.0
                ],
                [
                    0.0,
                    0.0,
                    0.0,
                    166.0
                ]
            ],
            [
                [
                    0.0,
                    0.0,
                    0.0,
                    0.0
                ],
                [
                    0.0,
                    0.0,
                    0.0,
                    205.90235900878906
                ]
            ],
            [
                [
                    0.0,
                    0.0,
                    0.0,
                    0.0
                ],
                [
                    0.0,
                    0.0,
                    286.56341552734375,
                    166.0
                ]
            ],
            [
                [
                    0.0,
                    0.0,
                    0.0,
                    0.0
                ],
                [
                    0.0,
                    0.0,
                    0.0,
                    0.0
                ]
            ],
