{
    "seed": 97,
    "ports": 4,
    "scenarios": 28,
    "obj": 1187.7037679007547,
    "time": 8271.033930063248,
    "gap": 0.0,
    "mean_load_per_port": [
        642.494336605072,
        106.92483775732951,
        21.13767262973077
    ],
    "mean_load_per_location": [
        [
            [
                50.0,
                35.623584151268005
            ],
            [
                50.0,
                25.0
            ],
            [
                28.260374546051025,
                28.052759408950806
            ],
            [
                5.289322018623352,
                17.752216696739197
            ],
            [
                43.52289593219757,
                27.224287509918213
            ],
            [
                27.81960892677307,
                32.449951171875
            ],
            [
                21.179755330085754,
                30.53572905063629
            ],
            [
                32.85715103149414,
                37.129305839538574
            ],
            [
                42.763526916503906,
                18.297338485717773
            ],
            [
                38.73652958869934,
                50.0
            ]
        ],
        [
            [
                0.0,
                3.830623231282348
            ],
            [
                7.394085049629211,
                1.014541055832246
            ],
            [
                13.698706865310669,
                3.3353731846334216
            ],
            [
                18.861028448499116,
                0.07387453565422732
            ],
            [
                1.0,
                10.162420627574397
            ],
            [
                12.575956365969363,
                21.529061309764362
            ],
            [
                1.0,
                1.7609442125377914
            ],
            [
                0.0,
                4.7270219992319955
            ],
            [
                1.0,
                1.7206230696304456
            ],
            [
                1.0967625184815761,
                2.143815283298346
            ]
        ],
        [
            [
                0.008609695952312622,
                0.4734887821916458
            ],
            [
                0.0,
                0.599325460868058
            ],
            [
                0.0,
                0.77768259263925
            ],
            [
                11.03030268110412,
                0.8928309371249479
            ],
            [
                0.0,
                1.3231801758322044
            ],
            [
                0.002551020408163265,
                1.3966217184184775
            ],
            [
                0.0,
                1.2932138498564676
            ],
            [
                0.007678523762724435,
                0.9337938344012102
            ],
            [
                0.022399561637585847,
                0.8051118515645964
            ],
            [
                0.9942229893250729,
                0.576658954643949
            ]
        ]
    ],
    "mean_hatch_overstowage": [
        0.0,
        0.0,
        0.0
    ],
    "mean_ci": [
        160.623584151268,
        101.80210135557822,
        48.17418054894221
    ],
    "mean_demand": [
        642.494336605072,
        407.20840542231286,
        192.69672219576884
    ],
    "mean_revenue": [
        1133.6167174288976,
        139.65115780036027,
        20.030869185841023
    ],
    "mean_cost": [
        0.0,
        0.0,
        0.0
    ]
}