{
    "seed": 367,
    "ports": 4,
    "scenarios": 28,
    "obj": 887.7556616741103,
    "time": 8336.892305850983,
    "gap": 0.0,
    "mean_load_per_port": [
        436.97211384773254,
        50.20611197939717,
        21.190568804828946
    ],
    "mean_load_per_location": [
        [
            [
                13.881510465025624,
                29.279074668884277
            ],
            [
                3.455099105834961,
                26.65720534324646
            ],
            [
                21.185823412061016,
                21.158251523971558
            ],
            [
                50.0,
                16.898953525900563
            ],
            [
                0.0,
                14.99455738067627
            ],
            [
                39.88189125061035,
                31.316130340099335
            ],
            [
                10.945920944213867,
                20.27534854412079
            ],
            [
                47.82859659194946,
                25.0
            ],
            [
                0.0,
                0.0
            ],
            [
                33.01685229074983,
                31.196898460388184
            ]
        ],
        [
            [
                0.0,
                0.0
            ],
            [
                0.0,
                0.1469141832745585
            ],
            [
                0.0,
                0.011942379364821629
            ],
            [
                28.14289903640747,
                0.20126067112525922
            ],
            [
                0.0,
                0.10714285714285714
            ],
            [
                0.0,
                19.659102018390378
            ],
            [
                0.0,
                0.43650146005929974
            ],
            [
                0.0,
                0.8856557949914576
            ],
            [
                0.0,
                0.6146935786410639
            ],
            [
                0.0,
                0.0
            ]
        ],
        [
            [
                0.0026326653927440102,
                0.5373782322398595
            ],
            [
                0.013119537065248724,
                0.6208839962363474
            ],
            [
                0.0,
                0.81355639243335
            ],
            [
                10.839657941885948,
                0.9833585397045195
            ],
            [
                0.0,
                0.9286860331792105
            ],
            [
                0.0,
                1.5660148714279842
            ],
            [
                0.0,
                1.2083173784103998
            ],
            [
                0.03402402050481042,
                0.9636000601205964
            ],
            [
                1.199533909692,
                0.7656101952275648
            ],
            [
                0.0409900235449989,
                0.6732050077633872
            ]
        ]
    ],
    "mean_hatch_overstowage": [
        0.0,
        0.0,
        0.0
    ],
    "mean_ci": [
        109.24302846193314,
        103.83234592633588,
        48.446113773982745
    ],
    "mean_demand": [
        436.97211384773254,
        415.3293837053435,
        193.78445509593098
    ],
    "mean_revenue": [
        838.8438578032928,
        65.29620092258186,
        19.999554406065084
    ],
    "mean_cost": [
        0.0,
        0.0,
        0.0
    ]
}