{
    "seed": 57,
    "ports": 4,
    "scenarios": 28,
    "obj": 1666.5185948751562,
    "time": 38.79261493682861,
    "gap": 0.0,
    "mean_load_per_port": [
        534.9927591085434,
        485.7510275505643,
        224.44478149158223
    ],
    "mean_load_per_location": [
        [
            [
                21.007877349853516,
                15.211618900299072
            ],
            [
                37.979074478149414,
                38.843414068222046
            ],
            [
                0.0,
                15.737579822540283
            ],
            [
                16.917865604162216,
                26.786500930786133
            ],
            [
                42.53866767883301,
                47.50515556335449
            ],
            [
                26.335427284240723,
                17.368939250707626
            ],
            [
                40.0438232421875,
                50.0
            ],
            [
                22.208759158849716,
                21.495607376098633
            ],
            [
                2.19724503159523,
                9.393877685070038
            ],
            [
                33.42132568359375,
                50.0
            ]
        ],
        [
            [
                23.523325379870272,
                22.88290668959607
            ],
            [
                21.676571073759792,
                28.289216197468885
            ],
            [
                24.038659191874356,
                30.463046797531568
            ],
            [
                20.01342672444378,
                28.215500077179502
            ],
            [
                18.805186135428293,
                27.238547424129898
            ],
            [
                23.898074635276686,
                24.651949936809398
            ],
            [
                23.605108020559225,
                29.039455574420817
            ],
            [
                26.34251823894693,
                25.62751159747071
            ],
            [
                10.24714361237628,
                23.167642840024804
            ],
            [
                31.90618097357552,
                22.119056429821494
            ]
        ],
        [
            [
                15.823398420032673,
                12.440857383864834
            ],
            [
                8.719905804468084,
                9.97296970745758
            ],
            [
                12.270601039142743,
                12.688918711511562
            ],
            [
                12.04902264553259,
                9.270882979031079
            ],
            [
                7.1449786507817,
                17.9207072826434
            ],
            [
                9.207369080064403,
                11.605818896985529
            ],
            [
                8.56585092116273,
                13.01656637303331
            ],
            [
                10.395599476157692,
                10.02228779158552
            ],
            [
                6.717623312090665,
                8.060794031956794
            ],
            [
                16.791171302370902,
                11.75945768170841
            ]
        ]
    ],
    "mean_hatch_overstowage": [
        0.0,
        0.0,
        0.0
    ],
    "mean_ci": [
        133.74818977713585,
        106.27527376902955,
        48.57017771861687
    ],
    "mean_demand": [
        534.9927591085434,
        425.1010950761182,
        194.28071087446747
    ],
    "mean_revenue": [
        948.6422445505959,
        627.7439464142574,
        200.64222380811674
    ],
    "mean_cost": [
        0.0,
        0.0,
        0.0
    ]
}