{
    "seed": 507,
    "ports": 4,
    "scenarios": 28,
    "obj": 1101.354563578077,
    "time": 8328.107752084732,
    "gap": 0.0,
    "mean_load_per_port": [
        606.9016406536102,
        81.73088228885345,
        20.836871513669962
    ],
    "mean_load_per_location": [
        [
            [
                33.36726221090136,
                43.09336042404175
            ],
            [
                25.0,
                0.0
            ],
            [
                31.77935791015625,
                25.658772468566895
            ],
            [
                38.81164836883545,
                36.219547271728516
            ],
            [
                16.549426393481205,
                50.0
            ],
            [
                18.077781677246094,
                29.8228702545166
            ],
            [
                22.478822708129883,
                38.50788879394531
            ],
            [
                50.0,
                14.843231201171875
            ],
            [
                6.388330459594727,
                50.0
            ],
            [
                37.50356443402381,
                38.79977607727051
            ]
        ],
        [
            [
                5.902700525785863,
                0.9949686323789646
            ],
            [
                0.0,
                2.219653002138161
            ],
            [
                0.0,
                2.789665777989799
            ],
            [
                22.17132771611215,
                1.6536090587476575
            ],
            [
                0.0,
                8.431858056010958
            ],
            [
                10.14453504570937,
                19.32411486374279
            ],
            [
                0.0,
                0.2183433756285842
            ],
            [
                1.0,
                0.46468017146329404
            ],
            [
                2.8525387130695754,
                0.48999224233273864
            ],
            [
                0.0,
                3.0728951077435758
            ]
        ],
        [
            [
                0.008609695952312618,
                0.4971795074019442
            ],
            [
                0.017650562794531238,
                0.6054349974920467
            ],
            [
                0.0,
                0.7334560826168315
            ],
            [
                10.69318117048918,
                0.9263926881407785
            ],
            [
                0.0,
                1.3254363927848902
            ],
            [
                0.0,
                1.119745451240852
            ],
            [
                0.0,
                1.116330280590905
            ],
            [
                0.31867667422176416,
                1.0525074019578162
            ],
            [
                1.0302403181344553,
                0.7549967933712128
            ],
            [
                0.034036366080092334,
                0.6029971304002254
            ]
        ]
    ],
    "mean_hatch_overstowage": [
        0.0,
        0.0,
        0.0
    ],
    "mean_ci": [
        151.72541016340256,
        103.20005499252251,
        47.94804915766783
    ],
    "mean_demand": [
        606.9016406536102,
        412.80021997009004,
        191.79219663067133
    ],
    "mean_revenue": [
        1050.8099472234264,
        104.65433038339856,
        19.77256793547212
    ],
    "mean_cost": [
        0.0,
        0.0,
        0.0
    ]
}