{
    "seed": 63,
    "ports": 4,
    "scenarios": 28,
    "obj": 1041.3914882581255,
    "time": 8241.691969156265,
    "gap": 0.0,
    "mean_load_per_port": [
        559.5741688013077,
        64.18016351077209,
        21.132128619361886
    ],
    "mean_load_per_location": [
        [
            [
                16.89882203936577,
                44.86835479736328
            ],
            [
                12.623676300048828,
                25.0
            ],
            [
                25.0,
                5.121061086654663
            ],
            [
                47.39658385515213,
                20.446837037801743
            ],
            [
                44.15925598144531,
                27.890865325927734
            ],
            [
                0.0,
                50.0
            ],
            [
                16.879436016082764,
                50.0
            ],
            [
                6.320107698440552,
                33.429677963256836
            ],
            [
                37.19465923309326,
                33.65268135070801
            ],
            [
                14.525762557983398,
                48.1663875579834
            ]
        ],
        [
            [
                0.2366771999242048,
                0.2711543005965477
            ],
            [
                1.0,
                0.4118706218206435
            ],
            [
                0.10390816676477573,
                0.0
            ],
            [
                31.296489553792135,
                0.0
            ],
            [
                0.0,
                3.680160037618567
            ],
            [
                0.0,
                24.815756071691133
            ],
            [
                0.41431058888082123,
                0.2604287988566737
            ],
            [
                0.0,
                0.8126272691988061
            ],
            [
                0.0,
                0.06870748115868233
            ],
            [
                0.3417886603479805,
                0.4662847601211266
            ]
        ],
        [
            [
                0.04344807920684201,
                0.5010836480595975
            ],
            [
                0.0012615078656006958,
                0.59530787264214
            ],
            [
                0.0,
                0.7432032650831885
            ],
            [
                10.795454113659574,
                0.9293960121313104
            ],
            [
                0.0,
                0.9276952947738621
            ],
            [
                0.0,
                1.5918107855222112
            ],
            [
                0.007691386402869711,
                1.1874325519510247
            ],
            [
                0.20700894000694706,
                1.059583490170686
            ],
            [
                1.0181351484710002,
                0.7506671668206858
            ],
            [
                0.026186995038816645,
                0.7467623615555483
            ]
        ]
    ],
    "mean_hatch_overstowage": [
        0.0,
        0.0,
        0.0
    ],
    "mean_ci": [
        139.89354220032692,
        111.27502553164959,
        48.33903345336415
    ],
    "mean_demand": [
        559.5741688013077,
        445.10010212659836,
        193.3561338134566
    ],
    "mean_revenue": [
        989.9779714716382,
        76.82403541954447,
        19.92193484328076
    ],
    "mean_cost": [
        0.0,
        0.0,
        0.0
    ]
}