{
    "seed": 45,
    "ports": 4,
    "scenarios": 28,
    "obj": 1072.2001669549995,
    "time": 8419.31916308403,
    "gap": 0.0,
    "mean_load_per_port": [
        571.9390858411789,
        50.207500767175,
        21.008697217845278
    ],
    "mean_load_per_location": [
        [
            [
                12.974500894546509,
                50.0
            ],
            [
                44.66217565536499,
                6.2289981627464615
            ],
            [
                41.24596071243286,
                3.501585006713867
            ],
            [
                17.24862289428711,
                46.31999588012695
            ],
            [
                41.27630520939825,
                32.44837307929993
            ],
            [
                47.7012747633457,
                7.24616230607031
            ],
            [
                15.84736442565918,
                50.0
            ],
            [
                21.757976531982422,
                16.092056274414062
            ],
            [
                25.0,
                13.960784912109375
            ],
            [
                35.067424297332764,
                43.35952483534815
            ]
        ],
        [
            [
                0.0,
                0.1475273060681155
            ],
            [
                2.0,
                0.04288242641350025
            ],
            [
                1.0,
                0.0722325409387615
            ],
            [
                21.744561736072814,
                0.18920304059275386
            ],
            [
                0.0,
                1.113048445533835
            ],
            [
                0.0,
                18.39803100570131
            ],
            [
                2.2209112644195557,
                1.1211765334977735
            ],
            [
                0.0,
                0.8083695158202372
            ],
            [
                0.0,
                0.11276583599321806
            ],
            [
                1.0,
                0.2367911161231284
            ]
        ],
        [
            [
                0.007985805694308292,
                0.576853209659877
            ],
            [
                0.0019648666595574547,
                0.5578671654159691
            ],
            [
                0.00013012356473412071,
                0.5633217197036525
            ],
            [
                10.308080478198287,
                0.8743370296328883
            ],
            [
                0.0,
                1.2606184734661554
            ],
            [
                0.0,
                1.6193878018876326
            ],
            [
                0.0,
                1.2825991437569346
            ],
            [
                0.009852214665954283,
                0.8421429160554768
            ],
            [
                1.0336796408576203,
                0.6817397574288241
            ],
            [
                0.722010805160005,
                0.6661260660374869
            ]
        ]
    ],
    "mean_hatch_overstowage": [
        0.0,
        0.0,
        0.0
    ],
    "mean_ci": [
        142.98477146029472,
        101.76875152119568,
        47.267818364713875
    ],
    "mean_demand": [
        571.9390858411789,
        407.07500608478273,
        189.0712734588555
    ],
    "mean_revenue": [
        1023.6823670179222,
        64.83121334920914,
        19.838985230235007
    ],
    "mean_cost": [
        0.0,
        0.0,
        0.0
    ]
}