{
    "seed": 448,
    "ports": 4,
    "scenarios": 28,
    "obj": 1085.4418026350327,
    "time": 8587.87835597992,
    "gap": 0.0,
    "mean_load_per_port": [
        560.1800739765167,
        51.284057734776184,
        20.9565452783483
    ],
    "mean_load_per_location": [
        [
            [
                25.0,
                36.27402997016907
            ],
            [
                43.3776969909668,
                4.85237717628479
            ],
            [
                25.0,
                34.62214493751526
            ],
            [
                43.9145827293396,
                36.50829082727432
            ],
            [
                12.040666580200195,
                47.58147835731506
            ],
            [
                33.16604542732239,
                38.195650577545166
            ],
            [
                50.0,
                2.0
            ],
            [
                0.0,
                14.454706192016602
            ],
            [
                23.889352798461914,
                43.24056434631348
            ],
            [
                21.062487065792084,
                25.0
            ]
        ],
        [
            [
                0.0,
                0.18878179658973854
            ],
            [
                0.0,
                0.015371548834733224
            ],
            [
                0.0,
                0.2963849976741377
            ],
            [
                28.84135624340602,
                0.0
            ],
            [
                0.0,
                0.8172404040376863
            ],
            [
                0.0,
                19.5420087670093
            ],
            [
                0.0,
                0.281766392193832
            ],
            [
                0.0,
                0.8981430330974607
            ],
            [
                0.0,
                0.34798012403525913
            ],
            [
                0.0,
                0.055024427898002534
            ]
        ],
        [
            [
                0.0028698986507708713,
                0.48866705777432007
            ],
            [
                0.008041665022032513,
                0.5912868520245937
            ],
            [
                0.0,
                0.7365298253675858
            ],
            [
                10.046526395905774,
                0.8632654102260834
            ],
            [
                0.0,
                1.1864717619726324
            ],
            [
                1.0025510204081634,
                1.5544459019548118
            ],
            [
                0.0,
                1.0276288957000448
            ],
            [
                0.02531572436096931,
                1.0290821035154856
            ],
            [
                0.0359687381778553,
                0.6809047449075729
            ],
            [
                0.9940144560713781,
                0.6829748263080448
            ]
        ]
    ],
    "mean_hatch_overstowage": [
        0.0,
        0.0,
        0.0
    ],
    "mean_ci": [
        140.04501849412918,
        105.21472592971155,
        47.74035017409039
    ],
    "mean_demand": [
        560.1800739765167,
        420.8589037188462,
        190.96140069636155
    ],
    "mean_revenue": [
        1035.1468563595172,
        66.64106973452368,
        19.76949161228464
    ],
    "mean_cost": [
        0.0,
        0.0,
        0.0
    ]
}