{
    "seed": 70,
    "ports": 4,
    "scenarios": 28,
    "obj": 1622.654367797565,
    "time": 38.529865980148315,
    "gap": 0.0,
    "mean_load_per_port": [
        491.8496481180191,
        466.3427011368345,
        217.4152054882288
    ],
    "mean_load_per_location": [
        [
            [
                38.1777477971145,
                8.264549810545796
            ],
            [
                28.264628887176514,
                48.25548553466797
            ],
            [
                33.98727321624756,
                12.455024391412735
            ],
            [
                44.77364808320999,
                7.964588165283203
            ],
            [
                0.0,
                40.1371391790254
            ],
            [
                18.345324747051492,
                0.0
            ],
            [
                25.0,
                1.651280164718628
            ],
            [
                30.583629608154297,
                31.02691650390625
            ],
            [
                11.35186591744423,
                50.0
            ],
            [
                36.52291250228882,
                25.08763360977173
            ]
        ],
        [
            [
                23.451155320983446,
                26.60899743397721
            ],
            [
                21.71183768517914,
                29.47778061243929
            ],
            [
                17.215620868603633,
                30.327843413809433
            ],
            [
                16.903147520763532,
                27.089153120560304
            ],
            [
                21.59582427080188,
                30.53930020489734
            ],
            [
                17.59745836594389,
                24.084650179998075
            ],
            [
                20.21914350140444,
                24.578348275755
            ],
            [
                27.217894036949016,
                21.923026044699522
            ],
            [
                17.866366359272472,
                17.765365909223956
            ],
            [
                27.634811803030395,
                22.534976208542506
            ]
        ],
        [
            [
                16.686337740763452,
                11.100259861793042
            ],
            [
                8.639396148918147,
                8.970508071409764
            ],
            [
                10.90189228694133,
                12.788805153495293
            ],
            [
                11.278032113932543,
                9.560887145645152
            ],
            [
                7.212089336639054,
                16.398388340372964
            ],
            [
                9.087420845629344,
                11.044249620479764
            ],
            [
                8.400747663801589,
                13.333294999175612
            ],
            [
                10.00776750858034,
                10.288874829967797
            ],
            [
                6.281103614472913,
                8.509635345091317
            ],
            [
                16.416181843014602,
                10.509333018104634
            ]
        ]
    ],
    "mean_hatch_overstowage": [
        0.0,
        0.0,
        0.0
    ],
    "mean_ci": [
        122.96241202950478,
        103.52538865378925,
        47.22586502446508
    ],
    "mean_demand": [
        491.8496481180191,
        414.101554615157,
        188.90346009786032
    ],
    "mean_revenue": [
        919.5519484597971,
        608.7028028894655,
        194.8487344973085
    ],
    "mean_cost": [
        0.0,
        0.0,
        0.0
    ]
}