{
    "seed": 448,
    "ports": 4,
    "scenarios": 28,
    "obj": 1748.7254938641418,
    "time": 39.64306402206421,
    "gap": 0.0,
    "mean_load_per_port": [
        560.1800739765167,
        476.86996161907524,
        217.77711744802008
    ],
    "mean_load_per_location": [
        [
            [
                27.543564081192017,
                14.908071517944336
            ],
            [
                41.47083282470703,
                50.0
            ],
            [
                36.755393981933594,
                11.818791687488556
            ],
            [
                2.9618513584136963,
                40.075828552246094
            ],
            [
                26.110647201538086,
                35.123310804367065
            ],
            [
                25.0,
                40.04501849412918
            ],
            [
                50.0,
                25.0
            ],
            [
                28.333870887756348,
                33.071207374334335
            ],
            [
                7.360727965831757,
                13.252273559570312
            ],
            [
                20.81610044836998,
                30.532583236694336
            ]
        ],
        [
            [
                18.763814010585293,
                27.28382876747144
            ],
            [
                19.603531039186887,
                28.730852803672715
            ],
            [
                24.020260596915243,
                25.159491563380364
            ],
            [
                24.778784104310443,
                25.885802324527383
            ],
            [
                22.239455843924457,
                27.072198546532324
            ],
            [
                22.26993694234333,
                25.367066291703548
            ],
            [
                21.55726777596149,
                30.46720244718627
            ],
            [
                23.623757853231826,
                23.79410800517966
            ],
            [
                17.524854704006128,
                19.721757352186906
            ],
            [
                23.642701006300538,
                25.363289640469
            ]
        ],
        [
            [
                15.713221975138135,
                11.256594875901857
            ],
            [
                8.451515594237687,
                9.961906201244599
            ],
            [
                13.254452912025387,
                12.372483460042735
            ],
            [
                11.32897634003136,
                9.345218229388848
            ],
            [
                7.54145013631153,
                15.975146374130155
            ],
            [
                9.250044903361816,
                10.84238501411242
            ],
            [
                8.639851821676945,
                10.934874136100438
            ],
            [
                9.664511645894105,
                11.30063322648162
            ],
            [
                7.210333411697488,
                9.01433458220572
            ],
            [
                14.866444074726422,
                10.852738533310804
            ]
        ]
    ],
    "mean_hatch_overstowage": [
        0.0,
        0.0,
        0.0
    ],
    "mean_ci": [
        140.04501849412918,
        105.21472592545408,
        47.740350175192766
    ],
    "mean_demand": [
        560.1800739765167,
        420.8589037018163,
        190.96140070077107
    ],
    "mean_revenue": [
        1035.1468563595172,
        617.6057472562795,
        195.2494065549228
    ],
    "mean_cost": [
        0.0,
        0.0,
        0.0
    ]
}