{
    "seed": 393,
    "ports": 4,
    "scenarios": 28,
    "obj": 959.4235980940366,
    "time": 8359.7180621624,
    "gap": 0.0,
    "mean_load_per_port": [
        529.5419591665268,
        47.01166782984715,
        21.129439368654978
    ],
    "mean_load_per_location": [
        [
            [
                36.40153884887695,
                50.0
            ],
            [
                7.006519317626953,
                27.722087860107422
            ],
            [
                44.681800842285156,
                37.47404098510742
            ],
            [
                13.834750175476074,
                5.577922821044922
            ],
            [
                16.422846794128418,
                46.19213104248047
            ],
            [
                19.708128929138184,
                4.252605438232422
            ],
            [
                13.140447974205017,
                21.845998764038086
            ],
            [
                36.26100301742554,
                25.0
            ],
            [
                12.529086589813232,
                28.23481273651123
            ],
            [
                35.55619478225708,
                47.70004224777222
            ]
        ],
        [
            [
                0.0,
                0.0
            ],
            [
                0.0,
                0.0
            ],
            [
                0.0,
                0.017392151981853714
            ],
            [
                25.895706176757812,
                0.04696774765694466
            ],
            [
                0.0,
                0.5534055661329461
            ],
            [
                0.0,
                19.96356522998252
            ],
            [
                0.0,
                0.0
            ],
            [
                0.0,
                0.510170133563431
            ],
            [
                0.0,
                0.0
            ],
            [
                0.0,
                0.024460823771626766
            ]
        ],
        [
            [
                2.683771419644266,
                0.6101940236166485
            ],
            [
                1.0018018091134795,
                0.7970030844804786
            ],
            [
                1.0145891032678749,
                0.8511066005230363
            ],
            [
                0.002551020408163265,
                1.184111285554526
            ],
            [
                2.0,
                1.0682127522618186
            ],
            [
                0.3341558604306902,
                1.2326436307201696
            ],
            [
                3.0,
                1.2784264838312414
            ],
            [
                1.0011982261544128,
                0.7820460060773115
            ],
            [
                1.004777926453151,
                0.7363501215798233
            ],
            [
                0.03226665501603254,
                0.5142333595218649
            ]
        ]
    ],
    "mean_hatch_overstowage": [
        0.0,
        0.0,
        0.0
    ],
    "mean_ci": [
        132.3854897916317,
        98.27494982310704,
        48.338275609766036
    ],
    "mean_demand": [
        529.5419591665268,
        393.09979929242814,
        193.35310243906414
    ],
    "mean_revenue": [
        913.4235545614372,
        60.04326945482709,
        19.91917871672985
    ],
    "mean_cost": [
        0.0,
        0.0,
        0.0
    ]
}