{
    "seed": 43,
    "ports": 4,
    "scenarios": 28,
    "obj": 1033.6973415693033,
    "time": 8800.620146989822,
    "gap": 0.0,
    "mean_load_per_port": [
        541.0006844997406,
        81.80416991663044,
        20.94550567153453
    ],
    "mean_load_per_location": [
        [
            [
                13.74548086859329,
                21.6749267578125
            ],
            [
                29.06973361968994,
                49.166406962648466
            ],
            [
                44.0147705078125,
                12.999260034784243
            ],
            [
                28.546398401260376,
                8.06524268128021
            ],
            [
                32.77824878692627,
                36.67940139770508
            ],
            [
                21.585125830396578,
                25.0
            ],
            [
                0.0,
                25.0
            ],
            [
                50.0,
                39.72559833526611
            ],
            [
                11.298660278320312,
                0.0
            ],
            [
                42.5136022567749,
                49.13782778046982
            ]
        ],
        [
            [
                1.1576183105869473,
                0.4357433901925072
            ],
            [
                2.094457507133484,
                4.964279463508238
            ],
            [
                4.0,
                7.707312686102731
            ],
            [
                11.796873880284172,
                0.08465324543099083
            ],
            [
                8.755822777748108,
                9.743964845349078
            ],
            [
                15.695832456861224,
                8.514742016792297
            ],
            [
                0.07112119910578227,
                0.31732647025224
            ],
            [
                0.0,
                0.18284865344476842
            ],
            [
                0.0,
                0.57277371076634
            ],
            [
                0.0,
                5.708799303071535
            ]
        ],
        [
            [
                0.036787949595480554,
                0.4741190721227579
            ],
            [
                0.0,
                0.6783863943724684
            ],
            [
                0.0,
                0.716281024942189
            ],
            [
                11.03030268110412,
                0.9493607886070188
            ],
            [
                0.0,
                1.1649643079987995
            ],
            [
                0.0,
                1.322001465290628
            ],
            [
                0.0,
                0.9898267323086054
            ],
            [
                0.00626388408387465,
                1.0412260877720632
            ],
            [
                0.015124665918522923,
                0.7405200875038149
            ],
            [
                1.0073237498505556,
                0.7730167800636447
            ]
        ]
    ],
    "mean_hatch_overstowage": [
        0.0,
        0.0,
        0.0
    ],
    "mean_ci": [
        135.25017112493515,
        107.70592823624611,
        48.539158112996695
    ],
    "mean_demand": [
        541.0006844997406,
        430.82371294498444,
        194.15663245198678
    ],
    "mean_revenue": [
        979.9289702496957,
        102.9943373900001,
        19.8631905335777
    ],
    "mean_cost": [
        0.0,
        0.0,
        0.0
    ]
}