{
    "seed": 318,
    "ports": 4,
    "scenarios": 28,
    "obj": 1006.7217236523616,
    "time": 8344.360768079758,
    "gap": 0.0,
    "mean_load_per_port": [
        594.7830319404602,
        29.15677470972447,
        21.144742484630083
    ],
    "mean_load_per_location": [
        [
            [
                50.0,
                39.3373327255249
            ],
            [
                20.766727566719055,
                38.591697692871094
            ],
            [
                45.025803565979004,
                44.3115291595459
            ],
            [
                30.767391800880432,
                28.591033458709717
            ],
            [
                25.0,
                43.38488006591797
            ],
            [
                25.0,
                30.85433055957161
            ],
            [
                29.032474517822266,
                34.891197204589844
            ],
            [
                32.23591456810631,
                12.068290253480303
            ],
            [
                25.0,
                4.243436336517334
            ],
            [
                32.09699773788452,
                3.5839947263399488
            ]
        ],
        [
            [
                0.6413581968603811,
                0.3570629537432121
            ],
            [
                0.0,
                0.7814036947510103
            ],
            [
                3.0,
                0.11220003323958287
            ],
            [
                11.60983157157898,
                3.4688189659405113
            ],
            [
                0.0,
                0.14690288373452348
            ],
            [
                1.0,
                1.218331455163095
            ],
            [
                0.0,
                1.1944073762314489
            ],
            [
                1.0,
                1.3410245520849968
            ],
            [
                1.0,
                1.1193585932480723
            ],
            [
                1.0,
                0.1660744331486577
            ]
        ],
        [
            [
                2.0249715329616427,
                0.6951294281573787
            ],
            [
                0.0,
                0.8318790313798089
            ],
            [
                3.003564602070033,
                1.1521478001198542
            ],
            [
                1.3376060450040996,
                1.272710053099409
            ],
            [
                1.0,
                1.1726602371178918
            ],
            [
                0.0,
                1.2230515459976319
            ],
            [
                0.00030842572308379686,
                0.9325209090318136
            ],
            [
                1.012991547380798,
                0.661798385777252
            ],
            [
                1.6659384589321318,
                0.6546323206258057
            ],
            [
                2.023943282792484,
                0.4788888784589476
            ]
        ]
    ],
    "mean_hatch_overstowage": [
        0.0,
        0.0,
        0.0
    ],
    "mean_ci": [
        148.69575798511505,
        103.90415181645325,
        48.38112829979129
    ],
    "mean_demand": [
        594.7830319404602,
        415.616607265813,
        193.52451319916517
    ],
    "mean_revenue": [
        958.7051447166023,
        40.11017968779317,
        20.057556844808417
    ],
    "mean_cost": [
        0.0,
        0.0,
        0.0
    ]
}