{
    "seed": 195,
    "ports": 4,
    "scenarios": 28,
    "obj": 1588.6072039094395,
    "time": 39.9712610244751,
    "gap": 0.0,
    "mean_load_per_port": [
        551.0902998447418,
        462.6145935457675,
        220.17277832918228
    ],
    "mean_load_per_location": [
        [
            [
                12.633877243701956,
                0.0
            ],
            [
                3.775783061981201,
                25.589715003967285
            ],
            [
                23.817910313606262,
                45.37552034854889
            ],
            [
                21.924929440021515,
                46.65421485900879
            ],
            [
                44.19343066215515,
                25.0
            ],
            [
                29.828609943389893,
                38.75053435564041
            ],
            [
                25.0,
                44.19343066215515
            ],
            [
                18.579144299030304,
                50.0
            ],
            [
                5.128875970840454,
                20.01029286175535
            ],
            [
                45.63403081893921,
                25.0
            ]
        ],
        [
            [
                22.15088203928607,
                19.487653033823555
            ],
            [
                16.477192267574214,
                27.791065917342785
            ],
            [
                22.774427542813793,
                27.840420475057865
            ],
            [
                22.706382411211905,
                24.63201836434116
            ],
            [
                17.721044603058512,
                32.81215606409438
            ],
            [
                21.205630289124592,
                26.981874906123014
            ],
            [
                22.735047684725437,
                27.843672284438163
            ],
            [
                25.56453117525843,
                19.657893188698928
            ],
            [
                16.078558984651636,
                20.4878866400987
            ],
            [
                19.866677179785118,
                27.79957849425929
            ]
        ],
        [
            [
                15.204264574716905,
                12.589716291117286
            ],
            [
                9.125643899327768,
                9.062569205583726
            ],
            [
                11.781435516430946,
                12.605904991800736
            ],
            [
                12.434607961741076,
                9.449680415971502
            ],
            [
                6.989081595156018,
                17.70545803186242
            ],
            [
                8.945962867769547,
                11.572890008720567
            ],
            [
                8.174117030609594,
                11.216255406785995
            ],
            [
                10.047922676158121,
                10.763170713063644
            ],
            [
                6.583222502915625,
                8.075752511745337
            ],
            [
                17.016461300798532,
                10.828660826906857
            ]
        ]
    ],
    "mean_hatch_overstowage": [
        0.0,
        0.0,
        0.0
    ],
    "mean_ci": [
        137.77257496118546,
        101.59781106454986,
        47.34763792503093
    ],
    "mean_demand": [
        551.0902998447418,
        406.39124425819944,
        189.39055170012372
    ],
    "mean_revenue": [
        903.1737924634738,
        590.4655067996991,
        197.2599114814001
    ],
    "mean_cost": [
        0.0,
        0.0,
        0.0
    ]
}