{
    "seed": 57,
    "ports": 4,
    "scenarios": 28,
    "obj": 998.3516993857256,
    "time": 8527.625217914581,
    "gap": 0.0,
    "mean_load_per_port": [
        534.9927591085434,
        49.12180192859806,
        20.97248371335522
    ],
    "mean_load_per_location": [
        [
            [
                28.079695492982864,
                25.0
            ],
            [
                24.880480647087097,
                27.043742299079895
            ],
            [
                38.705549240112305,
                26.916624546051025
            ],
            [
                50.0,
                18.12601599097252
            ],
            [
                7.676011145114899,
                9.83037281036377
            ],
            [
                11.237887382507324,
                0.0
            ],
            [
                50.0,
                50.0
            ],
            [
                12.252582401037216,
                21.495607376098633
            ],
            [
                50.0,
                41.034289598464966
            ],
            [
                25.034248918294907,
                17.679651260375977
            ]
        ],
        [
            [
                0.0,
                0.25848251297158525
            ],
            [
                0.0,
                0.15703755319326432
            ],
            [
                0.0,
                0.26157567130710085
            ],
            [
                27.600109934806824,
                0.2772939747569535
            ],
            [
                0.0,
                0.08480208899293651
            ],
            [
                0.0,
                18.305732352393015
            ],
            [
                0.0,
                0.824330079466027
            ],
            [
                0.0,
                0.7685222625732422
            ],
            [
                0.0,
                0.22464116115626181
            ],
            [
                0.01143399232027736,
                0.34784034466057595
            ]
        ],
        [
            [
                0.00947163582912243,
                0.6010852487942729
            ],
            [
                0.01137086216514492,
                0.579386994269597
            ],
            [
                0.0018007211404519313,
                0.6655994322963512
            ],
            [
                10.696969364327698,
                0.9858584235459895
            ],
            [
                0.0,
                1.1294862125564014
            ],
            [
                0.0,
                1.2223447131974474
            ],
            [
                0.0,
                1.3078192536033106
            ],
            [
                1.0,
                1.016227039351468
            ],
            [
                0.026092856356571794,
                0.7834580916028193
            ],
            [
                0.3371122497839615,
                0.5984006145347083
            ]
        ]
    ],
    "mean_hatch_overstowage": [
        0.0,
        0.0,
        0.0
    ],
    "mean_ci": [
        133.74818977713585,
        106.27527375625712,
        48.57017771804667
    ],
    "mean_demand": [
        534.9927591085434,
        425.1010950250285,
        194.2807108721867
    ],
    "mean_revenue": [
        948.6422445505958,
        66.0099301209336,
        19.81609140031044
    ],
    "mean_cost": [
        0.0,
        0.0,
        0.0
    ]
}