{
    "seed": 273,
    "ports": 4,
    "scenarios": 28,
    "obj": 1056.6085035988262,
    "time": 8358.243155956268,
    "gap": 0.0,
    "mean_load_per_port": [
        622.7411106824875,
        59.756744786305056,
        21.175300625634073
    ],
    "mean_load_per_location": [
        [
            [
                25.0,
                38.65325927734375
            ],
            [
                45.9498173892498,
                46.08220100402832
            ],
            [
                2.8144149780273438,
                31.91600465774536
            ],
            [
                5.221548197895789,
                26.958733081817627
            ],
            [
                29.03658067828517,
                33.234893798828125
            ],
            [
                50.0,
                43.41380319350858
            ],
            [
                4.918442487716675,
                50.0
            ],
            [
                19.393269062042236,
                46.88325309753418
            ],
            [
                50.0,
                18.694488525390625
            ],
            [
                29.570401253073907,
                25.0
            ]
        ],
        [
            [
                1.0,
                0.038345508233819034
            ],
            [
                0.04866382128480345,
                0.08349742651847622
            ],
            [
                1.0,
                2.1512475393782564
            ],
            [
                25.25542825460434,
                0.33107858033027665
            ],
            [
                3.0,
                5.44284569331248
            ],
            [
                0.0,
                17.173472004494194
            ],
            [
                0.0,
                0.2358048695311912
            ],
            [
                1.0,
                0.41851992558319545
            ],
            [
                1.0465194519865448,
                0.3071651377129884
            ],
            [
                0.0,
                1.2241565733344884
            ]
        ],
        [
            [
                0.0013457678299661105,
                0.6282921111449924
            ],
            [
                0.02611796500275894,
                0.6507000656960935
            ],
            [
                0.004624539457794025,
                0.8323461557160309
            ],
            [
                9.905067867601486,
                1.1863353465100126
            ],
            [
                0.0,
                0.9379831446976654
            ],
            [
                0.0,
                1.677721808602736
            ],
            [
                0.0035346387811580585,
                0.9162288667229067
            ],
            [
                0.0037065369995879687,
                0.8775092812951337
            ],
            [
                2.0199083032049225,
                0.6626875440907216
            ],
            [
                0.14028072846534181,
                0.7009099538145577
            ]
        ]
    ],
    "mean_hatch_overstowage": [
        0.0,
        0.0,
        0.0
    ],
    "mean_ci": [
        155.68527767062187,
        104.66417653858662,
        48.24964116331266
    ],
    "mean_demand": [
        622.7411106824875,
        418.65670615434647,
        192.99856465325064
    ],
    "mean_revenue": [
        999.9788008464544,
        79.81862726556794,
        19.964024397572338
    ],
    "mean_cost": [
        0.0,
        0.0,
        0.0
    ]
}