{
    "seed": 87,
    "ports": 4,
    "scenarios": 28,
    "obj": 1567.5338921716352,
    "time": 38.45928907394409,
    "gap": 0.0,
    "mean_load_per_port": [
        546.1088416576385,
        466.46891768235866,
        221.78130275656164
    ],
    "mean_load_per_location": [
        [
            [
                5.041696548461914,
                30.635088557616623
            ],
            [
                40.66303062438965,
                25.0
            ],
            [
                31.265371322631836,
                30.37145233154297
            ],
            [
                26.10839605331421,
                48.781990706920624
            ],
            [
                1.5754327774047852,
                0.0
            ],
            [
                50.0,
                13.065299034118652
            ],
            [
                25.368734595485403,
                36.15847581892423
            ],
            [
                50.0,
                25.0
            ],
            [
                25.0,
                36.52721041440964
            ],
            [
                10.543943768128003,
                35.00271910429001
            ]
        ],
        [
            [
                26.218699376962565,
                24.050633114310163
            ],
            [
                22.707861198717545,
                19.54460164282356
            ],
            [
                20.573937234841473,
                30.86101340427499
            ],
            [
                23.35791630607279,
                25.574939335328995
            ],
            [
                25.820996250818087,
                26.328424096318408
            ],
            [
                23.32535598050803,
                21.968934522662376
            ],
            [
                19.81364736107214,
                29.90632908246218
            ],
            [
                21.72964981943369,
                19.553459453010426
            ],
            [
                13.752043078871328,
                21.063922954801786
            ],
            [
                24.570276779787882,
                25.746276689280272
            ]
        ],
        [
            [
                16.68529331071417,
                11.669580762760885
            ],
            [
                8.143315152410496,
                9.364480033646833
            ],
            [
                13.519281166620612,
                12.58041615686012
            ],
            [
                10.852270924914427,
                10.436888908193614
            ],
            [
                7.201906396859413,
                17.80078096120298
            ],
            [
                9.634618264594032,
                11.035142119637861
            ],
            [
                8.778672058461256,
                11.53469177272255
            ],
            [
                9.311127261414057,
                11.443589873196727
            ],
            [
                6.913832113298122,
                8.51290385655455
            ],
            [
                15.5370515731675,
                10.825460089331498
            ]
        ]
    ],
    "mean_hatch_overstowage": [
        0.0,
        0.0,
        0.0
    ],
    "mean_ci": [
        136.52721041440964,
        101.42977739657674,
        48.33416929989293
    ],
    "mean_demand": [
        546.1088416576385,
        405.71910958630696,
        193.3366771995717
    ],
    "mean_revenue": [
        873.6381556236765,
        603.7881082553171,
        198.48428171288037
    ],
    "mean_cost": [
        0.0,
        0.0,
        0.0
    ]
}