{
    "seed": 178,
    "ports": 4,
    "scenarios": 28,
    "obj": 1577.9438306176323,
    "time": 38.30075716972351,
    "gap": 0.0,
    "mean_load_per_port": [
        497.03199446201324,
        495.8848384837402,
        219.72768890896722
    ],
    "mean_load_per_location": [
        [
            [
                0.0,
                25.0
            ],
            [
                32.26594924926758,
                19.607749819755554
            ],
            [
                4.848028182983398,
                43.32538986206055
            ],
            [
                34.46413064002991,
                22.254577159881592
            ],
            [
                50.0,
                17.539290815591812
            ],
            [
                28.974058151245117,
                27.744649648666382
            ],
            [
                38.4253466129303,
                24.910392850637436
            ],
            [
                25.0,
                27.28870391845703
            ],
            [
                23.128836631774902,
                0.0
            ],
            [
                27.25489091873169,
                25.0
            ]
        ],
        [
            [
                22.639644524440254,
                21.603301557995337
            ],
            [
                17.80148257610307,
                31.329993372759528
            ],
            [
                24.106421987803564,
                32.91747436609757
            ],
            [
                19.90142529542751,
                27.237852337511892
            ],
            [
                25.27745255299487,
                32.50161059871273
            ],
            [
                20.99515184589837,
                22.179302423660243
            ],
            [
                21.202727243739215,
                26.045411773563767
            ],
            [
                21.306044092264717,
                24.72640062563953
            ],
            [
                25.465988049492786,
                26.285446898516902
            ],
            [
                28.26696477345815,
                24.094741587660142
            ]
        ],
        [
            [
                16.08426851783932,
                11.823946608579686
            ],
            [
                8.299353692789548,
                9.532149570673287
            ],
            [
                12.975185747104433,
                12.320841162341178
            ],
            [
                11.738484688626327,
                9.284283721206087
            ],
            [
                7.041466221539742,
                17.306510148475176
            ],
            [
                10.277007467531194,
                10.69423123804796
            ],
            [
                8.16314895569547,
                11.494141049214104
            ],
            [
                10.162742264169882,
                10.598625762410398
            ],
            [
                6.5293473458215505,
                8.964220701681212
            ],
            [
                15.932888002437165,
                10.504846042783482
            ]
        ]
    ],
    "mean_hatch_overstowage": [
        0.0,
        0.0,
        0.0
    ],
    "mean_ci": [
        124.25799861550331,
        106.37203267110246,
        48.12089485321574
    ],
    "mean_demand": [
        497.03199446201324,
        425.48813068440984,
        192.48357941286295
    ],
    "mean_revenue": [
        860.6729431820393,
        639.8675478173651,
        196.5038974859221
    ],
    "mean_cost": [
        0.0,
        0.0,
        0.0
    ]
}