{
    "seed": 48,
    "ports": 4,
    "scenarios": 28,
    "obj": 1046.6571854688887,
    "time": 8343.082473993301,
    "gap": 0.0,
    "mean_load_per_port": [
        591.0614429712296,
        94.84174683191857,
        20.92992907962142
    ],
    "mean_load_per_location": [
        [
            [
                31.38612261414528,
                25.0
            ],
            [
                50.0,
                41.37923812866211
            ],
            [
                3.2851708382368088,
                11.087210774421692
            ],
            [
                49.166218757629395,
                32.93612718582153
            ],
            [
                32.766929149627686,
                27.079622194170952
            ],
            [
                28.520222425460815,
                46.31593561172485
            ],
            [
                0.0,
                25.0
            ],
            [
                0.0,
                49.64732360839844
            ],
            [
                25.0,
                41.02530479431152
            ],
            [
                26.388807892799377,
                45.07720899581909
            ]
        ],
        [
            [
                0.0,
                3.5742044603977234
            ],
            [
                2.0,
                2.7858326918952394
            ],
            [
                4.071195363998413,
                1.111010020429439
            ],
            [
                24.578655004501343,
                0.0
            ],
            [
                0.0,
                10.958686256387269
            ],
            [
                18.990191742635908,
                13.190998200276335
            ],
            [
                2.3465614318847656,
                0.47693346134818854
            ],
            [
                0.0,
                0.92995034177582
            ],
            [
                1.0,
                1.0247911506020275
            ],
            [
                0.07142857142857142,
                7.731308134357527
            ]
        ],
        [
            [
                1.6587741527628923,
                0.5198673974613403
            ],
            [
                3.0,
                0.6060658148251087
            ],
            [
                1.0,
                0.809973785358362
            ],
            [
                1.0,
                1.0368994706712766
            ],
            [
                0.0,
                1.2558112799651893
            ],
            [
                1.0,
                0.9510542968199913
            ],
            [
                2.0,
                1.0966095259855788
            ],
            [
                0.008229698399816894,
                0.9690341248410712
            ],
            [
                0.3641574623377164,
                0.8691192317916119
            ],
            [
                2.037041799657116,
                0.7472910387443255
            ]
        ]
    ],
    "mean_hatch_overstowage": [
        0.0,
        0.0,
        0.0
    ],
    "mean_ci": [
        147.7653607428074,
        110.78418252191373,
        48.3145176032368
    ],
    "mean_demand": [
        591.0614429712296,
        443.13673008765494,
        193.2580704129472
    ],
    "mean_revenue": [
        984.1889941473232,
        123.9823182817621,
        19.86119626703244
    ],
    "mean_cost": [
        0.0,
        0.0,
        0.0
    ]
}