{
    "seed": 48,
    "ports": 4,
    "scenarios": 28,
    "obj": 1722.9609723262884,
    "time": 38.92417502403259,
    "gap": 0.0,
    "mean_load_per_port": [
        591.0614429712296,
        484.7752995959298,
        219.48097590754733
    ],
    "mean_load_per_location": [
        [
            [
                6.59120985865593,
                32.766929149627686
            ],
            [
                41.02530479431152,
                25.0
            ],
            [
                34.00241136550903,
                36.09740412235259
            ],
            [
                39.088547706604004,
                23.27251420915129
            ],
            [
                34.15207481384277,
                50.0
            ],
            [
                25.0,
                38.613285928964615
            ],
            [
                33.89619159698486,
                34.471351608634016
            ],
            [
                41.37923812866211,
                25.0
            ],
            [
                28.22478413581848,
                0.0
            ],
            [
                42.48019555211063,
                0.0
            ]
        ],
        [
            [
                25.705518457288797,
                24.63841478363389
            ],
            [
                27.86334827851177,
                23.892011712861557
            ],
            [
                18.88411700461724,
                27.23031092009374
            ],
            [
                23.30813797474148,
                29.355744770595006
            ],
            [
                22.1740047732989,
                21.339584452001883
            ],
            [
                22.978115268862034,
                24.555160769315453
            ],
            [
                20.93219165397542,
                30.465186664076505
            ],
            [
                26.683614067693124,
                24.192973072781708
            ],
            [
                14.145201738391604,
                21.415162504704686
            ],
            [
                27.19063410012816,
                27.82586662835686
            ]
        ],
        [
            [
                16.622450830552694,
                11.367238739884268
            ],
            [
                8.522635645610954,
                9.86406371233051
            ],
            [
                13.95519889561797,
                11.871655767732793
            ],
            [
                11.569811280680128,
                9.91586065020528
            ],
            [
                7.587566457592763,
                15.981489304050903
            ],
            [
                9.329451567939904,
                10.882293999057794
            ],
            [
                8.759599393811643,
                10.425772302282908
            ],
            [
                9.553442905246325,
                10.911656502880856
            ],
            [
                7.069447989239523,
                9.131548630971814
            ],
            [
                15.114258001743428,
                11.04553333011485
            ]
        ]
    ],
    "mean_hatch_overstowage": [
        0.0,
        0.0,
        0.0
    ],
    "mean_ci": [
        147.7653607428074,
        110.78418251339879,
        48.314517602058395
    ],
    "mean_demand": [
        591.0614429712296,
        443.13673005359516,
        193.25807040823358
    ],
    "mean_revenue": [
        984.188994147323,
        621.7709858398156,
        196.12804306058692
    ],
    "mean_cost": [
        0.0,
        0.0,
        0.0
    ]
}