{
    "Objective": {
        "n": 30,
        "mean": 1177.1587729725886,
        "std": 150.19171174818572,
        "95% CI": [
            1123.4133591690559,
            1230.9041867761214
        ],
        "min": 895.8416084340377,
        "max": 1519.3439256378294
    },
    "Time": {
        "n": 30,
        "mean": 0.2839724620183309,
        "std": 0.018921028684324673,
        "95% CI": [
            0.27720165886021436,
            0.2907432651764474
        ],
        "min": 0.26178503036499023,
        "max": 0.32958006858825684
    },
    "Load": {
        "n": 30,
        "mean": 784.9651896521717,
        "std": 96.36742974220756,
        "95% CI": [
            750.4805478008188,
            819.4498315035246
        ],
        "min": 633.9957072315557,
        "max": 960.2038086902935
    },
    "Demand": {
        "n": 30,
        "mean": 1210.0370105460286,
        "std": 94.54809308827511,
        "95% CI": [
            1176.203409955045,
            1243.8706111370122
        ],
        "min": 1043.0078839734197,
        "max": 1375.8177671954036
    },
    "Revenue": {
        "n": 30,
        "mean": 1248.3370449355723,
        "std": 163.60422338807092,
        "95% CI": [
            1189.7920254824353,
            1306.8820643887093
        ],
        "min": 981.1592393609252,
        "max": 1594.0175826147822
    },
    "Cost": {
        "n": 30,
        "mean": 0.0,
        "std": 0.0,
        "95% CI": [
            0.0,
            0.0
        ],
        "min": 0.0,
        "max": 0.0
    }
}