{
    "Objective": {
        "n": 30,
        "mean": 1067.3399672985938,
        "std": 153.09921673028634,
        "95% CI": [
            1012.5541161994211,
            1122.1258183977666
        ],
        "min": 764.769671813574,
        "max": 1398.4454806480637
    },
    "Time": {
        "n": 30,
        "mean": 72.70092386404673,
        "std": 3.4168511353103765,
        "95% CI": [
            71.47821938831493,
            73.92362833977853
        ],
        "min": 68.29795098304749,
        "max": 78.71970081329346
    },
    "Load": {
        "n": 30,
        "mean": 682.5616116988406,
        "std": 91.2060226364159,
        "95% CI": [
            649.9239556596899,
            715.1992677379912
        ],
        "min": 533.4855508024023,
        "max": 870.3838982010203
    },
    "Demand": {
        "n": 30,
        "mean": 1203.8249364889537,
        "std": 87.57127871479359,
        "95% CI": [
            1172.4879568577328,
            1235.1619161201745
        ],
        "min": 1054.5861111595295,
        "max": 1382.6769499089569
    },
    "Revenue": {
        "n": 30,
        "mean": 1122.1899347892454,
        "std": 160.16701086711632,
        "95% CI": [
            1064.874906040117,
            1179.5049635383739
        ],
        "min": 808.9576803521879,
        "max": 1510.1538289774546
    },
    "Cost": {
        "n": 30,
        "mean": 0.0,
        "std": 0.0,
        "95% CI": [
            0.0,
            0.0
        ],
        "min": 0.0,
        "max": 0.0
    }
}