{
    "Objective": {
        "n": 30,
        "mean": 1053.027952301681,
        "std": 151.37056921122053,
        "95% CI": [
            998.860689772751,
            1107.1952148306107
        ],
        "min": 759.6461543055307,
        "max": 1378.385458261559
    },
    "Time": {
        "n": 30,
        "mean": 6981.655420923233,
        "std": 40.851978783075346,
        "95% CI": [
            6967.036728061734,
            6996.2741137847315
        ],
        "min": 6926.050506830215,
        "max": 7046.774948120117
    },
    "Load": {
        "n": 30,
        "mean": 657.1901142496898,
        "std": 88.80321123309706,
        "95% CI": [
            625.4122932284644,
            688.9679352709153
        ],
        "min": 516.0876072612763,
        "max": 851.6826917821409
    },
    "Demand": {
        "n": 30,
        "mean": 1198.3784851922317,
        "std": 84.33163647867212,
        "95% CI": [
            1168.200796646578,
            1228.5561737378853
        ],
        "min": 1065.8738932953197,
        "max": 1366.3085033359882
    },
    "Revenue": {
        "n": 30,
        "mean": 1090.3829881314873,
        "std": 155.68118584043174,
        "95% CI": [
            1034.6731912523678,
            1146.0927850106068
        ],
        "min": 802.7230613839238,
        "max": 1395.9126678560515
    },
    "Cost": {
        "n": 30,
        "mean": 0.0,
        "std": 0.0,
        "95% CI": [
            0.0,
            0.0
        ],
        "min": 0.0,
        "max": 0.0
    }
}