{
    "Objective": {
        "n": 30,
        "mean": 1023.0362823888706,
        "std": 122.30756416632478,
        "95% CI": [
            979.269082648565,
            1066.8034821291762
        ],
        "min": 842.336244339082,
        "max": 1357.9744258808796
    },
    "Time": {
        "n": 30,
        "mean": 8434.935141762098,
        "std": 152.7552659518988,
        "95% CI": [
            8380.272371868256,
            8489.597911655941
        ],
        "min": 8239.3994410038,
        "max": 8800.620146989822
    },
    "Load": {
        "n": 30,
        "mean": 650.6699178460395,
        "std": 81.16309262498203,
        "95% CI": [
            621.6260781565514,
            679.7137575355276
        ],
        "min": 496.4943217418856,
        "max": 838.7627352907386
    },
    "Demand": {
        "n": 30,
        "mean": 1183.9234750856654,
        "std": 78.58227609859583,
        "95% CI": [
            1155.8031687293228,
            1212.043781442008
        ],
        "min": 1046.0859526490071,
        "max": 1407.0481202074761
    },
    "Revenue": {
        "n": 30,
        "mean": 1067.0763156656676,
        "std": 127.69744253057897,
        "95% CI": [
            1021.3803727233187,
            1112.7722586080165
        ],
        "min": 885.806559182033,
        "max": 1396.0260282517972
    },
    "Cost": {
        "n": 30,
        "mean": 0.0,
        "std": 0.0,
        "95% CI": [
            0.0,
            0.0
        ],
        "min": 0.0,
        "max": 0.0
    }
}