{
    "Objective": {
        "n": 30,
        "mean": 1101.8141114961068,
        "std": 151.3759292418002,
        "95% CI": [
            1047.6449309048674,
            1155.9832920873462
        ],
        "min": 801.2578007394947,
        "max": 1429.8505068437516
    },
    "Time": {
        "n": 30,
        "mean": 1.5867414712905883,
        "std": 0.06622348240993632,
        "95% CI": [
            1.563043702457642,
            1.6104392401235346
        ],
        "min": 1.5045340061187744,
        "max": 1.773561954498291
    },
    "Load": {
        "n": 30,
        "mean": 705.1342464092102,
        "std": 91.42566552401479,
        "95% CI": [
            672.417992172159,
            737.8505006462614
        ],
        "min": 574.4663275252464,
        "max": 868.4672889506838
    },
    "Demand": {
        "n": 30,
        "mean": 1206.6250448587662,
        "std": 87.14650994129738,
        "95% CI": [
            1175.4400667810044,
            1237.810022936528
        ],
        "min": 1063.8246791549027,
        "max": 1364.6354858875275
    },
    "Revenue": {
        "n": 30,
        "mean": 1153.2644133152305,
        "std": 157.94173185314762,
        "95% CI": [
            1096.745690434395,
            1209.783136196066
        ],
        "min": 871.0718690216817,
        "max": 1512.464093651631
    },
    "Cost": {
        "n": 30,
        "mean": 0.0,
        "std": 0.0,
        "95% CI": [
            0.0,
            0.0
        ],
        "min": 0.0,
        "max": 0.0
    }
}