{
    "Objective": {
        "n": 30,
        "mean": 1078.134481378643,
        "std": 153.7591530165197,
        "95% CI": [
            1023.1124751123525,
            1133.1564876449333
        ],
        "min": 767.4384915494968,
        "max": 1404.1461596303234
    },
    "Time": {
        "n": 30,
        "mean": 10.786477629343668,
        "std": 0.44165466973747797,
        "95% CI": [
            10.62843353551843,
            10.944521723168906
        ],
        "min": 10.181894779205322,
        "max": 11.711818933486938
    },
    "Load": {
        "n": 30,
        "mean": 694.5490633341759,
        "std": 89.46607762812069,
        "95% CI": [
            662.5340386198683,
            726.5640880484835
        ],
        "min": 541.9781473070448,
        "max": 865.556067402569
    },
    "Demand": {
        "n": 30,
        "mean": 1203.274488765194,
        "std": 87.29360303923545,
        "95% CI": [
            1172.0368740983401,
            1234.512103432048
        ],
        "min": 1062.66680413319,
        "max": 1361.1717576119636
    },
    "Revenue": {
        "n": 30,
        "mean": 1141.0927732408986,
        "std": 160.43321203259273,
        "95% CI": [
            1083.6824856281019,
            1198.5030608536954
        ],
        "min": 822.3873752134409,
        "max": 1494.4757057244587
    },
    "Cost": {
        "n": 30,
        "mean": 0.0,
        "std": 0.0,
        "95% CI": [
            0.0,
            0.0
        ],
        "min": 0.0,
        "max": 0.0
    }
}