{
    "Objective": {
        "n": 30,
        "mean": 1054.7908433387995,
        "std": 151.53525873185686,
        "95% CI": [
            1000.564647421784,
            1109.017039255815
        ],
        "min": 759.9936430664649,
        "max": 1378.38545826152
    },
    "Time": {
        "n": 30,
        "mean": 2548.0903804540635,
        "std": 48.02982764849431,
        "95% CI": [
            2530.903127363769,
            2565.277633544358
        ],
        "min": 2483.0179669857025,
        "max": 2635.8438460826874
    },
    "Load": {
        "n": 30,
        "mean": 662.6776808684542,
        "std": 87.97652904163452,
        "95% CI": [
            631.195684270208,
            694.1596774667005
        ],
        "min": 519.8583208891182,
        "max": 848.8535529212965
    },
    "Demand": {
        "n": 30,
        "mean": 1200.347317427321,
        "std": 84.60264585086044,
        "95% CI": [
            1170.0726494233247,
            1230.6219854313174
        ],
        "min": 1066.8545402501604,
        "max": 1370.4084772128197
    },
    "Revenue": {
        "n": 30,
        "mean": 1097.6368431912267,
        "std": 155.48318694874112,
        "95% CI": [
            1041.9978993055427,
            1153.2757870769108
        ],
        "min": 802.0823492730917,
        "max": 1399.5802367955787
    },
    "Cost": {
        "n": 30,
        "mean": 0.0,
        "std": 0.0,
        "95% CI": [
            0.0,
            0.0
        ],
        "min": 0.0,
        "max": 0.0
    }
}