{
    "Objective": {
        "n": 30,
        "mean": 1713.7288490329063,
        "std": 152.4163834377912,
        "95% CI": [
            1659.1873466893128,
            1768.2703513764998
        ],
        "min": 1429.0620603281668,
        "max": 2026.215750745152
    },
    "Time": {
        "n": 30,
        "mean": 40.74527473449707,
        "std": 1.0387444499109497,
        "95% CI": [
            40.37356480692005,
            41.116984662074096
        ],
        "min": 39.1283597946167,
        "max": 42.460983991622925
    },
    "Load": {
        "n": 30,
        "mean": 1283.845760226442,
        "std": 86.27283160959549,
        "95% CI": [
            1252.9734239244608,
            1314.7180965284233
        ],
        "min": 1150.503857376578,
        "max": 1456.4682105102252
    },
    "Demand": {
        "n": 30,
        "mean": 1198.3784851922317,
        "std": 84.33163647867212,
        "95% CI": [
            1168.200796646578,
            1228.5561737378853
        ],
        "min": 1065.8738932953197,
        "max": 1366.3085033359882
    },
    "Revenue": {
        "n": 30,
        "mean": 1816.8927153178552,
        "std": 155.9066281854941,
        "95% CI": [
            1761.102244931635,
            1872.6831857040754
        ],
        "min": 1531.0606756839188,
        "max": 2133.1141804298513
    },
    "Cost": {
        "n": 30,
        "mean": 0.0,
        "std": 0.0,
        "95% CI": [
            0.0,
            0.0
        ],
        "min": 0.0,
        "max": 0.0
    }
}