{
    "Objective": {
        "n": 30,
        "mean": 1720.4567333914804,
        "std": 156.9938684938561,
        "95% CI": [
            1664.2771990576118,
            1776.636267725349
        ],
        "min": 1455.0617713086726,
        "max": 2057.407348193611
    },
    "Time": {
        "n": 30,
        "mean": 2.2672016938527424,
        "std": 0.20841881893099587,
        "95% CI": [
            2.1926199773418427,
            2.341783410363642
        ],
        "min": 2.0673270225524902,
        "max": 2.9866578578948975
    },
    "Load": {
        "n": 30,
        "mean": 1293.4466500040444,
        "std": 89.39303404659529,
        "95% CI": [
            1261.4577635996945,
            1325.4355364083942
        ],
        "min": 1151.9700087450817,
        "max": 1464.9545465019773
    },
    "Demand": {
        "n": 30,
        "mean": 1203.274488765194,
        "std": 87.29360303923545,
        "95% CI": [
            1172.0368740983401,
            1234.512103432048
        ],
        "min": 1062.66680413319,
        "max": 1361.1717576119636
    },
    "Revenue": {
        "n": 30,
        "mean": 1828.2903700523445,
        "std": 160.66918752741876,
        "95% CI": [
            1770.7956396932118,
            1885.7851004114773
        ],
        "min": 1564.035917245583,
        "max": 2188.297585361527
    },
    "Cost": {
        "n": 30,
        "mean": 0.0,
        "std": 0.0,
        "95% CI": [
            0.0,
            0.0
        ],
        "min": 0.0,
        "max": 0.0
    }
}