{
    "Objective": {
        "n": 30,
        "mean": 1058.5215763281292,
        "std": 152.3368173120105,
        "95% CI": [
            1004.0085463569792,
            1113.0346062992792
        ],
        "min": 761.5313990555464,
        "max": 1379.2405143416515
    },
    "Time": {
        "n": 30,
        "mean": 363.5042410294215,
        "std": 11.482591346843773,
        "95% CI": [
            359.3952484872253,
            367.61323357161774
        ],
        "min": 351.51973009109497,
        "max": 391.28186297416687
    },
    "Load": {
        "n": 30,
        "mean": 666.5188520657524,
        "std": 88.9811276940714,
        "95% CI": [
            634.6773644566292,
            698.3603396748756
        ],
        "min": 525.8330414490476,
        "max": 848.6769067133665
    },
    "Demand": {
        "n": 30,
        "mean": 1200.2177590528825,
        "std": 85.57937429986366,
        "95% CI": [
            1169.5935732622231,
            1230.8419448435418
        ],
        "min": 1056.3556027838588,
        "max": 1378.1394735565782
    },
    "Revenue": {
        "n": 30,
        "mean": 1102.4028170808647,
        "std": 156.89797943728357,
        "95% CI": [
            1046.2575962052072,
            1158.5480379565222
        ],
        "min": 807.1185674469704,
        "max": 1399.773351163385
    },
    "Cost": {
        "n": 30,
        "mean": 0.0,
        "std": 0.0,
        "95% CI": [
            0.0,
            0.0
        ],
        "min": 0.0,
        "max": 0.0
    }
}