{
    "Objective": {
        "n": 30,
        "mean": 1726.942001732191,
        "std": 168.27846400063333,
        "95% CI": [
            1666.724326757552,
            1787.1596767068302
        ],
        "min": 1403.239361342059,
        "max": 2109.8442394406857
    },
    "Time": {
        "n": 30,
        "mean": 0.2890983899434408,
        "std": 0.049400071789828484,
        "95% CI": [
            0.2714208012844872,
            0.30677597860239436
        ],
        "min": 0.24447894096374512,
        "max": 0.5382339954376221
    },
    "Load": {
        "n": 30,
        "mean": 1304.3007773710167,
        "std": 98.22186012857571,
        "95% CI": [
            1269.152536128425,
            1339.4490186136084
        ],
        "min": 1136.9826572534312,
        "max": 1466.5245713363813
    },
    "Demand": {
        "n": 30,
        "mean": 1210.0370105460286,
        "std": 94.54809308827511,
        "95% CI": [
            1176.203409955045,
            1243.8706111370122
        ],
        "min": 1043.0078839734197,
        "max": 1375.8177671954036
    },
    "Revenue": {
        "n": 30,
        "mean": 1839.8220667335825,
        "std": 173.00615613168273,
        "95% CI": [
            1777.9126088572013,
            1901.7315246099636
        ],
        "min": 1539.4091285565898,
        "max": 2248.207564443827
    },
    "Cost": {
        "n": 30,
        "mean": 0.0,
        "std": 0.0,
        "95% CI": [
            0.0,
            0.0
        ],
        "min": 0.0,
        "max": 0.0
    }
}