{
    "Objective": {
        "n": 30,
        "mean": 1725.60778844685,
        "std": 157.2802326686066,
        "95% CI": [
            1669.325780009109,
            1781.889796884591
        ],
        "min": 1443.541174670097,
        "max": 2097.553232020788
    },
    "Time": {
        "n": 30,
        "mean": 1.0147096395492554,
        "std": 0.170135412476369,
        "95% CI": [
            0.95382746409667,
            1.0755918150018409
        ],
        "min": 0.901278018951416,
        "max": 1.81380295753479
    },
    "Load": {
        "n": 30,
        "mean": 1288.9628276161168,
        "std": 85.08327737153847,
        "95% CI": [
            1258.5161678313145,
            1319.409487400919
        ],
        "min": 1147.60179653435,
        "max": 1449.8931450166524
    },
    "Demand": {
        "n": 30,
        "mean": 1206.6250448587662,
        "std": 87.14650994129738,
        "95% CI": [
            1175.4400667810044,
            1237.810022936528
        ],
        "min": 1063.8246791549027,
        "max": 1364.6354858875275
    },
    "Revenue": {
        "n": 30,
        "mean": 1823.8999726942016,
        "std": 157.9911247081865,
        "95% CI": [
            1767.3635748071883,
            1880.4363705812148
        ],
        "min": 1538.2466573746858,
        "max": 2206.510430794661
    },
    "Cost": {
        "n": 30,
        "mean": 0.0,
        "std": 0.0,
        "95% CI": [
            0.0,
            0.0
        ],
        "min": 0.0,
        "max": 0.0
    }
}