{
    "Objective": {
        "n": 30,
        "mean": 1716.3955181974707,
        "std": 155.1505453285956,
        "95% CI": [
            1660.8756085868135,
            1771.9154278081278
        ],
        "min": 1433.7993517919183,
        "max": 2025.8075358011797
    },
    "Time": {
        "n": 30,
        "mean": 7.514058446884155,
        "std": 0.7615942213892556,
        "95% CI": [
            7.241525454866776,
            7.786591438901534
        ],
        "min": 6.936286926269531,
        "max": 9.983131885528564
    },
    "Load": {
        "n": 30,
        "mean": 1286.0085537548046,
        "std": 90.43607605201191,
        "95% CI": [
            1253.6464195623907,
            1318.3706879472184
        ],
        "min": 1144.1181277626645,
        "max": 1483.4463941716697
    },
    "Demand": {
        "n": 30,
        "mean": 1200.2177590528825,
        "std": 85.57937429986366,
        "95% CI": [
            1169.5935732622231,
            1230.8419448435418
        ],
        "min": 1056.3556027838588,
        "max": 1378.1394735565782
    },
    "Revenue": {
        "n": 30,
        "mean": 1818.330683960644,
        "std": 162.63571679502715,
        "95% CI": [
            1760.1322401408006,
            1876.5291277804872
        ],
        "min": 1538.6574048687842,
        "max": 2148.5387462671397
    },
    "Cost": {
        "n": 30,
        "mean": 0.0,
        "std": 0.0,
        "95% CI": [
            0.0,
            0.0
        ],
        "min": 0.0,
        "max": 0.0
    }
}