{
    "Objective": {
        "n": 30,
        "mean": 1721.3878515811343,
        "std": 158.00217709772903,
        "95% CI": [
            1664.8474986473175,
            1777.9282045149512
        ],
        "min": 1447.7809944483322,
        "max": 2046.875519611443
    },
    "Time": {
        "n": 30,
        "mean": 4.359431711832682,
        "std": 0.4245527303108547,
        "95% CI": [
            4.207507468434796,
            4.511355955230568
        ],
        "min": 4.007345914840698,
        "max": 6.10272479057312
    },
    "Load": {
        "n": 30,
        "mean": 1292.235975876011,
        "std": 92.44800262123775,
        "95% CI": [
            1259.153883007138,
            1325.3180687448842
        ],
        "min": 1148.6413989421562,
        "max": 1477.1158214668205
    },
    "Demand": {
        "n": 30,
        "mean": 1203.8249364889537,
        "std": 87.57127871479359,
        "95% CI": [
            1172.4879568577328,
            1235.1619161201745
        ],
        "min": 1054.5861111595295,
        "max": 1382.6769499089569
    },
    "Revenue": {
        "n": 30,
        "mean": 1828.1692608065582,
        "std": 163.20583562995512,
        "95% CI": [
            1769.766802581767,
            1886.5717190313494
        ],
        "min": 1541.7225879227085,
        "max": 2144.3190105808594
    },
    "Cost": {
        "n": 30,
        "mean": 0.0,
        "std": 0.0,
        "95% CI": [
            0.0,
            0.0
        ],
        "min": 0.0,
        "max": 0.0
    }
}