{
    "Objective": {
        "n": 30,
        "mean": 1680.509907876997,
        "std": 122.27656993420264,
        "95% CI": [
            1636.753799280214,
            1724.26601647378
        ],
        "min": 1513.2812790463345,
        "max": 2004.1683751010883
    },
    "Time": {
        "n": 30,
        "mean": 38.934019327163696,
        "std": 0.7494197928268006,
        "95% CI": [
            38.6658428984566,
            39.20219575587079
        ],
        "min": 37.54871988296509,
        "max": 40.420711040496826
    },
    "Load": {
        "n": 30,
        "mean": 1270.3898936031112,
        "std": 77.22472910108199,
        "95% CI": [
            1242.7553792008641,
            1298.0244080053583
        ],
        "min": 1138.0992115653821,
        "max": 1487.3704266599339
    },
    "Demand": {
        "n": 30,
        "mean": 1183.9234749902269,
        "std": 78.58227570947552,
        "95% CI": [
            1155.803168773129,
            1212.0437812073246
        ],
        "min": 1046.0859524638067,
        "max": 1407.0481165474166
    },
    "Revenue": {
        "n": 30,
        "mean": 1785.7531148923752,
        "std": 124.3449026354039,
        "95% CI": [
            1741.256862944035,
            1830.2493668407153
        ],
        "min": 1604.065795719629,
        "max": 2115.6574191733075
    },
    "Cost": {
        "n": 30,
        "mean": 0.0,
        "std": 0.0,
        "95% CI": [
            0.0,
            0.0
        ],
        "min": 0.0,
        "max": 0.0
    }
}