{
    "Objective": {
        "n": 30,
        "mean": 1715.7521663511989,
        "std": 154.1678097354105,
        "95% CI": [
            1660.583924156143,
            1770.9204085462547
        ],
        "min": 1430.6026997254285,
        "max": 2041.563170845676
    },
    "Time": {
        "n": 30,
        "mean": 13.044896467526753,
        "std": 1.8830650647249498,
        "95% CI": [
            12.37105028823623,
            13.718742646817276
        ],
        "min": 11.533200025558472,
        "max": 20.46867609024048
    },
    "Load": {
        "n": 30,
        "mean": 1287.721465412607,
        "std": 87.19188378191228,
        "95% CI": [
            1256.5202505145085,
            1318.9226803107053
        ],
        "min": 1139.362866540272,
        "max": 1462.2517652276877
    },
    "Demand": {
        "n": 30,
        "mean": 1200.347317427321,
        "std": 84.60264585086044,
        "95% CI": [
            1170.0726494233247,
            1230.6219854313174
        ],
        "min": 1066.8545402501604,
        "max": 1370.4084772128197
    },
    "Revenue": {
        "n": 30,
        "mean": 1820.3875832552114,
        "std": 158.55692694189554,
        "95% CI": [
            1763.6487156391586,
            1877.1264508712643
        ],
        "min": 1516.6115429669499,
        "max": 2162.601359753871
    },
    "Cost": {
        "n": 30,
        "mean": 0.0,
        "std": 0.0,
        "95% CI": [
            0.0,
            0.0
        ],
        "min": 0.0,
        "max": 0.0
    }
}